🚀 Démarrage du simulateur de capteurs IoT...
📡 Connexion au broker MQTT: mqtt://localhost:1883
✅ Connecté au broker MQTT
📊 Simulation de 3 capteur(s):
   - Capteur Rivière Nord (sensor-1) à [48.8566, 2.3522]
   - Capteur Rivière Sud (sensor-2) à [45.764, 4.8357]
   - Capteur Rivière Est (sensor-3) à [43.2965, 5.3698]
⏰ Envoi de données toutes les 5 secondes...

⚠️  Déconnecté du broker MQTT, tentative de reconnexion...
✅ Connecté au broker MQTT
📊 Simulation de 3 capteur(s):
   - Capteur Rivière Nord (sensor-1) à [48.8566, 2.3522]
   - Capteur Rivière Sud (sensor-2) à [45.764, 4.8357]
   - Capteur Rivière Est (sensor-3) à [43.2965, 5.3698]
⏰ Envoi de données toutes les 5 secondes...

⚠️  Déconnecté du broker MQTT, tentative de reconnexion...
✅ Connecté au broker MQTT
📊 Simulation de 3 capteur(s):
   - Capteur Rivière Nord (sensor-1) à [48.8566, 2.3522]
   - Capteur Rivière Sud (sensor-2) à [45.764, 4.8357]
   - Capteur Rivière Est (sensor-3) à [43.2965, 5.3698]
⏰ Envoi de données toutes les 5 secondes...

📤 Capteur Rivière Nord: pH=6.95, Temp=16.41°C, Turb=2.50NTU, Cond=847.59µS/cm
📤 Capteur Rivière Sud: pH=6.97, Temp=17.05°C, Turb=3.05NTU, Cond=1150.08µS/cm
📤 Capteur Rivière Est: pH=7.30, Temp=18.84°C, Turb=1.78NTU, Cond=1332.95µS/cm
⚠️  Déconnecté du broker MQTT, tentative de reconnexion...
✅ Connecté au broker MQTT
📊 Simulation de 3 capteur(s):
   - Capteur Rivière Nord (sensor-1) à [48.8566, 2.3522]
   - Capteur Rivière Sud (sensor-2) à [45.764, 4.8357]
   - Capteur Rivière Est (sensor-3) à [43.2965, 5.3698]
⏰ Envoi de données toutes les 5 secondes...

⚠️  Déconnecté du broker MQTT, tentative de reconnexion...
✅ Connecté au broker MQTT
📊 Simulation de 3 capteur(s):
   - Capteur Rivière Nord (sensor-1) à [48.8566, 2.3522]
   - Capteur Rivière Sud (sensor-2) à [45.764, 4.8357]
   - Capteur Rivière Est (sensor-3) à [43.2965, 5.3698]
⏰ Envoi de données toutes les 5 secondes...

⚠️  Déconnecté du broker MQTT, tentative de reconnexion...
✅ Connecté au broker MQTT
📊 Simulation de 3 capteur(s):
   - Capteur Rivière Nord (sensor-1) à [48.8566, 2.3522]
   - Capteur Rivière Sud (sensor-2) à [45.764, 4.8357]
   - Capteur Rivière Est (sensor-3) à [43.2965, 5.3698]
⏰ Envoi de données toutes les 5 secondes...

⚠️  Déconnecté du broker MQTT, tentative de reconnexion...
✅ Connecté au broker MQTT
📊 Simulation de 3 capteur(s):
   - Capteur Rivière Nord (sensor-1) à [48.8566, 2.3522]
   - Capteur Rivière Sud (sensor-2) à [45.764, 4.8357]
   - Capteur Rivière Est (sensor-3) à [43.2965, 5.3698]
⏰ Envoi de données toutes les 5 secondes...

⚠️  Déconnecté du broker MQTT, tentative de reconnexion...
✅ Connecté au broker MQTT
📊 Simulation de 3 capteur(s):
   - Capteur Rivière Nord (sensor-1) à [48.8566, 2.3522]
   - Capteur Rivière Sud (sensor-2) à [45.764, 4.8357]
   - Capteur Rivière Est (sensor-3) à [43.2965, 5.3698]
⏰ Envoi de données toutes les 5 secondes...

📤 Capteur Rivière Nord: pH=7.14, Temp=16.79°C, Turb=2.99NTU, Cond=767.31µS/cm
📤 Capteur Rivière Sud: pH=6.95, Temp=17.25°C, Turb=2.61NTU, Cond=1143.27µS/cm
📤 Capteur Rivière Est: pH=7.70, Temp=19.52°C, Turb=1.67NTU, Cond=1372.08µS/cm
⚠️  Déconnecté du broker MQTT, tentative de reconnexion...
✅ Connecté au broker MQTT
📊 Simulation de 3 capteur(s):
   - Capteur Rivière Nord (sensor-1) à [48.8566, 2.3522]
   - Capteur Rivière Sud (sensor-2) à [45.764, 4.8357]
   - Capteur Rivière Est (sensor-3) à [43.2965, 5.3698]
⏰ Envoi de données toutes les 5 secondes...

⚠️  Déconnecté du broker MQTT, tentative de reconnexion...
✅ Connecté au broker MQTT
📊 Simulation de 3 capteur(s):
   - Capteur Rivière Nord (sensor-1) à [48.8566, 2.3522]
   - Capteur Rivière Sud (sensor-2) à [45.764, 4.8357]
   - Capteur Rivière Est (sensor-3) à [43.2965, 5.3698]
⏰ Envoi de données toutes les 5 secondes...

⚠️  Déconnecté du broker MQTT, tentative de reconnexion...
✅ Connecté au broker MQTT
📊 Simulation de 3 capteur(s):
   - Capteur Rivière Nord (sensor-1) à [48.8566, 2.3522]
   - Capteur Rivière Sud (sensor-2) à [45.764, 4.8357]
   - Capteur Rivière Est (sensor-3) à [43.2965, 5.3698]
⏰ Envoi de données toutes les 5 secondes...

⚠️  Déconnecté du broker MQTT, tentative de reconnexion...
✅ Connecté au broker MQTT
📊 Simulation de 3 capteur(s):
   - Capteur Rivière Nord (sensor-1) à [48.8566, 2.3522]
   - Capteur Rivière Sud (sensor-2) à [45.764, 4.8357]
   - Capteur Rivière Est (sensor-3) à [43.2965, 5.3698]
⏰ Envoi de données toutes les 5 secondes...

⚠️  Déconnecté du broker MQTT, tentative de reconnexion...
✅ Connecté au broker MQTT
📊 Simulation de 3 capteur(s):
   - Capteur Rivière Nord (sensor-1) à [48.8566, 2.3522]
   - Capteur Rivière Sud (sensor-2) à [45.764, 4.8357]
   - Capteur Rivière Est (sensor-3) à [43.2965, 5.3698]
⏰ Envoi de données toutes les 5 secondes...

📤 Capteur Rivière Nord: pH=7.33, Temp=15.72°C, Turb=2.30NTU, Cond=675.65µS/cm
📤 Capteur Rivière Sud: pH=7.19, Temp=17.40°C, Turb=3.20NTU, Cond=1279.49µS/cm
📤 Capteur Rivière Est: pH=7.34, Temp=19.78°C, Turb=1.96NTU, Cond=1592.66µS/cm
⚠️  Déconnecté du broker MQTT, tentative de reconnexion...
✅ Connecté au broker MQTT
📊 Simulation de 3 capteur(s):
   - Capteur Rivière Nord (sensor-1) à [48.8566, 2.3522]
   - Capteur Rivière Sud (sensor-2) à [45.764, 4.8357]
   - Capteur Rivière Est (sensor-3) à [43.2965, 5.3698]
⏰ Envoi de données toutes les 5 secondes...

⚠️  Déconnecté du broker MQTT, tentative de reconnexion...
✅ Connecté au broker MQTT
📊 Simulation de 3 capteur(s):
   - Capteur Rivière Nord (sensor-1) à [48.8566, 2.3522]
   - Capteur Rivière Sud (sensor-2) à [45.764, 4.8357]
   - Capteur Rivière Est (sensor-3) à [43.2965, 5.3698]
⏰ Envoi de données toutes les 5 secondes...

⚠️  Déconnecté du broker MQTT, tentative de reconnexion...
✅ Connecté au broker MQTT
📊 Simulation de 3 capteur(s):
   - Capteur Rivière Nord (sensor-1) à [48.8566, 2.3522]
   - Capteur Rivière Sud (sensor-2) à [45.764, 4.8357]
   - Capteur Rivière Est (sensor-3) à [43.2965, 5.3698]
⏰ Envoi de données toutes les 5 secondes...

⚠️  Déconnecté du broker MQTT, tentative de reconnexion...
✅ Connecté au broker MQTT
📊 Simulation de 3 capteur(s):
   - Capteur Rivière Nord (sensor-1) à [48.8566, 2.3522]
   - Capteur Rivière Sud (sensor-2) à [45.764, 4.8357]
   - Capteur Rivière Est (sensor-3) à [43.2965, 5.3698]
⏰ Envoi de données toutes les 5 secondes...

⚠️  Déconnecté du broker MQTT, tentative de reconnexion...
✅ Connecté au broker MQTT
📊 Simulation de 3 capteur(s):
   - Capteur Rivière Nord (sensor-1) à [48.8566, 2.3522]
   - Capteur Rivière Sud (sensor-2) à [45.764, 4.8357]
   - Capteur Rivière Est (sensor-3) à [43.2965, 5.3698]
⏰ Envoi de données toutes les 5 secondes...

📤 Capteur Rivière Nord: pH=7.49, Temp=15.41°C, Turb=2.19NTU, Cond=942.78µS/cm
📤 Capteur Rivière Sud: pH=7.03, Temp=17.78°C, Turb=2.94NTU, Cond=1190.52µS/cm
📤 Capteur Rivière Est: pH=7.55, Temp=21.08°C, Turb=1.52NTU, Cond=1482.48µS/cm
⚠️  Déconnecté du broker MQTT, tentative de reconnexion...
✅ Connecté au broker MQTT
📊 Simulation de 3 capteur(s):
   - Capteur Rivière Nord (sensor-1) à [48.8566, 2.3522]
   - Capteur Rivière Sud (sensor-2) à [45.764, 4.8357]
   - Capteur Rivière Est (sensor-3) à [43.2965, 5.3698]
⏰ Envoi de données toutes les 5 secondes...

⚠️  Déconnecté du broker MQTT, tentative de reconnexion...
✅ Connecté au broker MQTT
📊 Simulation de 3 capteur(s):
   - Capteur Rivière Nord (sensor-1) à [48.8566, 2.3522]
   - Capteur Rivière Sud (sensor-2) à [45.764, 4.8357]
   - Capteur Rivière Est (sensor-3) à [43.2965, 5.3698]
⏰ Envoi de données toutes les 5 secondes...

⚠️  Déconnecté du broker MQTT, tentative de reconnexion...
✅ Connecté au broker MQTT
📊 Simulation de 3 capteur(s):
   - Capteur Rivière Nord (sensor-1) à [48.8566, 2.3522]
   - Capteur Rivière Sud (sensor-2) à [45.764, 4.8357]
   - Capteur Rivière Est (sensor-3) à [43.2965, 5.3698]
⏰ Envoi de données toutes les 5 secondes...

⚠️  Déconnecté du broker MQTT, tentative de reconnexion...
✅ Connecté au broker MQTT
📊 Simulation de 3 capteur(s):
   - Capteur Rivière Nord (sensor-1) à [48.8566, 2.3522]
   - Capteur Rivière Sud (sensor-2) à [45.764, 4.8357]
   - Capteur Rivière Est (sensor-3) à [43.2965, 5.3698]
⏰ Envoi de données toutes les 5 secondes...

⚠️  Déconnecté du broker MQTT, tentative de reconnexion...
✅ Connecté au broker MQTT
📊 Simulation de 3 capteur(s):
   - Capteur Rivière Nord (sensor-1) à [48.8566, 2.3522]
   - Capteur Rivière Sud (sensor-2) à [45.764, 4.8357]
   - Capteur Rivière Est (sensor-3) à [43.2965, 5.3698]
⏰ Envoi de données toutes les 5 secondes...

📤 Capteur Rivière Nord: pH=7.43, Temp=13.86°C, Turb=2.15NTU, Cond=952.84µS/cm
📤 Capteur Rivière Sud: pH=7.10, Temp=19.77°C, Turb=2.73NTU, Cond=1177.18µS/cm
📤 Capteur Rivière Est: pH=7.33, Temp=21.78°C, Turb=1.74NTU, Cond=1531.41µS/cm
⚠️  Déconnecté du broker MQTT, tentative de reconnexion...
✅ Connecté au broker MQTT
📊 Simulation de 3 capteur(s):
   - Capteur Rivière Nord (sensor-1) à [48.8566, 2.3522]
   - Capteur Rivière Sud (sensor-2) à [45.764, 4.8357]
   - Capteur Rivière Est (sensor-3) à [43.2965, 5.3698]
⏰ Envoi de données toutes les 5 secondes...

⚠️  Déconnecté du broker MQTT, tentative de reconnexion...
✅ Connecté au broker MQTT
📊 Simulation de 3 capteur(s):
   - Capteur Rivière Nord (sensor-1) à [48.8566, 2.3522]
   - Capteur Rivière Sud (sensor-2) à [45.764, 4.8357]
   - Capteur Rivière Est (sensor-3) à [43.2965, 5.3698]
⏰ Envoi de données toutes les 5 secondes...

⚠️  Déconnecté du broker MQTT, tentative de reconnexion...
✅ Connecté au broker MQTT
📊 Simulation de 3 capteur(s):
   - Capteur Rivière Nord (sensor-1) à [48.8566, 2.3522]
   - Capteur Rivière Sud (sensor-2) à [45.764, 4.8357]
   - Capteur Rivière Est (sensor-3) à [43.2965, 5.3698]
⏰ Envoi de données toutes les 5 secondes...

⚠️  Déconnecté du broker MQTT, tentative de reconnexion...
✅ Connecté au broker MQTT
📊 Simulation de 3 capteur(s):
   - Capteur Rivière Nord (sensor-1) à [48.8566, 2.3522]
   - Capteur Rivière Sud (sensor-2) à [45.764, 4.8357]
   - Capteur Rivière Est (sensor-3) à [43.2965, 5.3698]
⏰ Envoi de données toutes les 5 secondes...

⚠️  Déconnecté du broker MQTT, tentative de reconnexion...
✅ Connecté au broker MQTT
📊 Simulation de 3 capteur(s):
   - Capteur Rivière Nord (sensor-1) à [48.8566, 2.3522]
   - Capteur Rivière Sud (sensor-2) à [45.764, 4.8357]
   - Capteur Rivière Est (sensor-3) à [43.2965, 5.3698]
⏰ Envoi de données toutes les 5 secondes...

📤 Capteur Rivière Nord: pH=7.13, Temp=16.13°C, Turb=2.93NTU, Cond=980.20µS/cm
📤 Capteur Rivière Sud: pH=7.12, Temp=19.82°C, Turb=2.80NTU, Cond=1116.14µS/cm
📤 Capteur Rivière Est: pH=7.54, Temp=20.45°C, Turb=2.20NTU, Cond=1617.15µS/cm
⚠️  Déconnecté du broker MQTT, tentative de reconnexion...
✅ Connecté au broker MQTT
📊 Simulation de 3 capteur(s):
   - Capteur Rivière Nord (sensor-1) à [48.8566, 2.3522]
   - Capteur Rivière Sud (sensor-2) à [45.764, 4.8357]
   - Capteur Rivière Est (sensor-3) à [43.2965, 5.3698]
⏰ Envoi de données toutes les 5 secondes...

⚠️  Déconnecté du broker MQTT, tentative de reconnexion...
✅ Connecté au broker MQTT
📊 Simulation de 3 capteur(s):
   - Capteur Rivière Nord (sensor-1) à [48.8566, 2.3522]
   - Capteur Rivière Sud (sensor-2) à [45.764, 4.8357]
   - Capteur Rivière Est (sensor-3) à [43.2965, 5.3698]
⏰ Envoi de données toutes les 5 secondes...

⚠️  Déconnecté du broker MQTT, tentative de reconnexion...
✅ Connecté au broker MQTT
📊 Simulation de 3 capteur(s):
   - Capteur Rivière Nord (sensor-1) à [48.8566, 2.3522]
   - Capteur Rivière Sud (sensor-2) à [45.764, 4.8357]
   - Capteur Rivière Est (sensor-3) à [43.2965, 5.3698]
⏰ Envoi de données toutes les 5 secondes...

⚠️  Déconnecté du broker MQTT, tentative de reconnexion...
✅ Connecté au broker MQTT
📊 Simulation de 3 capteur(s):
   - Capteur Rivière Nord (sensor-1) à [48.8566, 2.3522]
   - Capteur Rivière Sud (sensor-2) à [45.764, 4.8357]
   - Capteur Rivière Est (sensor-3) à [43.2965, 5.3698]
⏰ Envoi de données toutes les 5 secondes...

⚠️  Déconnecté du broker MQTT, tentative de reconnexion...
✅ Connecté au broker MQTT
📊 Simulation de 3 capteur(s):
   - Capteur Rivière Nord (sensor-1) à [48.8566, 2.3522]
   - Capteur Rivière Sud (sensor-2) à [45.764, 4.8357]
   - Capteur Rivière Est (sensor-3) à [43.2965, 5.3698]
⏰ Envoi de données toutes les 5 secondes...

📤 Capteur Rivière Nord: pH=7.08, Temp=16.90°C, Turb=2.94NTU, Cond=776.54µS/cm
📤 Capteur Rivière Sud: pH=6.98, Temp=18.11°C, Turb=2.71NTU, Cond=1032.38µS/cm
📤 Capteur Rivière Est: pH=7.37, Temp=20.23°C, Turb=1.75NTU, Cond=1689.79µS/cm
⚠️  Déconnecté du broker MQTT, tentative de reconnexion...
✅ Connecté au broker MQTT
📊 Simulation de 3 capteur(s):
   - Capteur Rivière Nord (sensor-1) à [48.8566, 2.3522]
   - Capteur Rivière Sud (sensor-2) à [45.764, 4.8357]
   - Capteur Rivière Est (sensor-3) à [43.2965, 5.3698]
⏰ Envoi de données toutes les 5 secondes...

⚠️  Déconnecté du broker MQTT, tentative de reconnexion...
✅ Connecté au broker MQTT
📊 Simulation de 3 capteur(s):
   - Capteur Rivière Nord (sensor-1) à [48.8566, 2.3522]
   - Capteur Rivière Sud (sensor-2) à [45.764, 4.8357]
   - Capteur Rivière Est (sensor-3) à [43.2965, 5.3698]
⏰ Envoi de données toutes les 5 secondes...

⚠️  Déconnecté du broker MQTT, tentative de reconnexion...
✅ Connecté au broker MQTT
📊 Simulation de 3 capteur(s):
   - Capteur Rivière Nord (sensor-1) à [48.8566, 2.3522]
   - Capteur Rivière Sud (sensor-2) à [45.764, 4.8357]
   - Capteur Rivière Est (sensor-3) à [43.2965, 5.3698]
⏰ Envoi de données toutes les 5 secondes...

⚠️  Déconnecté du broker MQTT, tentative de reconnexion...
✅ Connecté au broker MQTT
📊 Simulation de 3 capteur(s):
   - Capteur Rivière Nord (sensor-1) à [48.8566, 2.3522]
   - Capteur Rivière Sud (sensor-2) à [45.764, 4.8357]
   - Capteur Rivière Est (sensor-3) à [43.2965, 5.3698]
⏰ Envoi de données toutes les 5 secondes...

⚠️  Déconnecté du broker MQTT, tentative de reconnexion...
✅ Connecté au broker MQTT
📊 Simulation de 3 capteur(s):
   - Capteur Rivière Nord (sensor-1) à [48.8566, 2.3522]
   - Capteur Rivière Sud (sensor-2) à [45.764, 4.8357]
   - Capteur Rivière Est (sensor-3) à [43.2965, 5.3698]
⏰ Envoi de données toutes les 5 secondes...

📤 Capteur Rivière Nord: pH=7.00, Temp=14.62°C, Turb=2.00NTU, Cond=752.06µS/cm
📤 Capteur Rivière Sud: pH=7.17, Temp=19.79°C, Turb=3.20NTU, Cond=1345.50µS/cm
📤 Capteur Rivière Est: pH=7.29, Temp=20.80°C, Turb=1.71NTU, Cond=1583.36µS/cm
⚠️  Déconnecté du broker MQTT, tentative de reconnexion...
✅ Connecté au broker MQTT
📊 Simulation de 3 capteur(s):
   - Capteur Rivière Nord (sensor-1) à [48.8566, 2.3522]
   - Capteur Rivière Sud (sensor-2) à [45.764, 4.8357]
   - Capteur Rivière Est (sensor-3) à [43.2965, 5.3698]
⏰ Envoi de données toutes les 5 secondes...

⚠️  Déconnecté du broker MQTT, tentative de reconnexion...
✅ Connecté au broker MQTT
📊 Simulation de 3 capteur(s):
   - Capteur Rivière Nord (sensor-1) à [48.8566, 2.3522]
   - Capteur Rivière Sud (sensor-2) à [45.764, 4.8357]
   - Capteur Rivière Est (sensor-3) à [43.2965, 5.3698]
⏰ Envoi de données toutes les 5 secondes...

⚠️  Déconnecté du broker MQTT, tentative de reconnexion...
✅ Connecté au broker MQTT
📊 Simulation de 3 capteur(s):
   - Capteur Rivière Nord (sensor-1) à [48.8566, 2.3522]
   - Capteur Rivière Sud (sensor-2) à [45.764, 4.8357]
   - Capteur Rivière Est (sensor-3) à [43.2965, 5.3698]
⏰ Envoi de données toutes les 5 secondes...

⚠️  Déconnecté du broker MQTT, tentative de reconnexion...
✅ Connecté au broker MQTT
📊 Simulation de 3 capteur(s):
   - Capteur Rivière Nord (sensor-1) à [48.8566, 2.3522]
   - Capteur Rivière Sud (sensor-2) à [45.764, 4.8357]
   - Capteur Rivière Est (sensor-3) à [43.2965, 5.3698]
⏰ Envoi de données toutes les 5 secondes...

⚠️  Déconnecté du broker MQTT, tentative de reconnexion...
✅ Connecté au broker MQTT
📊 Simulation de 3 capteur(s):
   - Capteur Rivière Nord (sensor-1) à [48.8566, 2.3522]
   - Capteur Rivière Sud (sensor-2) à [45.764, 4.8357]
   - Capteur Rivière Est (sensor-3) à [43.2965, 5.3698]
⏰ Envoi de données toutes les 5 secondes...

⚠️  Déconnecté du broker MQTT, tentative de reconnexion...
✅ Connecté au broker MQTT
📊 Simulation de 3 capteur(s):
   - Capteur Rivière Nord (sensor-1) à [48.8566, 2.3522]
   - Capteur Rivière Sud (sensor-2) à [45.764, 4.8357]
   - Capteur Rivière Est (sensor-3) à [43.2965, 5.3698]
⏰ Envoi de données toutes les 5 secondes...

⚠️  Déconnecté du broker MQTT, tentative de reconnexion...
✅ Connecté au broker MQTT
📊 Simulation de 3 capteur(s):
   - Capteur Rivière Nord (sensor-1) à [48.8566, 2.3522]
   - Capteur Rivière Sud (sensor-2) à [45.764, 4.8357]
   - Capteur Rivière Est (sensor-3) à [43.2965, 5.3698]
⏰ Envoi de données toutes les 5 secondes...

📤 Capteur Rivière Nord: pH=7.05, Temp=16.96°C, Turb=2.86NTU, Cond=737.24µS/cm
📤 Capteur Rivière Sud: pH=6.83, Temp=16.49°C, Turb=2.89NTU, Cond=1130.73µS/cm
📤 Capteur Rivière Est: pH=7.32, Temp=21.30°C, Turb=1.41NTU, Cond=1388.48µS/cm
⚠️  Déconnecté du broker MQTT, tentative de reconnexion...
✅ Connecté au broker MQTT
📊 Simulation de 3 capteur(s):
   - Capteur Rivière Nord (sensor-1) à [48.8566, 2.3522]
   - Capteur Rivière Sud (sensor-2) à [45.764, 4.8357]
   - Capteur Rivière Est (sensor-3) à [43.2965, 5.3698]
⏰ Envoi de données toutes les 5 secondes...

⚠️  Déconnecté du broker MQTT, tentative de reconnexion...
✅ Connecté au broker MQTT
📊 Simulation de 3 capteur(s):
   - Capteur Rivière Nord (sensor-1) à [48.8566, 2.3522]
   - Capteur Rivière Sud (sensor-2) à [45.764, 4.8357]
   - Capteur Rivière Est (sensor-3) à [43.2965, 5.3698]
⏰ Envoi de données toutes les 5 secondes...

⚠️  Déconnecté du broker MQTT, tentative de reconnexion...
✅ Connecté au broker MQTT
📊 Simulation de 3 capteur(s):
   - Capteur Rivière Nord (sensor-1) à [48.8566, 2.3522]
   - Capteur Rivière Sud (sensor-2) à [45.764, 4.8357]
   - Capteur Rivière Est (sensor-3) à [43.2965, 5.3698]
⏰ Envoi de données toutes les 5 secondes...

⚠️  Déconnecté du broker MQTT, tentative de reconnexion...
✅ Connecté au broker MQTT
📊 Simulation de 3 capteur(s):
   - Capteur Rivière Nord (sensor-1) à [48.8566, 2.3522]
   - Capteur Rivière Sud (sensor-2) à [45.764, 4.8357]
   - Capteur Rivière Est (sensor-3) à [43.2965, 5.3698]
⏰ Envoi de données toutes les 5 secondes...

⚠️  Déconnecté du broker MQTT, tentative de reconnexion...
✅ Connecté au broker MQTT
📊 Simulation de 3 capteur(s):
   - Capteur Rivière Nord (sensor-1) à [48.8566, 2.3522]
   - Capteur Rivière Sud (sensor-2) à [45.764, 4.8357]
   - Capteur Rivière Est (sensor-3) à [43.2965, 5.3698]
⏰ Envoi de données toutes les 5 secondes...

📤 Capteur Rivière Nord: pH=7.47, Temp=14.42°C, Turb=14.79NTU, Cond=825.13µS/cm
📤 Capteur Rivière Sud: pH=6.75, Temp=17.85°C, Turb=2.83NTU, Cond=1093.46µS/cm
📤 Capteur Rivière Est: pH=7.76, Temp=19.93°C, Turb=1.67NTU, Cond=1663.95µS/cm
⚠️  Déconnecté du broker MQTT, tentative de reconnexion...
✅ Connecté au broker MQTT
📊 Simulation de 3 capteur(s):
   - Capteur Rivière Nord (sensor-1) à [48.8566, 2.3522]
   - Capteur Rivière Sud (sensor-2) à [45.764, 4.8357]
   - Capteur Rivière Est (sensor-3) à [43.2965, 5.3698]
⏰ Envoi de données toutes les 5 secondes...

⚠️  Déconnecté du broker MQTT, tentative de reconnexion...
✅ Connecté au broker MQTT
📊 Simulation de 3 capteur(s):
   - Capteur Rivière Nord (sensor-1) à [48.8566, 2.3522]
   - Capteur Rivière Sud (sensor-2) à [45.764, 4.8357]
   - Capteur Rivière Est (sensor-3) à [43.2965, 5.3698]
⏰ Envoi de données toutes les 5 secondes...

⚠️  Déconnecté du broker MQTT, tentative de reconnexion...
✅ Connecté au broker MQTT
📊 Simulation de 3 capteur(s):
   - Capteur Rivière Nord (sensor-1) à [48.8566, 2.3522]
   - Capteur Rivière Sud (sensor-2) à [45.764, 4.8357]
   - Capteur Rivière Est (sensor-3) à [43.2965, 5.3698]
⏰ Envoi de données toutes les 5 secondes...

⚠️  Déconnecté du broker MQTT, tentative de reconnexion...
✅ Connecté au broker MQTT
📊 Simulation de 3 capteur(s):
   - Capteur Rivière Nord (sensor-1) à [48.8566, 2.3522]
   - Capteur Rivière Sud (sensor-2) à [45.764, 4.8357]
   - Capteur Rivière Est (sensor-3) à [43.2965, 5.3698]
⏰ Envoi de données toutes les 5 secondes...

⚠️  Déconnecté du broker MQTT, tentative de reconnexion...
✅ Connecté au broker MQTT
📊 Simulation de 3 capteur(s):
   - Capteur Rivière Nord (sensor-1) à [48.8566, 2.3522]
   - Capteur Rivière Sud (sensor-2) à [45.764, 4.8357]
   - Capteur Rivière Est (sensor-3) à [43.2965, 5.3698]
⏰ Envoi de données toutes les 5 secondes...

📤 Capteur Rivière Nord: pH=7.35, Temp=-2.24°C, Turb=2.52NTU, Cond=994.18µS/cm
📤 Capteur Rivière Sud: pH=7.01, Temp=17.32°C, Turb=3.01NTU, Cond=1203.69µS/cm
📤 Capteur Rivière Est: pH=7.36, Temp=20.16°C, Turb=1.52NTU, Cond=1361.93µS/cm
⚠️  Déconnecté du broker MQTT, tentative de reconnexion...
✅ Connecté au broker MQTT
📊 Simulation de 3 capteur(s):
   - Capteur Rivière Nord (sensor-1) à [48.8566, 2.3522]
   - Capteur Rivière Sud (sensor-2) à [45.764, 4.8357]
   - Capteur Rivière Est (sensor-3) à [43.2965, 5.3698]
⏰ Envoi de données toutes les 5 secondes...

⚠️  Déconnecté du broker MQTT, tentative de reconnexion...
✅ Connecté au broker MQTT
📊 Simulation de 3 capteur(s):
   - Capteur Rivière Nord (sensor-1) à [48.8566, 2.3522]
   - Capteur Rivière Sud (sensor-2) à [45.764, 4.8357]
   - Capteur Rivière Est (sensor-3) à [43.2965, 5.3698]
⏰ Envoi de données toutes les 5 secondes...

⚠️  Déconnecté du broker MQTT, tentative de reconnexion...
✅ Connecté au broker MQTT
📊 Simulation de 3 capteur(s):
   - Capteur Rivière Nord (sensor-1) à [48.8566, 2.3522]
   - Capteur Rivière Sud (sensor-2) à [45.764, 4.8357]
   - Capteur Rivière Est (sensor-3) à [43.2965, 5.3698]
⏰ Envoi de données toutes les 5 secondes...

⚠️  Déconnecté du broker MQTT, tentative de reconnexion...
✅ Connecté au broker MQTT
📊 Simulation de 3 capteur(s):
   - Capteur Rivière Nord (sensor-1) à [48.8566, 2.3522]
   - Capteur Rivière Sud (sensor-2) à [45.764, 4.8357]
   - Capteur Rivière Est (sensor-3) à [43.2965, 5.3698]
⏰ Envoi de données toutes les 5 secondes...

⚠️  Déconnecté du broker MQTT, tentative de reconnexion...
✅ Connecté au broker MQTT
📊 Simulation de 3 capteur(s):
   - Capteur Rivière Nord (sensor-1) à [48.8566, 2.3522]
   - Capteur Rivière Sud (sensor-2) à [45.764, 4.8357]
   - Capteur Rivière Est (sensor-3) à [43.2965, 5.3698]
⏰ Envoi de données toutes les 5 secondes...

📤 Capteur Rivière Nord: pH=7.03, Temp=13.53°C, Turb=2.14NTU, Cond=837.51µS/cm
📤 Capteur Rivière Sud: pH=7.18, Temp=17.24°C, Turb=3.30NTU, Cond=1239.50µS/cm
📤 Capteur Rivière Est: pH=7.30, Temp=21.78°C, Turb=1.34NTU, Cond=1424.94µS/cm
⚠️  Déconnecté du broker MQTT, tentative de reconnexion...
✅ Connecté au broker MQTT
📊 Simulation de 3 capteur(s):
   - Capteur Rivière Nord (sensor-1) à [48.8566, 2.3522]
   - Capteur Rivière Sud (sensor-2) à [45.764, 4.8357]
   - Capteur Rivière Est (sensor-3) à [43.2965, 5.3698]
⏰ Envoi de données toutes les 5 secondes...

⚠️  Déconnecté du broker MQTT, tentative de reconnexion...
✅ Connecté au broker MQTT
📊 Simulation de 3 capteur(s):
   - Capteur Rivière Nord (sensor-1) à [48.8566, 2.3522]
   - Capteur Rivière Sud (sensor-2) à [45.764, 4.8357]
   - Capteur Rivière Est (sensor-3) à [43.2965, 5.3698]
⏰ Envoi de données toutes les 5 secondes...

⚠️  Déconnecté du broker MQTT, tentative de reconnexion...
✅ Connecté au broker MQTT
📊 Simulation de 3 capteur(s):
   - Capteur Rivière Nord (sensor-1) à [48.8566, 2.3522]
   - Capteur Rivière Sud (sensor-2) à [45.764, 4.8357]
   - Capteur Rivière Est (sensor-3) à [43.2965, 5.3698]
⏰ Envoi de données toutes les 5 secondes...

⚠️  Déconnecté du broker MQTT, tentative de reconnexion...
✅ Connecté au broker MQTT
📊 Simulation de 3 capteur(s):
   - Capteur Rivière Nord (sensor-1) à [48.8566, 2.3522]
   - Capteur Rivière Sud (sensor-2) à [45.764, 4.8357]
   - Capteur Rivière Est (sensor-3) à [43.2965, 5.3698]
⏰ Envoi de données toutes les 5 secondes...

⚠️  Déconnecté du broker MQTT, tentative de reconnexion...
✅ Connecté au broker MQTT
📊 Simulation de 3 capteur(s):
   - Capteur Rivière Nord (sensor-1) à [48.8566, 2.3522]
   - Capteur Rivière Sud (sensor-2) à [45.764, 4.8357]
   - Capteur Rivière Est (sensor-3) à [43.2965, 5.3698]
⏰ Envoi de données toutes les 5 secondes...

📤 Capteur Rivière Nord: pH=7.03, Temp=16.69°C, Turb=2.97NTU, Cond=641.28µS/cm
📤 Capteur Rivière Sud: pH=6.78, Temp=18.67°C, Turb=3.12NTU, Cond=1275.66µS/cm
📤 Capteur Rivière Est: pH=7.59, Temp=21.85°C, Turb=2.28NTU, Cond=1461.75µS/cm
⚠️  Déconnecté du broker MQTT, tentative de reconnexion...
✅ Connecté au broker MQTT
📊 Simulation de 3 capteur(s):
   - Capteur Rivière Nord (sensor-1) à [48.8566, 2.3522]
   - Capteur Rivière Sud (sensor-2) à [45.764, 4.8357]
   - Capteur Rivière Est (sensor-3) à [43.2965, 5.3698]
⏰ Envoi de données toutes les 5 secondes...

⚠️  Déconnecté du broker MQTT, tentative de reconnexion...
✅ Connecté au broker MQTT
📊 Simulation de 3 capteur(s):
   - Capteur Rivière Nord (sensor-1) à [48.8566, 2.3522]
   - Capteur Rivière Sud (sensor-2) à [45.764, 4.8357]
   - Capteur Rivière Est (sensor-3) à [43.2965, 5.3698]
⏰ Envoi de données toutes les 5 secondes...

⚠️  Déconnecté du broker MQTT, tentative de reconnexion...
✅ Connecté au broker MQTT
📊 Simulation de 3 capteur(s):
   - Capteur Rivière Nord (sensor-1) à [48.8566, 2.3522]
   - Capteur Rivière Sud (sensor-2) à [45.764, 4.8357]
   - Capteur Rivière Est (sensor-3) à [43.2965, 5.3698]
⏰ Envoi de données toutes les 5 secondes...

⚠️  Déconnecté du broker MQTT, tentative de reconnexion...
✅ Connecté au broker MQTT
📊 Simulation de 3 capteur(s):
   - Capteur Rivière Nord (sensor-1) à [48.8566, 2.3522]
   - Capteur Rivière Sud (sensor-2) à [45.764, 4.8357]
   - Capteur Rivière Est (sensor-3) à [43.2965, 5.3698]
⏰ Envoi de données toutes les 5 secondes...

⚠️  Déconnecté du broker MQTT, tentative de reconnexion...
✅ Connecté au broker MQTT
📊 Simulation de 3 capteur(s):
   - Capteur Rivière Nord (sensor-1) à [48.8566, 2.3522]
   - Capteur Rivière Sud (sensor-2) à [45.764, 4.8357]
   - Capteur Rivière Est (sensor-3) à [43.2965, 5.3698]
⏰ Envoi de données toutes les 5 secondes...

📤 Capteur Rivière Nord: pH=7.32, Temp=15.44°C, Turb=2.88NTU, Cond=729.09µS/cm
📤 Capteur Rivière Sud: pH=7.21, Temp=30.21°C, Turb=2.98NTU, Cond=1171.48µS/cm
📤 Capteur Rivière Est: pH=7.22, Temp=21.51°C, Turb=2.11NTU, Cond=1352.51µS/cm
⚠️  Déconnecté du broker MQTT, tentative de reconnexion...
✅ Connecté au broker MQTT
📊 Simulation de 3 capteur(s):
   - Capteur Rivière Nord (sensor-1) à [48.8566, 2.3522]
   - Capteur Rivière Sud (sensor-2) à [45.764, 4.8357]
   - Capteur Rivière Est (sensor-3) à [43.2965, 5.3698]
⏰ Envoi de données toutes les 5 secondes...

⚠️  Déconnecté du broker MQTT, tentative de reconnexion...
✅ Connecté au broker MQTT
📊 Simulation de 3 capteur(s):
   - Capteur Rivière Nord (sensor-1) à [48.8566, 2.3522]
   - Capteur Rivière Sud (sensor-2) à [45.764, 4.8357]
   - Capteur Rivière Est (sensor-3) à [43.2965, 5.3698]
⏰ Envoi de données toutes les 5 secondes...

⚠️  Déconnecté du broker MQTT, tentative de reconnexion...
✅ Connecté au broker MQTT
📊 Simulation de 3 capteur(s):
   - Capteur Rivière Nord (sensor-1) à [48.8566, 2.3522]
   - Capteur Rivière Sud (sensor-2) à [45.764, 4.8357]
   - Capteur Rivière Est (sensor-3) à [43.2965, 5.3698]
⏰ Envoi de données toutes les 5 secondes...

⚠️  Déconnecté du broker MQTT, tentative de reconnexion...
✅ Connecté au broker MQTT
📊 Simulation de 3 capteur(s):
   - Capteur Rivière Nord (sensor-1) à [48.8566, 2.3522]
   - Capteur Rivière Sud (sensor-2) à [45.764, 4.8357]
   - Capteur Rivière Est (sensor-3) à [43.2965, 5.3698]
⏰ Envoi de données toutes les 5 secondes...

⚠️  Déconnecté du broker MQTT, tentative de reconnexion...
✅ Connecté au broker MQTT
📊 Simulation de 3 capteur(s):
   - Capteur Rivière Nord (sensor-1) à [48.8566, 2.3522]
   - Capteur Rivière Sud (sensor-2) à [45.764, 4.8357]
   - Capteur Rivière Est (sensor-3) à [43.2965, 5.3698]
⏰ Envoi de données toutes les 5 secondes...

📤 Capteur Rivière Nord: pH=7.06, Temp=14.15°C, Turb=2.07NTU, Cond=747.25µS/cm
📤 Capteur Rivière Sud: pH=7.01, Temp=16.54°C, Turb=3.37NTU, Cond=1037.51µS/cm
📤 Capteur Rivière Est: pH=7.54, Temp=19.53°C, Turb=1.38NTU, Cond=1375.92µS/cm
⚠️  Déconnecté du broker MQTT, tentative de reconnexion...
✅ Connecté au broker MQTT
📊 Simulation de 3 capteur(s):
   - Capteur Rivière Nord (sensor-1) à [48.8566, 2.3522]
   - Capteur Rivière Sud (sensor-2) à [45.764, 4.8357]
   - Capteur Rivière Est (sensor-3) à [43.2965, 5.3698]
⏰ Envoi de données toutes les 5 secondes...

⚠️  Déconnecté du broker MQTT, tentative de reconnexion...
✅ Connecté au broker MQTT
📊 Simulation de 3 capteur(s):
   - Capteur Rivière Nord (sensor-1) à [48.8566, 2.3522]
   - Capteur Rivière Sud (sensor-2) à [45.764, 4.8357]
   - Capteur Rivière Est (sensor-3) à [43.2965, 5.3698]
⏰ Envoi de données toutes les 5 secondes...

⚠️  Déconnecté du broker MQTT, tentative de reconnexion...
✅ Connecté au broker MQTT
📊 Simulation de 3 capteur(s):
   - Capteur Rivière Nord (sensor-1) à [48.8566, 2.3522]
   - Capteur Rivière Sud (sensor-2) à [45.764, 4.8357]
   - Capteur Rivière Est (sensor-3) à [43.2965, 5.3698]
⏰ Envoi de données toutes les 5 secondes...

⚠️  Déconnecté du broker MQTT, tentative de reconnexion...
✅ Connecté au broker MQTT
📊 Simulation de 3 capteur(s):
   - Capteur Rivière Nord (sensor-1) à [48.8566, 2.3522]
   - Capteur Rivière Sud (sensor-2) à [45.764, 4.8357]
   - Capteur Rivière Est (sensor-3) à [43.2965, 5.3698]
⏰ Envoi de données toutes les 5 secondes...

⚠️  Déconnecté du broker MQTT, tentative de reconnexion...
✅ Connecté au broker MQTT
📊 Simulation de 3 capteur(s):
   - Capteur Rivière Nord (sensor-1) à [48.8566, 2.3522]
   - Capteur Rivière Sud (sensor-2) à [45.764, 4.8357]
   - Capteur Rivière Est (sensor-3) à [43.2965, 5.3698]
⏰ Envoi de données toutes les 5 secondes...

📤 Capteur Rivière Nord: pH=7.39, Temp=13.50°C, Turb=2.06NTU, Cond=995.04µS/cm
📤 Capteur Rivière Sud: pH=7.21, Temp=19.37°C, Turb=3.41NTU, Cond=1323.39µS/cm
📤 Capteur Rivière Est: pH=7.73, Temp=20.34°C, Turb=2.05NTU, Cond=1329.14µS/cm
⚠️  Déconnecté du broker MQTT, tentative de reconnexion...
✅ Connecté au broker MQTT
📊 Simulation de 3 capteur(s):
   - Capteur Rivière Nord (sensor-1) à [48.8566, 2.3522]
   - Capteur Rivière Sud (sensor-2) à [45.764, 4.8357]
   - Capteur Rivière Est (sensor-3) à [43.2965, 5.3698]
⏰ Envoi de données toutes les 5 secondes...

⚠️  Déconnecté du broker MQTT, tentative de reconnexion...
✅ Connecté au broker MQTT
📊 Simulation de 3 capteur(s):
   - Capteur Rivière Nord (sensor-1) à [48.8566, 2.3522]
   - Capteur Rivière Sud (sensor-2) à [45.764, 4.8357]
   - Capteur Rivière Est (sensor-3) à [43.2965, 5.3698]
⏰ Envoi de données toutes les 5 secondes...

📤 Capteur Rivière Nord: pH=7.34, Temp=14.27°C, Turb=2.12NTU, Cond=721.25µS/cm
📤 Capteur Rivière Sud: pH=7.30, Temp=16.73°C, Turb=3.10NTU, Cond=1300.73µS/cm
📤 Capteur Rivière Est: pH=7.72, Temp=19.63°C, Turb=1.47NTU, Cond=1566.26µS/cm
⚠️  Déconnecté du broker MQTT, tentative de reconnexion...
✅ Connecté au broker MQTT
📊 Simulation de 3 capteur(s):
   - Capteur Rivière Nord (sensor-1) à [48.8566, 2.3522]
   - Capteur Rivière Sud (sensor-2) à [45.764, 4.8357]
   - Capteur Rivière Est (sensor-3) à [43.2965, 5.3698]
⏰ Envoi de données toutes les 5 secondes...

⚠️  Déconnecté du broker MQTT, tentative de reconnexion...
✅ Connecté au broker MQTT
📊 Simulation de 3 capteur(s):
   - Capteur Rivière Nord (sensor-1) à [48.8566, 2.3522]
   - Capteur Rivière Sud (sensor-2) à [45.764, 4.8357]
   - Capteur Rivière Est (sensor-3) à [43.2965, 5.3698]
⏰ Envoi de données toutes les 5 secondes...

⚠️  Déconnecté du broker MQTT, tentative de reconnexion...
✅ Connecté au broker MQTT
📊 Simulation de 3 capteur(s):
   - Capteur Rivière Nord (sensor-1) à [48.8566, 2.3522]
   - Capteur Rivière Sud (sensor-2) à [45.764, 4.8357]
   - Capteur Rivière Est (sensor-3) à [43.2965, 5.3698]
⏰ Envoi de données toutes les 5 secondes...

⚠️  Déconnecté du broker MQTT, tentative de reconnexion...
✅ Connecté au broker MQTT
📊 Simulation de 3 capteur(s):
   - Capteur Rivière Nord (sensor-1) à [48.8566, 2.3522]
   - Capteur Rivière Sud (sensor-2) à [45.764, 4.8357]
   - Capteur Rivière Est (sensor-3) à [43.2965, 5.3698]
⏰ Envoi de données toutes les 5 secondes...

⚠️  Déconnecté du broker MQTT, tentative de reconnexion...
✅ Connecté au broker MQTT
📊 Simulation de 3 capteur(s):
   - Capteur Rivière Nord (sensor-1) à [48.8566, 2.3522]
   - Capteur Rivière Sud (sensor-2) à [45.764, 4.8357]
   - Capteur Rivière Est (sensor-3) à [43.2965, 5.3698]
⏰ Envoi de données toutes les 5 secondes...

📤 Capteur Rivière Nord: pH=7.06, Temp=14.09°C, Turb=2.85NTU, Cond=684.67µS/cm
📤 Capteur Rivière Sud: pH=7.01, Temp=19.33°C, Turb=3.40NTU, Cond=1073.79µS/cm
📤 Capteur Rivière Est: pH=7.47, Temp=19.45°C, Turb=2.14NTU, Cond=1467.14µS/cm
⚠️  Déconnecté du broker MQTT, tentative de reconnexion...
✅ Connecté au broker MQTT
📊 Simulation de 3 capteur(s):
   - Capteur Rivière Nord (sensor-1) à [48.8566, 2.3522]
   - Capteur Rivière Sud (sensor-2) à [45.764, 4.8357]
   - Capteur Rivière Est (sensor-3) à [43.2965, 5.3698]
⏰ Envoi de données toutes les 5 secondes...

⚠️  Déconnecté du broker MQTT, tentative de reconnexion...
✅ Connecté au broker MQTT
📊 Simulation de 3 capteur(s):
   - Capteur Rivière Nord (sensor-1) à [48.8566, 2.3522]
   - Capteur Rivière Sud (sensor-2) à [45.764, 4.8357]
   - Capteur Rivière Est (sensor-3) à [43.2965, 5.3698]
⏰ Envoi de données toutes les 5 secondes...

⚠️  Déconnecté du broker MQTT, tentative de reconnexion...
✅ Connecté au broker MQTT
📊 Simulation de 3 capteur(s):
   - Capteur Rivière Nord (sensor-1) à [48.8566, 2.3522]
   - Capteur Rivière Sud (sensor-2) à [45.764, 4.8357]
   - Capteur Rivière Est (sensor-3) à [43.2965, 5.3698]
⏰ Envoi de données toutes les 5 secondes...

⚠️  Déconnecté du broker MQTT, tentative de reconnexion...
✅ Connecté au broker MQTT
📊 Simulation de 3 capteur(s):
   - Capteur Rivière Nord (sensor-1) à [48.8566, 2.3522]
   - Capteur Rivière Sud (sensor-2) à [45.764, 4.8357]
   - Capteur Rivière Est (sensor-3) à [43.2965, 5.3698]
⏰ Envoi de données toutes les 5 secondes...

⚠️  Déconnecté du broker MQTT, tentative de reconnexion...
✅ Connecté au broker MQTT
📊 Simulation de 3 capteur(s):
   - Capteur Rivière Nord (sensor-1) à [48.8566, 2.3522]
   - Capteur Rivière Sud (sensor-2) à [45.764, 4.8357]
   - Capteur Rivière Est (sensor-3) à [43.2965, 5.3698]
⏰ Envoi de données toutes les 5 secondes...

📤 Capteur Rivière Nord: pH=7.04, Temp=16.25°C, Turb=2.73NTU, Cond=824.43µS/cm
📤 Capteur Rivière Sud: pH=7.05, Temp=19.59°C, Turb=3.31NTU, Cond=1341.67µS/cm
📤 Capteur Rivière Est: pH=7.41, Temp=21.08°C, Turb=1.35NTU, Cond=1439.16µS/cm
📤 Capteur Rivière Nord: pH=6.97, Temp=16.41°C, Turb=2.59NTU, Cond=693.86µS/cm
📤 Capteur Rivière Sud: pH=7.06, Temp=17.92°C, Turb=2.72NTU, Cond=1256.76µS/cm
📤 Capteur Rivière Est: pH=7.52, Temp=20.04°C, Turb=1.63NTU, Cond=1429.01µS/cm
📤 Capteur Rivière Nord: pH=7.11, Temp=14.43°C, Turb=2.51NTU, Cond=730.68µS/cm
📤 Capteur Rivière Sud: pH=6.96, Temp=19.27°C, Turb=2.92NTU, Cond=1050.05µS/cm
📤 Capteur Rivière Est: pH=7.79, Temp=19.73°C, Turb=1.96NTU, Cond=1390.27µS/cm
📤 Capteur Rivière Nord: pH=7.19, Temp=14.51°C, Turb=2.91NTU, Cond=870.40µS/cm
📤 Capteur Rivière Sud: pH=7.29, Temp=17.72°C, Turb=2.61NTU, Cond=1041.54µS/cm
📤 Capteur Rivière Est: pH=7.76, Temp=20.58°C, Turb=1.46NTU, Cond=1405.90µS/cm
📤 Capteur Rivière Nord: pH=7.10, Temp=14.02°C, Turb=2.48NTU, Cond=636.85µS/cm
📤 Capteur Rivière Sud: pH=7.24, Temp=17.20°C, Turb=2.51NTU, Cond=1193.77µS/cm
📤 Capteur Rivière Est: pH=7.59, Temp=21.25°C, Turb=1.98NTU, Cond=1676.57µS/cm
📤 Capteur Rivière Nord: pH=7.15, Temp=16.89°C, Turb=2.12NTU, Cond=4747.94µS/cm
📤 Capteur Rivière Sud: pH=6.80, Temp=18.90°C, Turb=2.57NTU, Cond=1260.84µS/cm
📤 Capteur Rivière Est: pH=7.27, Temp=18.43°C, Turb=2.20NTU, Cond=1674.70µS/cm
📤 Capteur Rivière Nord: pH=7.25, Temp=15.23°C, Turb=2.83NTU, Cond=911.32µS/cm
📤 Capteur Rivière Sud: pH=7.24, Temp=19.61°C, Turb=2.77NTU, Cond=1229.16µS/cm
📤 Capteur Rivière Est: pH=7.71, Temp=21.07°C, Turb=1.73NTU, Cond=1592.42µS/cm
📤 Capteur Rivière Nord: pH=7.05, Temp=13.04°C, Turb=2.05NTU, Cond=856.75µS/cm
📤 Capteur Rivière Sud: pH=7.22, Temp=19.59°C, Turb=2.94NTU, Cond=1151.78µS/cm
📤 Capteur Rivière Est: pH=7.25, Temp=21.36°C, Turb=1.52NTU, Cond=1554.06µS/cm
📤 Capteur Rivière Nord: pH=7.31, Temp=13.45°C, Turb=2.09NTU, Cond=615.17µS/cm
📤 Capteur Rivière Sud: pH=7.21, Temp=17.60°C, Turb=3.02NTU, Cond=1051.38µS/cm
📤 Capteur Rivière Est: pH=7.21, Temp=19.26°C, Turb=1.73NTU, Cond=1696.39µS/cm
📤 Capteur Rivière Nord: pH=7.01, Temp=-2.86°C, Turb=2.56NTU, Cond=897.97µS/cm
📤 Capteur Rivière Sud: pH=6.98, Temp=17.96°C, Turb=3.37NTU, Cond=1101.92µS/cm
📤 Capteur Rivière Est: pH=7.28, Temp=18.69°C, Turb=1.88NTU, Cond=1692.02µS/cm
📤 Capteur Rivière Nord: pH=7.05, Temp=16.87°C, Turb=2.51NTU, Cond=620.02µS/cm
📤 Capteur Rivière Sud: pH=6.96, Temp=19.20°C, Turb=3.13NTU, Cond=1358.80µS/cm
📤 Capteur Rivière Est: pH=7.42, Temp=18.70°C, Turb=2.24NTU, Cond=1302.98µS/cm
📤 Capteur Rivière Nord: pH=7.33, Temp=14.75°C, Turb=2.85NTU, Cond=864.40µS/cm
📤 Capteur Rivière Sud: pH=7.10, Temp=19.30°C, Turb=2.52NTU, Cond=1389.29µS/cm
📤 Capteur Rivière Est: pH=7.72, Temp=19.85°C, Turb=1.41NTU, Cond=1382.21µS/cm
📤 Capteur Rivière Nord: pH=7.42, Temp=16.13°C, Turb=2.26NTU, Cond=739.10µS/cm
📤 Capteur Rivière Sud: pH=6.91, Temp=18.87°C, Turb=3.43NTU, Cond=1039.72µS/cm
📤 Capteur Rivière Est: pH=7.69, Temp=19.89°C, Turb=13.85NTU, Cond=1580.68µS/cm
📤 Capteur Rivière Nord: pH=7.20, Temp=16.03°C, Turb=2.11NTU, Cond=688.96µS/cm
📤 Capteur Rivière Sud: pH=6.87, Temp=18.16°C, Turb=2.77NTU, Cond=1220.94µS/cm
📤 Capteur Rivière Est: pH=7.53, Temp=20.22°C, Turb=1.60NTU, Cond=1494.23µS/cm
📤 Capteur Rivière Nord: pH=7.19, Temp=16.78°C, Turb=2.60NTU, Cond=735.03µS/cm
📤 Capteur Rivière Sud: pH=7.17, Temp=19.77°C, Turb=2.66NTU, Cond=1204.04µS/cm
📤 Capteur Rivière Est: pH=7.36, Temp=19.38°C, Turb=1.33NTU, Cond=1443.56µS/cm
📤 Capteur Rivière Nord: pH=7.07, Temp=14.93°C, Turb=2.70NTU, Cond=914.75µS/cm
📤 Capteur Rivière Sud: pH=7.24, Temp=16.21°C, Turb=3.39NTU, Cond=1263.76µS/cm
📤 Capteur Rivière Est: pH=7.40, Temp=18.03°C, Turb=1.35NTU, Cond=1533.69µS/cm
📤 Capteur Rivière Nord: pH=7.26, Temp=-0.49°C, Turb=2.22NTU, Cond=804.33µS/cm
📤 Capteur Rivière Sud: pH=6.74, Temp=17.69°C, Turb=3.33NTU, Cond=1055.39µS/cm
📤 Capteur Rivière Est: pH=7.31, Temp=21.56°C, Turb=1.46NTU, Cond=1550.73µS/cm
📤 Capteur Rivière Nord: pH=7.33, Temp=13.31°C, Turb=13.80NTU, Cond=730.28µS/cm
📤 Capteur Rivière Sud: pH=7.10, Temp=17.67°C, Turb=3.44NTU, Cond=1369.44µS/cm
📤 Capteur Rivière Est: pH=7.52, Temp=18.74°C, Turb=2.08NTU, Cond=1552.55µS/cm
📤 Capteur Rivière Nord: pH=7.30, Temp=13.63°C, Turb=2.08NTU, Cond=787.59µS/cm
📤 Capteur Rivière Sud: pH=7.15, Temp=18.34°C, Turb=2.89NTU, Cond=1377.06µS/cm
📤 Capteur Rivière Est: pH=7.77, Temp=20.34°C, Turb=1.76NTU, Cond=1520.07µS/cm
📤 Capteur Rivière Nord: pH=7.36, Temp=13.75°C, Turb=11.70NTU, Cond=852.29µS/cm
📤 Capteur Rivière Sud: pH=6.93, Temp=19.46°C, Turb=3.17NTU, Cond=1367.16µS/cm
📤 Capteur Rivière Est: pH=7.66, Temp=20.96°C, Turb=1.39NTU, Cond=1386.88µS/cm
📤 Capteur Rivière Nord: pH=6.98, Temp=14.60°C, Turb=2.01NTU, Cond=743.81µS/cm
📤 Capteur Rivière Sud: pH=7.24, Temp=18.55°C, Turb=2.63NTU, Cond=1298.22µS/cm
📤 Capteur Rivière Est: pH=7.51, Temp=19.71°C, Turb=1.84NTU, Cond=1312.82µS/cm
📤 Capteur Rivière Nord: pH=6.97, Temp=13.47°C, Turb=2.80NTU, Cond=907.95µS/cm
📤 Capteur Rivière Sud: pH=7.05, Temp=18.15°C, Turb=3.23NTU, Cond=1382.57µS/cm
📤 Capteur Rivière Est: pH=7.39, Temp=19.02°C, Turb=1.70NTU, Cond=1450.14µS/cm
📤 Capteur Rivière Nord: pH=7.02, Temp=16.55°C, Turb=2.08NTU, Cond=837.35µS/cm
📤 Capteur Rivière Sud: pH=6.79, Temp=18.42°C, Turb=3.05NTU, Cond=1124.31µS/cm
📤 Capteur Rivière Est: pH=7.63, Temp=20.82°C, Turb=1.87NTU, Cond=1420.85µS/cm
📤 Capteur Rivière Nord: pH=6.99, Temp=13.14°C, Turb=2.47NTU, Cond=995.55µS/cm
📤 Capteur Rivière Sud: pH=7.02, Temp=18.05°C, Turb=2.60NTU, Cond=1158.95µS/cm
📤 Capteur Rivière Est: pH=7.63, Temp=21.97°C, Turb=1.35NTU, Cond=1607.53µS/cm
📤 Capteur Rivière Nord: pH=7.48, Temp=13.10°C, Turb=2.51NTU, Cond=641.24µS/cm
📤 Capteur Rivière Sud: pH=6.92, Temp=17.30°C, Turb=2.70NTU, Cond=1025.00µS/cm
📤 Capteur Rivière Est: pH=7.62, Temp=20.71°C, Turb=1.70NTU, Cond=1662.86µS/cm
📤 Capteur Rivière Nord: pH=6.99, Temp=14.89°C, Turb=2.86NTU, Cond=680.81µS/cm
📤 Capteur Rivière Sud: pH=6.94, Temp=17.11°C, Turb=3.17NTU, Cond=1279.93µS/cm
📤 Capteur Rivière Est: pH=7.35, Temp=21.23°C, Turb=1.78NTU, Cond=1412.84µS/cm
📤 Capteur Rivière Nord: pH=6.91, Temp=15.51°C, Turb=2.21NTU, Cond=683.98µS/cm
📤 Capteur Rivière Sud: pH=7.06, Temp=17.62°C, Turb=3.17NTU, Cond=1364.64µS/cm
📤 Capteur Rivière Est: pH=7.22, Temp=18.80°C, Turb=1.80NTU, Cond=1326.20µS/cm
📤 Capteur Rivière Nord: pH=7.18, Temp=15.63°C, Turb=2.22NTU, Cond=675.59µS/cm
📤 Capteur Rivière Sud: pH=6.84, Temp=17.19°C, Turb=2.69NTU, Cond=1062.18µS/cm
📤 Capteur Rivière Est: pH=7.26, Temp=21.56°C, Turb=1.93NTU, Cond=1650.22µS/cm
📤 Capteur Rivière Nord: pH=6.93, Temp=15.88°C, Turb=2.19NTU, Cond=671.12µS/cm
📤 Capteur Rivière Sud: pH=6.71, Temp=18.15°C, Turb=2.99NTU, Cond=1188.16µS/cm
📤 Capteur Rivière Est: pH=7.55, Temp=19.59°C, Turb=1.69NTU, Cond=1468.61µS/cm
📤 Capteur Rivière Nord: pH=6.91, Temp=16.66°C, Turb=2.45NTU, Cond=710.48µS/cm
📤 Capteur Rivière Sud: pH=7.01, Temp=19.49°C, Turb=2.70NTU, Cond=1094.54µS/cm
📤 Capteur Rivière Est: pH=7.28, Temp=20.53°C, Turb=1.75NTU, Cond=1551.19µS/cm
📤 Capteur Rivière Nord: pH=7.41, Temp=14.81°C, Turb=2.59NTU, Cond=687.01µS/cm
📤 Capteur Rivière Sud: pH=6.83, Temp=18.03°C, Turb=3.00NTU, Cond=1153.64µS/cm
📤 Capteur Rivière Est: pH=7.54, Temp=19.76°C, Turb=1.69NTU, Cond=1338.09µS/cm
📤 Capteur Rivière Nord: pH=7.24, Temp=16.55°C, Turb=2.47NTU, Cond=619.18µS/cm
📤 Capteur Rivière Sud: pH=6.79, Temp=18.53°C, Turb=3.06NTU, Cond=1320.43µS/cm
📤 Capteur Rivière Est: pH=7.32, Temp=19.38°C, Turb=2.26NTU, Cond=1612.42µS/cm
📤 Capteur Rivière Nord: pH=7.41, Temp=13.35°C, Turb=2.03NTU, Cond=804.70µS/cm
📤 Capteur Rivière Sud: pH=7.24, Temp=16.13°C, Turb=2.59NTU, Cond=1108.11µS/cm
📤 Capteur Rivière Est: pH=7.39, Temp=21.29°C, Turb=2.24NTU, Cond=1643.60µS/cm
📤 Capteur Rivière Nord: pH=6.92, Temp=13.32°C, Turb=2.54NTU, Cond=878.08µS/cm
📤 Capteur Rivière Sud: pH=7.02, Temp=17.91°C, Turb=2.63NTU, Cond=1105.68µS/cm
📤 Capteur Rivière Est: pH=7.50, Temp=19.09°C, Turb=1.71NTU, Cond=1333.64µS/cm
📤 Capteur Rivière Nord: pH=7.01, Temp=-3.95°C, Turb=2.11NTU, Cond=877.60µS/cm
📤 Capteur Rivière Sud: pH=6.83, Temp=18.13°C, Turb=3.34NTU, Cond=1032.81µS/cm
📤 Capteur Rivière Est: pH=7.31, Temp=19.58°C, Turb=1.56NTU, Cond=1318.57µS/cm
📤 Capteur Rivière Nord: pH=7.21, Temp=15.63°C, Turb=2.06NTU, Cond=767.18µS/cm
📤 Capteur Rivière Sud: pH=7.15, Temp=16.80°C, Turb=2.51NTU, Cond=1170.91µS/cm
📤 Capteur Rivière Est: pH=7.38, Temp=18.70°C, Turb=1.63NTU, Cond=1361.98µS/cm
📤 Capteur Rivière Nord: pH=7.28, Temp=15.72°C, Turb=2.01NTU, Cond=915.76µS/cm
📤 Capteur Rivière Sud: pH=7.14, Temp=18.90°C, Turb=3.42NTU, Cond=1304.96µS/cm
📤 Capteur Rivière Est: pH=7.59, Temp=19.99°C, Turb=1.91NTU, Cond=1544.58µS/cm
📤 Capteur Rivière Nord: pH=7.12, Temp=15.02°C, Turb=2.67NTU, Cond=917.54µS/cm
📤 Capteur Rivière Sud: pH=6.80, Temp=18.60°C, Turb=3.43NTU, Cond=1295.69µS/cm
📤 Capteur Rivière Est: pH=7.34, Temp=18.10°C, Turb=1.95NTU, Cond=1574.83µS/cm
📤 Capteur Rivière Nord: pH=7.29, Temp=14.06°C, Turb=2.04NTU, Cond=906.58µS/cm
📤 Capteur Rivière Sud: pH=6.72, Temp=19.79°C, Turb=2.65NTU, Cond=1378.52µS/cm
📤 Capteur Rivière Est: pH=7.32, Temp=19.61°C, Turb=1.51NTU, Cond=1529.57µS/cm
📤 Capteur Rivière Nord: pH=7.30, Temp=14.36°C, Turb=2.58NTU, Cond=623.81µS/cm
📤 Capteur Rivière Sud: pH=6.73, Temp=16.01°C, Turb=2.78NTU, Cond=1099.43µS/cm
📤 Capteur Rivière Est: pH=7.73, Temp=21.05°C, Turb=2.08NTU, Cond=1574.20µS/cm
📤 Capteur Rivière Nord: pH=7.01, Temp=15.54°C, Turb=2.55NTU, Cond=834.25µS/cm
📤 Capteur Rivière Sud: pH=6.88, Temp=18.01°C, Turb=2.73NTU, Cond=1213.77µS/cm
📤 Capteur Rivière Est: pH=7.37, Temp=21.49°C, Turb=1.47NTU, Cond=1381.49µS/cm
📤 Capteur Rivière Nord: pH=7.31, Temp=15.68°C, Turb=2.27NTU, Cond=954.48µS/cm
📤 Capteur Rivière Sud: pH=6.99, Temp=19.19°C, Turb=2.86NTU, Cond=1312.00µS/cm
📤 Capteur Rivière Est: pH=7.31, Temp=20.86°C, Turb=1.88NTU, Cond=1437.17µS/cm
📤 Capteur Rivière Nord: pH=7.40, Temp=14.41°C, Turb=2.70NTU, Cond=607.56µS/cm
📤 Capteur Rivière Sud: pH=6.88, Temp=19.15°C, Turb=3.13NTU, Cond=1265.28µS/cm
📤 Capteur Rivière Est: pH=7.68, Temp=19.76°C, Turb=2.07NTU, Cond=1674.10µS/cm
📤 Capteur Rivière Nord: pH=7.46, Temp=16.86°C, Turb=2.98NTU, Cond=644.35µS/cm
📤 Capteur Rivière Sud: pH=6.92, Temp=17.31°C, Turb=3.18NTU, Cond=1376.04µS/cm
📤 Capteur Rivière Est: pH=7.55, Temp=20.61°C, Turb=1.59NTU, Cond=1545.09µS/cm
📤 Capteur Rivière Nord: pH=6.93, Temp=13.24°C, Turb=2.76NTU, Cond=853.87µS/cm
📤 Capteur Rivière Sud: pH=6.92, Temp=18.13°C, Turb=2.69NTU, Cond=1127.85µS/cm
📤 Capteur Rivière Est: pH=7.60, Temp=19.24°C, Turb=1.57NTU, Cond=1400.99µS/cm
📤 Capteur Rivière Nord: pH=7.40, Temp=14.92°C, Turb=2.52NTU, Cond=725.50µS/cm
📤 Capteur Rivière Sud: pH=7.22, Temp=16.64°C, Turb=2.86NTU, Cond=1023.21µS/cm
📤 Capteur Rivière Est: pH=7.23, Temp=19.51°C, Turb=1.74NTU, Cond=1625.72µS/cm
📤 Capteur Rivière Nord: pH=7.21, Temp=14.54°C, Turb=2.18NTU, Cond=892.30µS/cm
📤 Capteur Rivière Sud: pH=6.97, Temp=18.87°C, Turb=3.12NTU, Cond=1099.37µS/cm
📤 Capteur Rivière Est: pH=7.25, Temp=20.93°C, Turb=1.72NTU, Cond=1349.68µS/cm
📤 Capteur Rivière Nord: pH=7.38, Temp=13.56°C, Turb=2.86NTU, Cond=978.25µS/cm
📤 Capteur Rivière Sud: pH=7.11, Temp=16.71°C, Turb=3.13NTU, Cond=1100.79µS/cm
📤 Capteur Rivière Est: pH=7.28, Temp=20.56°C, Turb=2.03NTU, Cond=1686.19µS/cm
📤 Capteur Rivière Nord: pH=7.10, Temp=15.85°C, Turb=2.61NTU, Cond=808.80µS/cm
📤 Capteur Rivière Sud: pH=6.72, Temp=17.98°C, Turb=3.21NTU, Cond=1217.84µS/cm
📤 Capteur Rivière Est: pH=7.44, Temp=19.91°C, Turb=2.23NTU, Cond=1645.61µS/cm
📤 Capteur Rivière Nord: pH=7.05, Temp=14.93°C, Turb=2.91NTU, Cond=673.98µS/cm
📤 Capteur Rivière Sud: pH=7.27, Temp=19.52°C, Turb=3.06NTU, Cond=1318.18µS/cm
📤 Capteur Rivière Est: pH=7.45, Temp=19.89°C, Turb=1.42NTU, Cond=1447.71µS/cm
📤 Capteur Rivière Nord: pH=7.10, Temp=13.20°C, Turb=2.77NTU, Cond=893.75µS/cm
📤 Capteur Rivière Sud: pH=7.24, Temp=16.82°C, Turb=3.17NTU, Cond=1229.81µS/cm
📤 Capteur Rivière Est: pH=7.63, Temp=19.38°C, Turb=1.89NTU, Cond=1448.72µS/cm
📤 Capteur Rivière Nord: pH=7.42, Temp=16.53°C, Turb=2.77NTU, Cond=735.68µS/cm
📤 Capteur Rivière Sud: pH=4.47, Temp=16.30°C, Turb=3.19NTU, Cond=1018.48µS/cm
📤 Capteur Rivière Est: pH=7.67, Temp=19.12°C, Turb=2.03NTU, Cond=1503.12µS/cm
📤 Capteur Rivière Nord: pH=7.12, Temp=16.40°C, Turb=14.96NTU, Cond=916.91µS/cm
📤 Capteur Rivière Sud: pH=9.16, Temp=16.81°C, Turb=3.14NTU, Cond=1296.50µS/cm
📤 Capteur Rivière Est: pH=7.47, Temp=19.12°C, Turb=2.02NTU, Cond=1302.00µS/cm
📤 Capteur Rivière Nord: pH=7.19, Temp=15.59°C, Turb=2.85NTU, Cond=662.99µS/cm
📤 Capteur Rivière Sud: pH=6.77, Temp=16.55°C, Turb=3.18NTU, Cond=1349.91µS/cm
📤 Capteur Rivière Est: pH=7.38, Temp=18.69°C, Turb=1.74NTU, Cond=1394.67µS/cm
📤 Capteur Rivière Nord: pH=7.20, Temp=13.08°C, Turb=2.92NTU, Cond=704.92µS/cm
📤 Capteur Rivière Sud: pH=7.29, Temp=17.36°C, Turb=3.07NTU, Cond=1375.07µS/cm
📤 Capteur Rivière Est: pH=7.21, Temp=21.60°C, Turb=1.46NTU, Cond=1694.44µS/cm
📤 Capteur Rivière Nord: pH=7.07, Temp=13.54°C, Turb=2.08NTU, Cond=636.58µS/cm
📤 Capteur Rivière Sud: pH=7.22, Temp=18.31°C, Turb=3.13NTU, Cond=1348.23µS/cm
📤 Capteur Rivière Est: pH=7.67, Temp=18.31°C, Turb=1.65NTU, Cond=1378.56µS/cm
📤 Capteur Rivière Nord: pH=7.41, Temp=14.80°C, Turb=2.39NTU, Cond=982.40µS/cm
📤 Capteur Rivière Sud: pH=7.05, Temp=19.35°C, Turb=3.01NTU, Cond=1015.15µS/cm
📤 Capteur Rivière Est: pH=7.79, Temp=20.35°C, Turb=2.11NTU, Cond=1561.49µS/cm
📤 Capteur Rivière Nord: pH=6.98, Temp=16.34°C, Turb=2.36NTU, Cond=710.95µS/cm
📤 Capteur Rivière Sud: pH=6.96, Temp=18.21°C, Turb=3.02NTU, Cond=1128.63µS/cm
📤 Capteur Rivière Est: pH=7.72, Temp=21.83°C, Turb=1.79NTU, Cond=1511.77µS/cm
📤 Capteur Rivière Nord: pH=7.08, Temp=16.61°C, Turb=2.56NTU, Cond=601.79µS/cm
📤 Capteur Rivière Sud: pH=6.97, Temp=17.17°C, Turb=2.66NTU, Cond=1149.51µS/cm
📤 Capteur Rivière Est: pH=7.23, Temp=21.97°C, Turb=2.23NTU, Cond=1346.81µS/cm
📤 Capteur Rivière Nord: pH=7.26, Temp=16.09°C, Turb=2.72NTU, Cond=603.18µS/cm
📤 Capteur Rivière Sud: pH=6.96, Temp=16.23°C, Turb=3.06NTU, Cond=1198.16µS/cm
📤 Capteur Rivière Est: pH=7.65, Temp=18.79°C, Turb=2.23NTU, Cond=1606.49µS/cm
📤 Capteur Rivière Nord: pH=7.04, Temp=16.58°C, Turb=2.05NTU, Cond=866.72µS/cm
📤 Capteur Rivière Sud: pH=7.09, Temp=16.43°C, Turb=2.60NTU, Cond=1267.21µS/cm
📤 Capteur Rivière Est: pH=7.36, Temp=19.79°C, Turb=1.54NTU, Cond=1603.70µS/cm
📤 Capteur Rivière Nord: pH=7.01, Temp=16.72°C, Turb=2.08NTU, Cond=941.95µS/cm
📤 Capteur Rivière Sud: pH=7.17, Temp=18.69°C, Turb=2.69NTU, Cond=1165.31µS/cm
📤 Capteur Rivière Est: pH=7.41, Temp=20.49°C, Turb=2.09NTU, Cond=1300.94µS/cm
📤 Capteur Rivière Nord: pH=7.39, Temp=13.53°C, Turb=2.83NTU, Cond=783.01µS/cm
📤 Capteur Rivière Sud: pH=7.08, Temp=16.90°C, Turb=2.98NTU, Cond=1075.79µS/cm
📤 Capteur Rivière Est: pH=7.38, Temp=20.94°C, Turb=2.07NTU, Cond=1359.03µS/cm
📤 Capteur Rivière Nord: pH=7.36, Temp=13.18°C, Turb=2.58NTU, Cond=948.03µS/cm
📤 Capteur Rivière Sud: pH=6.94, Temp=19.10°C, Turb=11.88NTU, Cond=1222.60µS/cm
📤 Capteur Rivière Est: pH=7.68, Temp=19.46°C, Turb=1.85NTU, Cond=1678.52µS/cm
📤 Capteur Rivière Nord: pH=7.35, Temp=15.66°C, Turb=2.24NTU, Cond=802.14µS/cm
📤 Capteur Rivière Sud: pH=6.88, Temp=18.59°C, Turb=2.94NTU, Cond=1388.10µS/cm
📤 Capteur Rivière Est: pH=7.58, Temp=20.71°C, Turb=1.62NTU, Cond=1420.19µS/cm
📤 Capteur Rivière Nord: pH=7.49, Temp=16.74°C, Turb=2.67NTU, Cond=889.77µS/cm
📤 Capteur Rivière Sud: pH=7.02, Temp=19.15°C, Turb=3.09NTU, Cond=1276.50µS/cm
📤 Capteur Rivière Est: pH=7.70, Temp=18.61°C, Turb=1.88NTU, Cond=1539.73µS/cm
📤 Capteur Rivière Nord: pH=7.45, Temp=14.30°C, Turb=2.75NTU, Cond=953.11µS/cm
📤 Capteur Rivière Sud: pH=7.25, Temp=16.54°C, Turb=3.43NTU, Cond=1099.37µS/cm
📤 Capteur Rivière Est: pH=7.63, Temp=18.08°C, Turb=1.79NTU, Cond=1503.03µS/cm
📤 Capteur Rivière Nord: pH=7.19, Temp=16.62°C, Turb=2.41NTU, Cond=676.99µS/cm
📤 Capteur Rivière Sud: pH=7.22, Temp=18.83°C, Turb=3.50NTU, Cond=1160.16µS/cm
📤 Capteur Rivière Est: pH=7.26, Temp=20.86°C, Turb=1.71NTU, Cond=1394.26µS/cm
📤 Capteur Rivière Nord: pH=6.96, Temp=15.65°C, Turb=2.81NTU, Cond=965.44µS/cm
📤 Capteur Rivière Sud: pH=6.80, Temp=18.21°C, Turb=2.62NTU, Cond=1128.83µS/cm
📤 Capteur Rivière Est: pH=7.29, Temp=18.44°C, Turb=2.28NTU, Cond=1575.49µS/cm
📤 Capteur Rivière Nord: pH=7.05, Temp=14.21°C, Turb=2.15NTU, Cond=747.89µS/cm
📤 Capteur Rivière Sud: pH=7.28, Temp=16.88°C, Turb=2.55NTU, Cond=1205.74µS/cm
📤 Capteur Rivière Est: pH=7.80, Temp=19.41°C, Turb=2.22NTU, Cond=1553.58µS/cm
📤 Capteur Rivière Nord: pH=7.44, Temp=13.99°C, Turb=2.59NTU, Cond=912.86µS/cm
📤 Capteur Rivière Sud: pH=7.10, Temp=17.19°C, Turb=2.57NTU, Cond=1078.26µS/cm
📤 Capteur Rivière Est: pH=7.78, Temp=21.41°C, Turb=1.58NTU, Cond=1492.60µS/cm
📤 Capteur Rivière Nord: pH=7.07, Temp=14.32°C, Turb=2.09NTU, Cond=953.30µS/cm
📤 Capteur Rivière Sud: pH=6.81, Temp=17.37°C, Turb=3.20NTU, Cond=1008.32µS/cm
📤 Capteur Rivière Est: pH=7.21, Temp=19.73°C, Turb=1.43NTU, Cond=1424.14µS/cm
📤 Capteur Rivière Nord: pH=7.30, Temp=14.17°C, Turb=2.23NTU, Cond=834.55µS/cm
📤 Capteur Rivière Sud: pH=6.83, Temp=19.69°C, Turb=2.79NTU, Cond=1209.12µS/cm
📤 Capteur Rivière Est: pH=7.49, Temp=19.99°C, Turb=2.02NTU, Cond=1302.40µS/cm
📤 Capteur Rivière Nord: pH=6.96, Temp=13.81°C, Turb=2.24NTU, Cond=760.66µS/cm
📤 Capteur Rivière Sud: pH=7.01, Temp=16.86°C, Turb=3.44NTU, Cond=1025.57µS/cm
📤 Capteur Rivière Est: pH=7.30, Temp=-0.64°C, Turb=1.91NTU, Cond=1463.61µS/cm
📤 Capteur Rivière Nord: pH=7.01, Temp=15.95°C, Turb=2.99NTU, Cond=635.78µS/cm
📤 Capteur Rivière Sud: pH=6.74, Temp=16.14°C, Turb=3.41NTU, Cond=1021.46µS/cm
📤 Capteur Rivière Est: pH=7.72, Temp=19.48°C, Turb=1.85NTU, Cond=1557.94µS/cm
📤 Capteur Rivière Nord: pH=7.06, Temp=15.52°C, Turb=2.82NTU, Cond=915.15µS/cm
📤 Capteur Rivière Sud: pH=6.98, Temp=17.69°C, Turb=3.10NTU, Cond=1354.80µS/cm
📤 Capteur Rivière Est: pH=7.44, Temp=19.87°C, Turb=2.21NTU, Cond=1364.58µS/cm
📤 Capteur Rivière Nord: pH=7.20, Temp=14.57°C, Turb=2.66NTU, Cond=655.68µS/cm
📤 Capteur Rivière Sud: pH=6.73, Temp=17.45°C, Turb=3.11NTU, Cond=1179.04µS/cm
📤 Capteur Rivière Est: pH=7.49, Temp=21.44°C, Turb=1.99NTU, Cond=1405.64µS/cm
📤 Capteur Rivière Nord: pH=7.15, Temp=14.02°C, Turb=2.39NTU, Cond=822.12µS/cm
📤 Capteur Rivière Sud: pH=6.86, Temp=16.62°C, Turb=2.51NTU, Cond=1125.44µS/cm
📤 Capteur Rivière Est: pH=7.78, Temp=19.62°C, Turb=1.69NTU, Cond=1427.29µS/cm
📤 Capteur Rivière Nord: pH=7.36, Temp=14.33°C, Turb=2.39NTU, Cond=742.82µS/cm
📤 Capteur Rivière Sud: pH=6.83, Temp=18.19°C, Turb=3.11NTU, Cond=1341.88µS/cm
📤 Capteur Rivière Est: pH=7.48, Temp=18.58°C, Turb=1.83NTU, Cond=1306.46µS/cm
📤 Capteur Rivière Nord: pH=7.29, Temp=16.84°C, Turb=2.74NTU, Cond=767.70µS/cm
📤 Capteur Rivière Sud: pH=6.85, Temp=19.86°C, Turb=2.67NTU, Cond=1078.25µS/cm
📤 Capteur Rivière Est: pH=7.21, Temp=18.32°C, Turb=1.45NTU, Cond=1420.62µS/cm
📤 Capteur Rivière Nord: pH=7.37, Temp=14.47°C, Turb=2.13NTU, Cond=949.71µS/cm
📤 Capteur Rivière Sud: pH=6.88, Temp=18.23°C, Turb=2.72NTU, Cond=1396.99µS/cm
📤 Capteur Rivière Est: pH=7.57, Temp=19.80°C, Turb=1.75NTU, Cond=1654.20µS/cm
📤 Capteur Rivière Nord: pH=7.28, Temp=16.10°C, Turb=13.81NTU, Cond=992.62µS/cm
📤 Capteur Rivière Sud: pH=7.08, Temp=17.21°C, Turb=2.94NTU, Cond=1159.15µS/cm
📤 Capteur Rivière Est: pH=7.22, Temp=20.54°C, Turb=1.45NTU, Cond=1512.47µS/cm
📤 Capteur Rivière Nord: pH=7.44, Temp=15.91°C, Turb=2.54NTU, Cond=763.10µS/cm
📤 Capteur Rivière Sud: pH=7.24, Temp=17.43°C, Turb=2.90NTU, Cond=1249.88µS/cm
📤 Capteur Rivière Est: pH=7.63, Temp=20.78°C, Turb=1.71NTU, Cond=1474.71µS/cm
📤 Capteur Rivière Nord: pH=7.23, Temp=16.68°C, Turb=2.61NTU, Cond=751.12µS/cm
📤 Capteur Rivière Sud: pH=7.12, Temp=16.34°C, Turb=3.38NTU, Cond=1267.13µS/cm
📤 Capteur Rivière Est: pH=7.75, Temp=19.52°C, Turb=1.86NTU, Cond=1586.98µS/cm
📤 Capteur Rivière Nord: pH=7.07, Temp=14.40°C, Turb=2.05NTU, Cond=992.73µS/cm
📤 Capteur Rivière Sud: pH=7.27, Temp=18.14°C, Turb=2.73NTU, Cond=1026.99µS/cm
📤 Capteur Rivière Est: pH=7.80, Temp=19.81°C, Turb=2.09NTU, Cond=1523.33µS/cm
📤 Capteur Rivière Nord: pH=7.47, Temp=16.93°C, Turb=2.07NTU, Cond=821.06µS/cm
📤 Capteur Rivière Sud: pH=7.01, Temp=17.06°C, Turb=3.28NTU, Cond=1108.47µS/cm
📤 Capteur Rivière Est: pH=7.21, Temp=18.10°C, Turb=1.43NTU, Cond=1575.88µS/cm
📤 Capteur Rivière Nord: pH=7.47, Temp=13.52°C, Turb=2.72NTU, Cond=854.05µS/cm
📤 Capteur Rivière Sud: pH=6.96, Temp=16.10°C, Turb=2.66NTU, Cond=1234.97µS/cm
📤 Capteur Rivière Est: pH=7.22, Temp=21.88°C, Turb=1.76NTU, Cond=1413.16µS/cm
📤 Capteur Rivière Nord: pH=7.05, Temp=14.84°C, Turb=2.79NTU, Cond=657.59µS/cm
📤 Capteur Rivière Sud: pH=7.07, Temp=19.65°C, Turb=3.44NTU, Cond=1291.39µS/cm
📤 Capteur Rivière Est: pH=7.36, Temp=21.40°C, Turb=1.39NTU, Cond=1360.53µS/cm
📤 Capteur Rivière Nord: pH=7.19, Temp=15.44°C, Turb=2.68NTU, Cond=713.33µS/cm
📤 Capteur Rivière Sud: pH=7.20, Temp=18.09°C, Turb=3.00NTU, Cond=1283.75µS/cm
📤 Capteur Rivière Est: pH=7.60, Temp=19.38°C, Turb=1.65NTU, Cond=1457.87µS/cm
📤 Capteur Rivière Nord: pH=7.30, Temp=16.92°C, Turb=2.77NTU, Cond=962.58µS/cm
📤 Capteur Rivière Sud: pH=7.04, Temp=17.53°C, Turb=2.54NTU, Cond=1259.18µS/cm
📤 Capteur Rivière Est: pH=7.44, Temp=18.09°C, Turb=1.93NTU, Cond=1514.57µS/cm
📤 Capteur Rivière Nord: pH=6.91, Temp=15.05°C, Turb=2.32NTU, Cond=901.83µS/cm
📤 Capteur Rivière Sud: pH=7.26, Temp=17.18°C, Turb=2.93NTU, Cond=1387.74µS/cm
📤 Capteur Rivière Est: pH=7.68, Temp=19.45°C, Turb=1.92NTU, Cond=1481.87µS/cm
📤 Capteur Rivière Nord: pH=7.36, Temp=14.91°C, Turb=2.72NTU, Cond=640.61µS/cm
📤 Capteur Rivière Sud: pH=6.97, Temp=16.98°C, Turb=2.81NTU, Cond=1292.09µS/cm
📤 Capteur Rivière Est: pH=7.23, Temp=35.85°C, Turb=2.04NTU, Cond=1584.38µS/cm
📤 Capteur Rivière Nord: pH=7.07, Temp=13.52°C, Turb=2.05NTU, Cond=682.59µS/cm
📤 Capteur Rivière Sud: pH=7.24, Temp=16.42°C, Turb=2.60NTU, Cond=1389.05µS/cm
📤 Capteur Rivière Est: pH=7.55, Temp=20.96°C, Turb=2.08NTU, Cond=1325.05µS/cm
📤 Capteur Rivière Nord: pH=6.92, Temp=13.98°C, Turb=2.36NTU, Cond=991.25µS/cm
📤 Capteur Rivière Sud: pH=6.74, Temp=18.95°C, Turb=3.15NTU, Cond=1363.53µS/cm
📤 Capteur Rivière Est: pH=7.38, Temp=20.16°C, Turb=1.57NTU, Cond=1547.11µS/cm
📤 Capteur Rivière Nord: pH=7.21, Temp=-3.89°C, Turb=2.78NTU, Cond=999.87µS/cm
📤 Capteur Rivière Sud: pH=6.98, Temp=16.88°C, Turb=3.39NTU, Cond=1331.07µS/cm
📤 Capteur Rivière Est: pH=7.79, Temp=18.63°C, Turb=2.04NTU, Cond=1623.39µS/cm
📤 Capteur Rivière Nord: pH=7.45, Temp=13.63°C, Turb=2.93NTU, Cond=709.16µS/cm
📤 Capteur Rivière Sud: pH=6.74, Temp=19.98°C, Turb=2.66NTU, Cond=1339.24µS/cm
📤 Capteur Rivière Est: pH=7.27, Temp=20.28°C, Turb=2.03NTU, Cond=1665.17µS/cm
📤 Capteur Rivière Nord: pH=7.16, Temp=14.19°C, Turb=11.39NTU, Cond=847.53µS/cm
📤 Capteur Rivière Sud: pH=7.27, Temp=18.38°C, Turb=2.77NTU, Cond=1289.88µS/cm
📤 Capteur Rivière Est: pH=7.49, Temp=20.88°C, Turb=2.12NTU, Cond=1590.62µS/cm
📤 Capteur Rivière Nord: pH=7.17, Temp=13.70°C, Turb=2.38NTU, Cond=760.95µS/cm
📤 Capteur Rivière Sud: pH=6.91, Temp=17.16°C, Turb=3.08NTU, Cond=1259.74µS/cm
📤 Capteur Rivière Est: pH=7.41, Temp=18.36°C, Turb=2.15NTU, Cond=1378.12µS/cm
📤 Capteur Rivière Nord: pH=7.25, Temp=16.47°C, Turb=2.92NTU, Cond=727.94µS/cm
📤 Capteur Rivière Sud: pH=7.28, Temp=16.62°C, Turb=2.90NTU, Cond=1161.58µS/cm
📤 Capteur Rivière Est: pH=7.77, Temp=19.15°C, Turb=1.60NTU, Cond=1312.43µS/cm
📤 Capteur Rivière Nord: pH=6.94, Temp=14.59°C, Turb=2.57NTU, Cond=939.18µS/cm
📤 Capteur Rivière Sud: pH=6.88, Temp=16.28°C, Turb=3.00NTU, Cond=1043.40µS/cm
📤 Capteur Rivière Est: pH=7.73, Temp=18.35°C, Turb=1.63NTU, Cond=1663.28µS/cm
📤 Capteur Rivière Nord: pH=7.23, Temp=15.15°C, Turb=2.91NTU, Cond=4631.34µS/cm
📤 Capteur Rivière Sud: pH=7.18, Temp=19.38°C, Turb=3.11NTU, Cond=1368.31µS/cm
📤 Capteur Rivière Est: pH=7.58, Temp=18.75°C, Turb=1.86NTU, Cond=1671.78µS/cm
📤 Capteur Rivière Nord: pH=7.42, Temp=14.00°C, Turb=2.04NTU, Cond=799.07µS/cm
📤 Capteur Rivière Sud: pH=6.73, Temp=19.63°C, Turb=3.06NTU, Cond=1087.20µS/cm
📤 Capteur Rivière Est: pH=7.39, Temp=19.56°C, Turb=2.00NTU, Cond=1635.41µS/cm
📤 Capteur Rivière Nord: pH=7.40, Temp=16.31°C, Turb=2.19NTU, Cond=874.65µS/cm
📤 Capteur Rivière Sud: pH=7.13, Temp=19.27°C, Turb=3.16NTU, Cond=1039.51µS/cm
📤 Capteur Rivière Est: pH=7.78, Temp=19.46°C, Turb=1.85NTU, Cond=1365.54µS/cm
📤 Capteur Rivière Nord: pH=7.12, Temp=13.98°C, Turb=2.73NTU, Cond=826.42µS/cm
📤 Capteur Rivière Sud: pH=7.13, Temp=17.40°C, Turb=2.79NTU, Cond=1159.75µS/cm
📤 Capteur Rivière Est: pH=7.54, Temp=18.43°C, Turb=1.90NTU, Cond=1562.19µS/cm
📤 Capteur Rivière Nord: pH=7.08, Temp=14.57°C, Turb=2.77NTU, Cond=894.74µS/cm
📤 Capteur Rivière Sud: pH=7.11, Temp=16.12°C, Turb=3.38NTU, Cond=1188.01µS/cm
📤 Capteur Rivière Est: pH=7.42, Temp=21.15°C, Turb=1.56NTU, Cond=1310.02µS/cm
📤 Capteur Rivière Nord: pH=7.28, Temp=16.29°C, Turb=2.32NTU, Cond=727.76µS/cm
📤 Capteur Rivière Sud: pH=7.03, Temp=17.22°C, Turb=3.00NTU, Cond=1291.54µS/cm
📤 Capteur Rivière Est: pH=7.24, Temp=21.91°C, Turb=1.95NTU, Cond=1600.38µS/cm
📤 Capteur Rivière Nord: pH=7.24, Temp=15.32°C, Turb=10.79NTU, Cond=904.11µS/cm
📤 Capteur Rivière Sud: pH=7.07, Temp=17.41°C, Turb=3.03NTU, Cond=1371.69µS/cm
📤 Capteur Rivière Est: pH=7.42, Temp=19.81°C, Turb=1.45NTU, Cond=1592.71µS/cm
📤 Capteur Rivière Nord: pH=7.11, Temp=13.95°C, Turb=2.12NTU, Cond=840.34µS/cm
📤 Capteur Rivière Sud: pH=7.25, Temp=16.60°C, Turb=3.05NTU, Cond=1135.22µS/cm
📤 Capteur Rivière Est: pH=7.39, Temp=18.46°C, Turb=1.72NTU, Cond=1497.01µS/cm
📤 Capteur Rivière Nord: pH=7.35, Temp=13.49°C, Turb=2.94NTU, Cond=916.32µS/cm
📤 Capteur Rivière Sud: pH=7.08, Temp=19.14°C, Turb=2.69NTU, Cond=1344.62µS/cm
📤 Capteur Rivière Est: pH=7.26, Temp=21.40°C, Turb=1.91NTU, Cond=1393.49µS/cm
📤 Capteur Rivière Nord: pH=6.95, Temp=15.64°C, Turb=2.47NTU, Cond=966.57µS/cm
📤 Capteur Rivière Sud: pH=6.79, Temp=17.17°C, Turb=3.45NTU, Cond=1337.21µS/cm
📤 Capteur Rivière Est: pH=7.30, Temp=20.58°C, Turb=1.48NTU, Cond=1395.56µS/cm
📤 Capteur Rivière Nord: pH=7.15, Temp=15.63°C, Turb=2.58NTU, Cond=765.86µS/cm
📤 Capteur Rivière Sud: pH=7.15, Temp=19.96°C, Turb=3.17NTU, Cond=1123.06µS/cm
📤 Capteur Rivière Est: pH=7.68, Temp=21.38°C, Turb=1.67NTU, Cond=1413.45µS/cm
📤 Capteur Rivière Nord: pH=7.12, Temp=16.43°C, Turb=2.99NTU, Cond=949.11µS/cm
📤 Capteur Rivière Sud: pH=6.74, Temp=17.04°C, Turb=3.17NTU, Cond=1181.36µS/cm
📤 Capteur Rivière Est: pH=7.58, Temp=19.39°C, Turb=1.46NTU, Cond=1570.41µS/cm
📤 Capteur Rivière Nord: pH=7.07, Temp=16.73°C, Turb=2.96NTU, Cond=797.44µS/cm
📤 Capteur Rivière Sud: pH=6.92, Temp=18.76°C, Turb=2.93NTU, Cond=1004.80µS/cm
📤 Capteur Rivière Est: pH=7.69, Temp=-0.01°C, Turb=1.44NTU, Cond=1301.11µS/cm
📤 Capteur Rivière Nord: pH=7.31, Temp=16.53°C, Turb=2.32NTU, Cond=742.89µS/cm
📤 Capteur Rivière Sud: pH=6.73, Temp=17.91°C, Turb=2.81NTU, Cond=1011.01µS/cm
📤 Capteur Rivière Est: pH=7.56, Temp=21.72°C, Turb=2.14NTU, Cond=1620.47µS/cm
📤 Capteur Rivière Nord: pH=7.10, Temp=16.21°C, Turb=2.23NTU, Cond=607.91µS/cm
📤 Capteur Rivière Sud: pH=6.87, Temp=19.90°C, Turb=2.88NTU, Cond=1086.16µS/cm
📤 Capteur Rivière Est: pH=7.75, Temp=19.04°C, Turb=1.42NTU, Cond=1665.55µS/cm
📤 Capteur Rivière Nord: pH=7.08, Temp=16.39°C, Turb=2.05NTU, Cond=823.80µS/cm
📤 Capteur Rivière Sud: pH=6.79, Temp=16.25°C, Turb=2.61NTU, Cond=1086.30µS/cm
📤 Capteur Rivière Est: pH=7.49, Temp=18.75°C, Turb=1.92NTU, Cond=1439.80µS/cm
📤 Capteur Rivière Nord: pH=7.33, Temp=15.79°C, Turb=2.92NTU, Cond=867.33µS/cm
📤 Capteur Rivière Sud: pH=7.21, Temp=17.84°C, Turb=2.68NTU, Cond=1284.51µS/cm
📤 Capteur Rivière Est: pH=7.69, Temp=19.44°C, Turb=2.17NTU, Cond=1417.67µS/cm
📤 Capteur Rivière Nord: pH=6.91, Temp=14.03°C, Turb=2.90NTU, Cond=886.92µS/cm
📤 Capteur Rivière Sud: pH=7.23, Temp=18.80°C, Turb=3.19NTU, Cond=1316.58µS/cm
📤 Capteur Rivière Est: pH=7.62, Temp=20.79°C, Turb=2.14NTU, Cond=1427.75µS/cm
📤 Capteur Rivière Nord: pH=7.21, Temp=14.43°C, Turb=13.40NTU, Cond=800.30µS/cm
📤 Capteur Rivière Sud: pH=6.83, Temp=19.53°C, Turb=2.81NTU, Cond=1202.79µS/cm
📤 Capteur Rivière Est: pH=7.56, Temp=18.33°C, Turb=1.54NTU, Cond=1626.17µS/cm
📤 Capteur Rivière Nord: pH=7.44, Temp=16.37°C, Turb=2.89NTU, Cond=662.86µS/cm
📤 Capteur Rivière Sud: pH=7.03, Temp=17.85°C, Turb=3.09NTU, Cond=1122.36µS/cm
📤 Capteur Rivière Est: pH=7.75, Temp=21.25°C, Turb=2.02NTU, Cond=1695.33µS/cm
📤 Capteur Rivière Nord: pH=7.49, Temp=15.42°C, Turb=2.52NTU, Cond=638.35µS/cm
📤 Capteur Rivière Sud: pH=7.30, Temp=17.88°C, Turb=2.82NTU, Cond=1214.52µS/cm
📤 Capteur Rivière Est: pH=7.27, Temp=20.56°C, Turb=1.72NTU, Cond=1431.13µS/cm
📤 Capteur Rivière Nord: pH=7.06, Temp=14.13°C, Turb=2.49NTU, Cond=642.05µS/cm
📤 Capteur Rivière Sud: pH=7.26, Temp=19.26°C, Turb=2.70NTU, Cond=1130.36µS/cm
📤 Capteur Rivière Est: pH=7.49, Temp=21.21°C, Turb=2.13NTU, Cond=1680.71µS/cm
📤 Capteur Rivière Nord: pH=7.21, Temp=16.24°C, Turb=2.27NTU, Cond=691.74µS/cm
📤 Capteur Rivière Sud: pH=7.23, Temp=19.75°C, Turb=2.67NTU, Cond=1184.84µS/cm
📤 Capteur Rivière Est: pH=7.74, Temp=20.31°C, Turb=1.93NTU, Cond=1397.00µS/cm
📤 Capteur Rivière Nord: pH=7.04, Temp=14.99°C, Turb=2.08NTU, Cond=985.05µS/cm
📤 Capteur Rivière Sud: pH=6.87, Temp=19.36°C, Turb=3.14NTU, Cond=1128.80µS/cm
📤 Capteur Rivière Est: pH=7.64, Temp=21.25°C, Turb=2.23NTU, Cond=1469.12µS/cm
📤 Capteur Rivière Nord: pH=7.07, Temp=14.86°C, Turb=2.69NTU, Cond=851.32µS/cm
📤 Capteur Rivière Sud: pH=7.23, Temp=17.71°C, Turb=2.94NTU, Cond=1304.26µS/cm
📤 Capteur Rivière Est: pH=7.66, Temp=18.45°C, Turb=1.98NTU, Cond=1679.67µS/cm
📤 Capteur Rivière Nord: pH=7.09, Temp=16.32°C, Turb=2.51NTU, Cond=889.04µS/cm
📤 Capteur Rivière Sud: pH=7.22, Temp=17.63°C, Turb=2.84NTU, Cond=1278.17µS/cm
📤 Capteur Rivière Est: pH=7.29, Temp=20.96°C, Turb=1.38NTU, Cond=1339.89µS/cm
📤 Capteur Rivière Nord: pH=7.09, Temp=14.39°C, Turb=2.25NTU, Cond=789.53µS/cm
📤 Capteur Rivière Sud: pH=6.79, Temp=18.86°C, Turb=3.15NTU, Cond=1227.41µS/cm
📤 Capteur Rivière Est: pH=7.43, Temp=19.43°C, Turb=2.29NTU, Cond=1435.78µS/cm
📤 Capteur Rivière Nord: pH=7.40, Temp=15.88°C, Turb=2.32NTU, Cond=721.40µS/cm
📤 Capteur Rivière Sud: pH=6.81, Temp=17.12°C, Turb=3.45NTU, Cond=1148.63µS/cm
📤 Capteur Rivière Est: pH=7.27, Temp=18.65°C, Turb=2.19NTU, Cond=1632.04µS/cm
📤 Capteur Rivière Nord: pH=7.23, Temp=15.91°C, Turb=2.49NTU, Cond=963.72µS/cm
📤 Capteur Rivière Sud: pH=6.78, Temp=16.04°C, Turb=3.45NTU, Cond=1134.29µS/cm
📤 Capteur Rivière Est: pH=7.55, Temp=18.49°C, Turb=2.22NTU, Cond=1650.85µS/cm
📤 Capteur Rivière Nord: pH=7.21, Temp=16.54°C, Turb=2.75NTU, Cond=858.09µS/cm
📤 Capteur Rivière Sud: pH=7.16, Temp=17.19°C, Turb=3.31NTU, Cond=1159.76µS/cm
📤 Capteur Rivière Est: pH=7.57, Temp=21.93°C, Turb=13.69NTU, Cond=1422.60µS/cm
📤 Capteur Rivière Nord: pH=7.14, Temp=16.11°C, Turb=2.71NTU, Cond=977.00µS/cm
📤 Capteur Rivière Sud: pH=6.99, Temp=19.01°C, Turb=3.07NTU, Cond=1309.85µS/cm
📤 Capteur Rivière Est: pH=7.26, Temp=19.13°C, Turb=2.15NTU, Cond=1555.00µS/cm
📤 Capteur Rivière Nord: pH=6.99, Temp=15.58°C, Turb=2.12NTU, Cond=623.51µS/cm
📤 Capteur Rivière Sud: pH=6.80, Temp=16.65°C, Turb=3.38NTU, Cond=1351.37µS/cm
📤 Capteur Rivière Est: pH=7.36, Temp=19.78°C, Turb=1.58NTU, Cond=1418.15µS/cm
📤 Capteur Rivière Nord: pH=6.92, Temp=16.54°C, Turb=2.45NTU, Cond=870.92µS/cm
📤 Capteur Rivière Sud: pH=7.16, Temp=16.36°C, Turb=2.60NTU, Cond=1009.74µS/cm
📤 Capteur Rivière Est: pH=7.24, Temp=20.77°C, Turb=1.72NTU, Cond=1356.08µS/cm
📤 Capteur Rivière Nord: pH=6.91, Temp=16.63°C, Turb=2.80NTU, Cond=725.12µS/cm
📤 Capteur Rivière Sud: pH=6.91, Temp=17.43°C, Turb=2.64NTU, Cond=1172.90µS/cm
📤 Capteur Rivière Est: pH=7.71, Temp=20.02°C, Turb=2.02NTU, Cond=1681.01µS/cm
📤 Capteur Rivière Nord: pH=7.05, Temp=14.39°C, Turb=2.62NTU, Cond=779.04µS/cm
📤 Capteur Rivière Sud: pH=7.03, Temp=18.88°C, Turb=2.57NTU, Cond=1190.49µS/cm
📤 Capteur Rivière Est: pH=7.73, Temp=21.05°C, Turb=2.16NTU, Cond=1308.13µS/cm
📤 Capteur Rivière Nord: pH=7.35, Temp=16.84°C, Turb=2.21NTU, Cond=986.21µS/cm
📤 Capteur Rivière Sud: pH=7.24, Temp=18.55°C, Turb=2.65NTU, Cond=1044.10µS/cm
📤 Capteur Rivière Est: pH=7.62, Temp=19.23°C, Turb=1.57NTU, Cond=1477.24µS/cm
📤 Capteur Rivière Nord: pH=7.32, Temp=14.16°C, Turb=2.33NTU, Cond=792.08µS/cm
📤 Capteur Rivière Sud: pH=7.26, Temp=19.82°C, Turb=2.65NTU, Cond=1114.54µS/cm
📤 Capteur Rivière Est: pH=7.58, Temp=21.16°C, Turb=1.75NTU, Cond=1648.27µS/cm
📤 Capteur Rivière Nord: pH=7.34, Temp=13.98°C, Turb=2.69NTU, Cond=949.49µS/cm
📤 Capteur Rivière Sud: pH=7.29, Temp=17.86°C, Turb=3.20NTU, Cond=1071.84µS/cm
📤 Capteur Rivière Est: pH=7.44, Temp=18.32°C, Turb=2.26NTU, Cond=1619.07µS/cm
📤 Capteur Rivière Nord: pH=7.35, Temp=14.11°C, Turb=2.30NTU, Cond=787.92µS/cm
📤 Capteur Rivière Sud: pH=6.87, Temp=19.44°C, Turb=2.50NTU, Cond=1317.39µS/cm
📤 Capteur Rivière Est: pH=7.39, Temp=20.38°C, Turb=1.90NTU, Cond=1423.89µS/cm
📤 Capteur Rivière Nord: pH=7.14, Temp=13.56°C, Turb=2.48NTU, Cond=724.81µS/cm
📤 Capteur Rivière Sud: pH=7.25, Temp=16.91°C, Turb=3.44NTU, Cond=1092.98µS/cm
📤 Capteur Rivière Est: pH=7.43, Temp=20.36°C, Turb=1.73NTU, Cond=1328.18µS/cm
📤 Capteur Rivière Nord: pH=7.29, Temp=15.60°C, Turb=2.34NTU, Cond=900.43µS/cm
📤 Capteur Rivière Sud: pH=7.08, Temp=16.57°C, Turb=3.39NTU, Cond=1337.20µS/cm
📤 Capteur Rivière Est: pH=7.40, Temp=21.90°C, Turb=1.57NTU, Cond=1432.71µS/cm
📤 Capteur Rivière Nord: pH=6.97, Temp=14.33°C, Turb=14.45NTU, Cond=665.17µS/cm
📤 Capteur Rivière Sud: pH=7.24, Temp=17.97°C, Turb=3.07NTU, Cond=1078.34µS/cm
📤 Capteur Rivière Est: pH=7.31, Temp=19.79°C, Turb=1.39NTU, Cond=1656.38µS/cm
📤 Capteur Rivière Nord: pH=7.41, Temp=14.28°C, Turb=2.64NTU, Cond=802.39µS/cm
📤 Capteur Rivière Sud: pH=6.77, Temp=19.83°C, Turb=2.50NTU, Cond=1031.70µS/cm
📤 Capteur Rivière Est: pH=7.31, Temp=21.98°C, Turb=2.06NTU, Cond=4139.66µS/cm
📤 Capteur Rivière Nord: pH=7.05, Temp=16.38°C, Turb=2.58NTU, Cond=835.15µS/cm
📤 Capteur Rivière Sud: pH=6.93, Temp=16.77°C, Turb=2.95NTU, Cond=1342.27µS/cm
📤 Capteur Rivière Est: pH=7.22, Temp=18.99°C, Turb=1.98NTU, Cond=1630.06µS/cm
📤 Capteur Rivière Nord: pH=7.47, Temp=14.69°C, Turb=2.89NTU, Cond=969.82µS/cm
📤 Capteur Rivière Sud: pH=6.92, Temp=16.21°C, Turb=3.16NTU, Cond=1199.38µS/cm
📤 Capteur Rivière Est: pH=7.36, Temp=21.05°C, Turb=2.03NTU, Cond=1317.44µS/cm
📤 Capteur Rivière Nord: pH=7.16, Temp=14.36°C, Turb=2.70NTU, Cond=602.64µS/cm
📤 Capteur Rivière Sud: pH=7.29, Temp=18.81°C, Turb=3.17NTU, Cond=1166.88µS/cm
📤 Capteur Rivière Est: pH=7.20, Temp=21.92°C, Turb=2.17NTU, Cond=1525.26µS/cm
📤 Capteur Rivière Nord: pH=7.30, Temp=16.93°C, Turb=2.92NTU, Cond=777.68µS/cm
📤 Capteur Rivière Sud: pH=7.02, Temp=17.87°C, Turb=2.52NTU, Cond=1308.45µS/cm
📤 Capteur Rivière Est: pH=7.66, Temp=21.54°C, Turb=1.36NTU, Cond=1442.22µS/cm
📤 Capteur Rivière Nord: pH=7.08, Temp=15.68°C, Turb=2.96NTU, Cond=711.04µS/cm
📤 Capteur Rivière Sud: pH=7.17, Temp=19.82°C, Turb=2.69NTU, Cond=1031.42µS/cm
📤 Capteur Rivière Est: pH=7.42, Temp=19.62°C, Turb=1.31NTU, Cond=1690.76µS/cm
📤 Capteur Rivière Nord: pH=6.95, Temp=14.22°C, Turb=2.83NTU, Cond=695.67µS/cm
📤 Capteur Rivière Sud: pH=7.07, Temp=16.28°C, Turb=2.66NTU, Cond=1153.65µS/cm
📤 Capteur Rivière Est: pH=7.72, Temp=18.21°C, Turb=1.66NTU, Cond=1324.23µS/cm
📤 Capteur Rivière Nord: pH=9.27, Temp=13.61°C, Turb=2.92NTU, Cond=708.39µS/cm
📤 Capteur Rivière Sud: pH=7.17, Temp=-3.06°C, Turb=3.28NTU, Cond=1311.48µS/cm
📤 Capteur Rivière Est: pH=7.28, Temp=18.66°C, Turb=2.09NTU, Cond=1373.24µS/cm
📤 Capteur Rivière Nord: pH=7.29, Temp=14.00°C, Turb=2.59NTU, Cond=898.83µS/cm
📤 Capteur Rivière Sud: pH=6.71, Temp=19.30°C, Turb=3.23NTU, Cond=1242.10µS/cm
📤 Capteur Rivière Est: pH=7.39, Temp=18.09°C, Turb=2.16NTU, Cond=1667.24µS/cm
📤 Capteur Rivière Nord: pH=7.30, Temp=15.93°C, Turb=2.93NTU, Cond=603.37µS/cm
📤 Capteur Rivière Sud: pH=6.89, Temp=17.39°C, Turb=2.97NTU, Cond=1094.99µS/cm
📤 Capteur Rivière Est: pH=7.59, Temp=18.49°C, Turb=1.63NTU, Cond=1369.74µS/cm
📤 Capteur Rivière Nord: pH=7.05, Temp=15.82°C, Turb=2.31NTU, Cond=902.27µS/cm
📤 Capteur Rivière Sud: pH=7.30, Temp=16.03°C, Turb=2.54NTU, Cond=1125.90µS/cm
📤 Capteur Rivière Est: pH=7.76, Temp=18.95°C, Turb=2.17NTU, Cond=1516.42µS/cm
📤 Capteur Rivière Nord: pH=6.95, Temp=14.20°C, Turb=2.60NTU, Cond=817.98µS/cm
📤 Capteur Rivière Sud: pH=6.76, Temp=16.14°C, Turb=2.64NTU, Cond=1248.49µS/cm
📤 Capteur Rivière Est: pH=7.45, Temp=18.88°C, Turb=13.27NTU, Cond=1612.34µS/cm
📤 Capteur Rivière Nord: pH=7.40, Temp=13.32°C, Turb=2.07NTU, Cond=628.33µS/cm
📤 Capteur Rivière Sud: pH=7.24, Temp=16.61°C, Turb=10.46NTU, Cond=1005.12µS/cm
📤 Capteur Rivière Est: pH=7.48, Temp=20.86°C, Turb=2.15NTU, Cond=1357.77µS/cm
📤 Capteur Rivière Nord: pH=7.22, Temp=16.01°C, Turb=2.06NTU, Cond=677.03µS/cm
📤 Capteur Rivière Sud: pH=7.27, Temp=16.43°C, Turb=2.75NTU, Cond=1387.06µS/cm
📤 Capteur Rivière Est: pH=7.33, Temp=19.78°C, Turb=1.89NTU, Cond=1344.86µS/cm
📤 Capteur Rivière Nord: pH=7.40, Temp=13.63°C, Turb=2.72NTU, Cond=932.18µS/cm
📤 Capteur Rivière Sud: pH=7.03, Temp=17.28°C, Turb=3.22NTU, Cond=1225.64µS/cm
📤 Capteur Rivière Est: pH=7.74, Temp=19.54°C, Turb=1.72NTU, Cond=1563.94µS/cm
📤 Capteur Rivière Nord: pH=6.90, Temp=15.14°C, Turb=2.57NTU, Cond=671.24µS/cm
📤 Capteur Rivière Sud: pH=6.96, Temp=18.22°C, Turb=3.27NTU, Cond=1141.99µS/cm
📤 Capteur Rivière Est: pH=7.47, Temp=19.02°C, Turb=2.24NTU, Cond=1548.58µS/cm
📤 Capteur Rivière Nord: pH=7.45, Temp=16.41°C, Turb=2.05NTU, Cond=969.56µS/cm
📤 Capteur Rivière Sud: pH=6.73, Temp=18.39°C, Turb=2.99NTU, Cond=1153.81µS/cm
📤 Capteur Rivière Est: pH=7.48, Temp=18.35°C, Turb=2.24NTU, Cond=1474.99µS/cm
📤 Capteur Rivière Nord: pH=7.19, Temp=14.12°C, Turb=2.77NTU, Cond=720.26µS/cm
📤 Capteur Rivière Sud: pH=7.02, Temp=19.63°C, Turb=3.24NTU, Cond=1322.75µS/cm
📤 Capteur Rivière Est: pH=7.47, Temp=21.96°C, Turb=1.62NTU, Cond=1535.49µS/cm
📤 Capteur Rivière Nord: pH=7.18, Temp=16.54°C, Turb=2.44NTU, Cond=930.08µS/cm
📤 Capteur Rivière Sud: pH=6.70, Temp=19.47°C, Turb=2.90NTU, Cond=1297.04µS/cm
📤 Capteur Rivière Est: pH=7.34, Temp=19.46°C, Turb=12.80NTU, Cond=1607.15µS/cm
📤 Capteur Rivière Nord: pH=7.44, Temp=13.65°C, Turb=2.34NTU, Cond=897.59µS/cm
📤 Capteur Rivière Sud: pH=7.26, Temp=16.07°C, Turb=2.53NTU, Cond=1018.40µS/cm
📤 Capteur Rivière Est: pH=7.66, Temp=21.81°C, Turb=1.70NTU, Cond=1626.89µS/cm
📤 Capteur Rivière Nord: pH=7.17, Temp=14.73°C, Turb=2.98NTU, Cond=700.39µS/cm
📤 Capteur Rivière Sud: pH=7.01, Temp=16.13°C, Turb=2.70NTU, Cond=1001.21µS/cm
📤 Capteur Rivière Est: pH=7.57, Temp=20.72°C, Turb=1.92NTU, Cond=1675.54µS/cm
📤 Capteur Rivière Nord: pH=7.36, Temp=14.84°C, Turb=2.34NTU, Cond=679.04µS/cm
📤 Capteur Rivière Sud: pH=7.04, Temp=18.46°C, Turb=3.04NTU, Cond=1111.66µS/cm
📤 Capteur Rivière Est: pH=7.46, Temp=19.57°C, Turb=1.73NTU, Cond=1479.31µS/cm
📤 Capteur Rivière Nord: pH=7.37, Temp=16.55°C, Turb=2.66NTU, Cond=787.58µS/cm
📤 Capteur Rivière Sud: pH=7.07, Temp=18.67°C, Turb=2.80NTU, Cond=1048.81µS/cm
📤 Capteur Rivière Est: pH=7.57, Temp=19.26°C, Turb=2.24NTU, Cond=1548.90µS/cm
📤 Capteur Rivière Nord: pH=6.97, Temp=14.96°C, Turb=2.85NTU, Cond=847.50µS/cm
📤 Capteur Rivière Sud: pH=7.14, Temp=16.83°C, Turb=3.44NTU, Cond=1358.57µS/cm
📤 Capteur Rivière Est: pH=7.76, Temp=18.35°C, Turb=2.10NTU, Cond=1448.35µS/cm
📤 Capteur Rivière Nord: pH=7.29, Temp=15.46°C, Turb=2.79NTU, Cond=790.35µS/cm
📤 Capteur Rivière Sud: pH=7.26, Temp=19.61°C, Turb=2.71NTU, Cond=1061.16µS/cm
📤 Capteur Rivière Est: pH=7.32, Temp=20.81°C, Turb=2.23NTU, Cond=1602.72µS/cm
📤 Capteur Rivière Nord: pH=6.93, Temp=15.21°C, Turb=2.08NTU, Cond=646.17µS/cm
📤 Capteur Rivière Sud: pH=7.02, Temp=19.83°C, Turb=2.84NTU, Cond=1163.90µS/cm
📤 Capteur Rivière Est: pH=7.46, Temp=18.94°C, Turb=2.07NTU, Cond=1610.06µS/cm
📤 Capteur Rivière Nord: pH=7.14, Temp=14.50°C, Turb=2.43NTU, Cond=983.63µS/cm
📤 Capteur Rivière Sud: pH=7.06, Temp=18.31°C, Turb=3.23NTU, Cond=1027.92µS/cm
📤 Capteur Rivière Est: pH=7.21, Temp=19.77°C, Turb=2.20NTU, Cond=1454.64µS/cm
📤 Capteur Rivière Nord: pH=6.91, Temp=14.42°C, Turb=2.79NTU, Cond=837.89µS/cm
📤 Capteur Rivière Sud: pH=7.18, Temp=18.07°C, Turb=3.17NTU, Cond=1284.85µS/cm
📤 Capteur Rivière Est: pH=7.48, Temp=19.75°C, Turb=1.99NTU, Cond=1610.01µS/cm
📤 Capteur Rivière Nord: pH=7.49, Temp=13.78°C, Turb=2.61NTU, Cond=850.23µS/cm
📤 Capteur Rivière Sud: pH=7.12, Temp=17.68°C, Turb=2.68NTU, Cond=1049.49µS/cm
📤 Capteur Rivière Est: pH=7.44, Temp=19.08°C, Turb=1.41NTU, Cond=1516.24µS/cm
📤 Capteur Rivière Nord: pH=7.48, Temp=13.60°C, Turb=2.34NTU, Cond=989.80µS/cm
📤 Capteur Rivière Sud: pH=7.15, Temp=19.04°C, Turb=2.89NTU, Cond=1106.43µS/cm
📤 Capteur Rivière Est: pH=7.62, Temp=19.13°C, Turb=1.63NTU, Cond=1442.78µS/cm
📤 Capteur Rivière Nord: pH=7.44, Temp=15.65°C, Turb=2.84NTU, Cond=913.48µS/cm
📤 Capteur Rivière Sud: pH=6.88, Temp=17.49°C, Turb=3.32NTU, Cond=1058.82µS/cm
📤 Capteur Rivière Est: pH=7.62, Temp=19.72°C, Turb=2.26NTU, Cond=1430.70µS/cm
📤 Capteur Rivière Nord: pH=7.03, Temp=14.02°C, Turb=2.14NTU, Cond=618.61µS/cm
📤 Capteur Rivière Sud: pH=7.07, Temp=16.48°C, Turb=3.12NTU, Cond=1367.49µS/cm
📤 Capteur Rivière Est: pH=7.28, Temp=18.13°C, Turb=1.86NTU, Cond=1323.23µS/cm
📤 Capteur Rivière Nord: pH=6.90, Temp=16.69°C, Turb=2.89NTU, Cond=727.31µS/cm
📤 Capteur Rivière Sud: pH=6.94, Temp=18.20°C, Turb=3.40NTU, Cond=1297.09µS/cm
📤 Capteur Rivière Est: pH=7.58, Temp=18.50°C, Turb=1.79NTU, Cond=1402.38µS/cm
📤 Capteur Rivière Nord: pH=7.48, Temp=14.61°C, Turb=2.40NTU, Cond=661.38µS/cm
📤 Capteur Rivière Sud: pH=7.16, Temp=17.04°C, Turb=2.54NTU, Cond=1040.39µS/cm
📤 Capteur Rivière Est: pH=7.72, Temp=18.10°C, Turb=1.89NTU, Cond=1374.38µS/cm
📤 Capteur Rivière Nord: pH=7.03, Temp=13.30°C, Turb=2.01NTU, Cond=888.57µS/cm
📤 Capteur Rivière Sud: pH=7.09, Temp=18.19°C, Turb=3.18NTU, Cond=1329.01µS/cm
📤 Capteur Rivière Est: pH=7.76, Temp=21.93°C, Turb=1.32NTU, Cond=1462.13µS/cm
📤 Capteur Rivière Nord: pH=6.98, Temp=16.94°C, Turb=2.84NTU, Cond=939.46µS/cm
📤 Capteur Rivière Sud: pH=6.87, Temp=18.48°C, Turb=3.15NTU, Cond=1344.10µS/cm
📤 Capteur Rivière Est: pH=7.61, Temp=18.08°C, Turb=1.48NTU, Cond=1614.19µS/cm
📤 Capteur Rivière Nord: pH=7.03, Temp=16.88°C, Turb=2.60NTU, Cond=986.44µS/cm
📤 Capteur Rivière Sud: pH=6.84, Temp=36.13°C, Turb=2.79NTU, Cond=1258.34µS/cm
📤 Capteur Rivière Est: pH=7.24, Temp=19.03°C, Turb=1.56NTU, Cond=1469.20µS/cm
📤 Capteur Rivière Nord: pH=7.15, Temp=15.69°C, Turb=2.18NTU, Cond=970.68µS/cm
📤 Capteur Rivière Sud: pH=6.79, Temp=16.17°C, Turb=3.02NTU, Cond=1334.41µS/cm
📤 Capteur Rivière Est: pH=7.48, Temp=18.99°C, Turb=1.90NTU, Cond=1696.30µS/cm
📤 Capteur Rivière Nord: pH=7.17, Temp=13.91°C, Turb=2.20NTU, Cond=724.55µS/cm
📤 Capteur Rivière Sud: pH=6.74, Temp=19.66°C, Turb=2.64NTU, Cond=1296.45µS/cm
📤 Capteur Rivière Est: pH=7.36, Temp=21.08°C, Turb=2.07NTU, Cond=1313.36µS/cm
📤 Capteur Rivière Nord: pH=7.03, Temp=16.42°C, Turb=2.99NTU, Cond=807.08µS/cm
📤 Capteur Rivière Sud: pH=6.75, Temp=16.71°C, Turb=2.89NTU, Cond=1055.63µS/cm
📤 Capteur Rivière Est: pH=7.55, Temp=20.64°C, Turb=1.78NTU, Cond=1377.47µS/cm
📤 Capteur Rivière Nord: pH=7.41, Temp=14.01°C, Turb=2.58NTU, Cond=881.33µS/cm
📤 Capteur Rivière Sud: pH=7.29, Temp=16.74°C, Turb=2.77NTU, Cond=1304.85µS/cm
📤 Capteur Rivière Est: pH=7.33, Temp=21.89°C, Turb=2.20NTU, Cond=1676.95µS/cm
📤 Capteur Rivière Nord: pH=6.96, Temp=15.28°C, Turb=2.10NTU, Cond=905.54µS/cm
📤 Capteur Rivière Sud: pH=6.80, Temp=19.89°C, Turb=3.46NTU, Cond=1256.81µS/cm
📤 Capteur Rivière Est: pH=7.35, Temp=18.43°C, Turb=1.49NTU, Cond=1514.44µS/cm
📤 Capteur Rivière Nord: pH=6.93, Temp=13.85°C, Turb=2.52NTU, Cond=614.25µS/cm
📤 Capteur Rivière Sud: pH=7.03, Temp=17.26°C, Turb=2.74NTU, Cond=1310.73µS/cm
📤 Capteur Rivière Est: pH=7.42, Temp=19.48°C, Turb=2.11NTU, Cond=1430.00µS/cm
📤 Capteur Rivière Nord: pH=7.09, Temp=13.98°C, Turb=2.99NTU, Cond=937.37µS/cm
📤 Capteur Rivière Sud: pH=6.97, Temp=16.83°C, Turb=2.57NTU, Cond=1333.38µS/cm
📤 Capteur Rivière Est: pH=7.56, Temp=20.86°C, Turb=1.45NTU, Cond=1399.65µS/cm
📤 Capteur Rivière Nord: pH=7.24, Temp=15.34°C, Turb=2.73NTU, Cond=715.20µS/cm
📤 Capteur Rivière Sud: pH=6.99, Temp=18.32°C, Turb=3.38NTU, Cond=1320.39µS/cm
📤 Capteur Rivière Est: pH=7.45, Temp=20.77°C, Turb=1.52NTU, Cond=1450.91µS/cm
📤 Capteur Rivière Nord: pH=7.34, Temp=16.49°C, Turb=2.82NTU, Cond=764.62µS/cm
📤 Capteur Rivière Sud: pH=6.81, Temp=16.39°C, Turb=3.30NTU, Cond=1198.18µS/cm
📤 Capteur Rivière Est: pH=7.78, Temp=19.67°C, Turb=1.85NTU, Cond=1458.81µS/cm
📤 Capteur Rivière Nord: pH=7.08, Temp=13.86°C, Turb=2.78NTU, Cond=976.08µS/cm
📤 Capteur Rivière Sud: pH=7.14, Temp=16.80°C, Turb=2.73NTU, Cond=1352.43µS/cm
📤 Capteur Rivière Est: pH=7.63, Temp=20.16°C, Turb=2.15NTU, Cond=1526.77µS/cm
📤 Capteur Rivière Nord: pH=7.09, Temp=14.41°C, Turb=2.81NTU, Cond=972.97µS/cm
📤 Capteur Rivière Sud: pH=6.92, Temp=16.71°C, Turb=2.80NTU, Cond=1368.17µS/cm
📤 Capteur Rivière Est: pH=7.55, Temp=19.85°C, Turb=1.94NTU, Cond=1435.78µS/cm
📤 Capteur Rivière Nord: pH=7.43, Temp=14.27°C, Turb=2.93NTU, Cond=889.38µS/cm
📤 Capteur Rivière Sud: pH=6.88, Temp=17.00°C, Turb=2.70NTU, Cond=1315.14µS/cm
📤 Capteur Rivière Est: pH=7.78, Temp=21.42°C, Turb=1.98NTU, Cond=1655.39µS/cm
📤 Capteur Rivière Nord: pH=7.28, Temp=16.14°C, Turb=2.52NTU, Cond=677.61µS/cm
📤 Capteur Rivière Sud: pH=6.86, Temp=18.69°C, Turb=3.29NTU, Cond=1000.95µS/cm
📤 Capteur Rivière Est: pH=7.21, Temp=21.77°C, Turb=1.55NTU, Cond=1450.72µS/cm
📤 Capteur Rivière Nord: pH=7.33, Temp=16.88°C, Turb=2.60NTU, Cond=770.22µS/cm
📤 Capteur Rivière Sud: pH=7.11, Temp=16.80°C, Turb=2.63NTU, Cond=3332.44µS/cm
📤 Capteur Rivière Est: pH=7.72, Temp=19.84°C, Turb=1.96NTU, Cond=1440.29µS/cm
📤 Capteur Rivière Nord: pH=7.27, Temp=13.25°C, Turb=2.68NTU, Cond=925.24µS/cm
📤 Capteur Rivière Sud: pH=6.83, Temp=16.45°C, Turb=3.38NTU, Cond=1144.49µS/cm
📤 Capteur Rivière Est: pH=7.46, Temp=21.00°C, Turb=1.90NTU, Cond=1349.69µS/cm
📤 Capteur Rivière Nord: pH=7.10, Temp=15.13°C, Turb=2.97NTU, Cond=684.56µS/cm
📤 Capteur Rivière Sud: pH=7.03, Temp=16.31°C, Turb=2.50NTU, Cond=1258.19µS/cm
📤 Capteur Rivière Est: pH=7.35, Temp=19.58°C, Turb=2.16NTU, Cond=1414.36µS/cm
📤 Capteur Rivière Nord: pH=7.09, Temp=13.41°C, Turb=2.85NTU, Cond=676.11µS/cm
📤 Capteur Rivière Sud: pH=9.22, Temp=17.79°C, Turb=3.38NTU, Cond=1191.10µS/cm
📤 Capteur Rivière Est: pH=7.39, Temp=21.91°C, Turb=1.70NTU, Cond=1315.79µS/cm
📤 Capteur Rivière Nord: pH=7.31, Temp=16.39°C, Turb=2.20NTU, Cond=676.25µS/cm
📤 Capteur Rivière Sud: pH=7.06, Temp=16.76°C, Turb=2.62NTU, Cond=1265.64µS/cm
📤 Capteur Rivière Est: pH=7.44, Temp=21.62°C, Turb=1.99NTU, Cond=1405.14µS/cm
📤 Capteur Rivière Nord: pH=7.21, Temp=13.11°C, Turb=2.12NTU, Cond=913.73µS/cm
📤 Capteur Rivière Sud: pH=7.20, Temp=17.31°C, Turb=3.47NTU, Cond=1279.45µS/cm
📤 Capteur Rivière Est: pH=7.21, Temp=20.55°C, Turb=1.55NTU, Cond=1632.92µS/cm
📤 Capteur Rivière Nord: pH=7.44, Temp=14.17°C, Turb=2.18NTU, Cond=831.13µS/cm
📤 Capteur Rivière Sud: pH=7.04, Temp=18.27°C, Turb=2.58NTU, Cond=1071.31µS/cm
📤 Capteur Rivière Est: pH=7.75, Temp=19.41°C, Turb=2.11NTU, Cond=1318.63µS/cm
📤 Capteur Rivière Nord: pH=7.41, Temp=13.70°C, Turb=2.62NTU, Cond=619.10µS/cm
📤 Capteur Rivière Sud: pH=6.89, Temp=18.54°C, Turb=3.04NTU, Cond=1199.31µS/cm
📤 Capteur Rivière Est: pH=7.70, Temp=18.65°C, Turb=1.97NTU, Cond=1530.56µS/cm
📤 Capteur Rivière Nord: pH=7.09, Temp=13.84°C, Turb=2.24NTU, Cond=715.48µS/cm
📤 Capteur Rivière Sud: pH=7.21, Temp=17.06°C, Turb=2.99NTU, Cond=1384.26µS/cm
📤 Capteur Rivière Est: pH=7.37, Temp=18.61°C, Turb=2.16NTU, Cond=1677.52µS/cm
📤 Capteur Rivière Nord: pH=6.96, Temp=13.34°C, Turb=2.91NTU, Cond=710.38µS/cm
📤 Capteur Rivière Sud: pH=6.98, Temp=16.96°C, Turb=3.38NTU, Cond=1022.38µS/cm
📤 Capteur Rivière Est: pH=7.33, Temp=21.25°C, Turb=1.99NTU, Cond=1610.23µS/cm
📤 Capteur Rivière Nord: pH=6.92, Temp=16.95°C, Turb=2.28NTU, Cond=957.20µS/cm
📤 Capteur Rivière Sud: pH=7.03, Temp=18.33°C, Turb=3.30NTU, Cond=1171.81µS/cm
📤 Capteur Rivière Est: pH=7.57, Temp=19.40°C, Turb=2.25NTU, Cond=1517.22µS/cm
📤 Capteur Rivière Nord: pH=7.21, Temp=16.21°C, Turb=2.39NTU, Cond=917.29µS/cm
📤 Capteur Rivière Sud: pH=7.08, Temp=-2.02°C, Turb=2.95NTU, Cond=1151.22µS/cm
📤 Capteur Rivière Est: pH=7.77, Temp=18.56°C, Turb=1.53NTU, Cond=1648.16µS/cm
📤 Capteur Rivière Nord: pH=6.96, Temp=14.98°C, Turb=2.58NTU, Cond=633.01µS/cm
📤 Capteur Rivière Sud: pH=7.14, Temp=17.11°C, Turb=2.75NTU, Cond=1277.21µS/cm
📤 Capteur Rivière Est: pH=7.57, Temp=19.90°C, Turb=1.64NTU, Cond=1581.57µS/cm
📤 Capteur Rivière Nord: pH=7.48, Temp=16.63°C, Turb=2.15NTU, Cond=958.82µS/cm
📤 Capteur Rivière Sud: pH=6.84, Temp=18.86°C, Turb=3.24NTU, Cond=1275.46µS/cm
📤 Capteur Rivière Est: pH=7.38, Temp=20.69°C, Turb=2.07NTU, Cond=1373.79µS/cm
📤 Capteur Rivière Nord: pH=7.38, Temp=13.10°C, Turb=2.53NTU, Cond=668.50µS/cm
📤 Capteur Rivière Sud: pH=6.89, Temp=16.64°C, Turb=3.48NTU, Cond=1152.62µS/cm
📤 Capteur Rivière Est: pH=7.27, Temp=20.30°C, Turb=1.78NTU, Cond=1342.99µS/cm
📤 Capteur Rivière Nord: pH=6.98, Temp=16.71°C, Turb=2.21NTU, Cond=794.76µS/cm
📤 Capteur Rivière Sud: pH=7.06, Temp=16.87°C, Turb=2.58NTU, Cond=1011.58µS/cm
📤 Capteur Rivière Est: pH=7.68, Temp=20.94°C, Turb=2.23NTU, Cond=1514.08µS/cm
📤 Capteur Rivière Nord: pH=6.91, Temp=14.92°C, Turb=2.19NTU, Cond=740.98µS/cm
📤 Capteur Rivière Sud: pH=7.30, Temp=18.86°C, Turb=2.68NTU, Cond=1109.81µS/cm
📤 Capteur Rivière Est: pH=7.27, Temp=19.87°C, Turb=1.42NTU, Cond=1641.23µS/cm
📤 Capteur Rivière Nord: pH=6.91, Temp=15.96°C, Turb=2.23NTU, Cond=867.67µS/cm
📤 Capteur Rivière Sud: pH=6.86, Temp=16.24°C, Turb=3.16NTU, Cond=1122.19µS/cm
📤 Capteur Rivière Est: pH=7.78, Temp=20.32°C, Turb=2.15NTU, Cond=1350.68µS/cm
📤 Capteur Rivière Nord: pH=7.07, Temp=15.22°C, Turb=2.53NTU, Cond=736.46µS/cm
📤 Capteur Rivière Sud: pH=7.01, Temp=19.41°C, Turb=3.25NTU, Cond=1374.63µS/cm
📤 Capteur Rivière Est: pH=7.72, Temp=19.97°C, Turb=1.71NTU, Cond=1387.15µS/cm
📤 Capteur Rivière Nord: pH=7.11, Temp=14.35°C, Turb=2.60NTU, Cond=849.40µS/cm
📤 Capteur Rivière Sud: pH=6.72, Temp=16.12°C, Turb=3.48NTU, Cond=1064.68µS/cm
📤 Capteur Rivière Est: pH=7.22, Temp=18.15°C, Turb=1.78NTU, Cond=1447.43µS/cm
📤 Capteur Rivière Nord: pH=7.32, Temp=14.81°C, Turb=2.72NTU, Cond=786.79µS/cm
📤 Capteur Rivière Sud: pH=7.17, Temp=19.64°C, Turb=2.75NTU, Cond=3514.60µS/cm
📤 Capteur Rivière Est: pH=7.30, Temp=20.96°C, Turb=1.96NTU, Cond=1512.69µS/cm
📤 Capteur Rivière Nord: pH=7.25, Temp=14.39°C, Turb=2.94NTU, Cond=615.84µS/cm
📤 Capteur Rivière Sud: pH=6.92, Temp=16.16°C, Turb=3.01NTU, Cond=1010.05µS/cm
📤 Capteur Rivière Est: pH=7.42, Temp=20.43°C, Turb=1.76NTU, Cond=1322.07µS/cm
📤 Capteur Rivière Nord: pH=3.73, Temp=14.87°C, Turb=2.81NTU, Cond=880.33µS/cm
📤 Capteur Rivière Sud: pH=7.08, Temp=16.36°C, Turb=3.42NTU, Cond=1307.20µS/cm
📤 Capteur Rivière Est: pH=7.71, Temp=20.33°C, Turb=10.52NTU, Cond=1620.91µS/cm
📤 Capteur Rivière Nord: pH=6.98, Temp=16.98°C, Turb=2.08NTU, Cond=760.49µS/cm
📤 Capteur Rivière Sud: pH=7.24, Temp=17.70°C, Turb=2.58NTU, Cond=1076.49µS/cm
📤 Capteur Rivière Est: pH=7.59, Temp=18.85°C, Turb=1.74NTU, Cond=1474.39µS/cm
📤 Capteur Rivière Nord: pH=7.22, Temp=13.57°C, Turb=2.76NTU, Cond=819.30µS/cm
📤 Capteur Rivière Sud: pH=7.07, Temp=19.13°C, Turb=3.50NTU, Cond=1064.79µS/cm
📤 Capteur Rivière Est: pH=7.50, Temp=19.11°C, Turb=1.57NTU, Cond=1435.21µS/cm
📤 Capteur Rivière Nord: pH=7.12, Temp=14.35°C, Turb=2.97NTU, Cond=682.49µS/cm
📤 Capteur Rivière Sud: pH=6.88, Temp=18.70°C, Turb=2.91NTU, Cond=1334.05µS/cm
📤 Capteur Rivière Est: pH=7.27, Temp=21.26°C, Turb=1.40NTU, Cond=1667.13µS/cm
📤 Capteur Rivière Nord: pH=7.41, Temp=14.61°C, Turb=2.38NTU, Cond=731.68µS/cm
📤 Capteur Rivière Sud: pH=6.77, Temp=19.99°C, Turb=2.94NTU, Cond=1294.20µS/cm
📤 Capteur Rivière Est: pH=7.32, Temp=20.08°C, Turb=1.65NTU, Cond=1690.07µS/cm
📤 Capteur Rivière Nord: pH=7.43, Temp=16.48°C, Turb=2.53NTU, Cond=872.76µS/cm
📤 Capteur Rivière Sud: pH=6.74, Temp=16.29°C, Turb=3.27NTU, Cond=1149.38µS/cm
📤 Capteur Rivière Est: pH=7.44, Temp=21.95°C, Turb=2.16NTU, Cond=1498.48µS/cm
📤 Capteur Rivière Nord: pH=7.43, Temp=16.85°C, Turb=2.89NTU, Cond=757.63µS/cm
📤 Capteur Rivière Sud: pH=7.23, Temp=18.53°C, Turb=2.57NTU, Cond=1254.86µS/cm
📤 Capteur Rivière Est: pH=7.35, Temp=20.72°C, Turb=2.04NTU, Cond=1540.02µS/cm
📤 Capteur Rivière Nord: pH=7.37, Temp=14.98°C, Turb=2.56NTU, Cond=668.94µS/cm
📤 Capteur Rivière Sud: pH=6.98, Temp=19.69°C, Turb=3.49NTU, Cond=1280.50µS/cm
📤 Capteur Rivière Est: pH=7.74, Temp=21.99°C, Turb=1.97NTU, Cond=1364.90µS/cm
📤 Capteur Rivière Nord: pH=7.12, Temp=15.87°C, Turb=2.01NTU, Cond=894.30µS/cm
📤 Capteur Rivière Sud: pH=6.82, Temp=17.34°C, Turb=2.80NTU, Cond=1326.83µS/cm
📤 Capteur Rivière Est: pH=7.22, Temp=20.16°C, Turb=2.07NTU, Cond=1681.06µS/cm
📤 Capteur Rivière Nord: pH=7.12, Temp=13.26°C, Turb=2.25NTU, Cond=4544.59µS/cm
📤 Capteur Rivière Sud: pH=6.96, Temp=17.15°C, Turb=2.86NTU, Cond=1127.10µS/cm
📤 Capteur Rivière Est: pH=4.16, Temp=18.37°C, Turb=1.75NTU, Cond=1576.63µS/cm
📤 Capteur Rivière Nord: pH=7.24, Temp=16.17°C, Turb=2.58NTU, Cond=884.51µS/cm
📤 Capteur Rivière Sud: pH=6.89, Temp=19.11°C, Turb=2.67NTU, Cond=1268.16µS/cm
📤 Capteur Rivière Est: pH=7.55, Temp=21.12°C, Turb=1.79NTU, Cond=1520.21µS/cm
📤 Capteur Rivière Nord: pH=6.96, Temp=15.24°C, Turb=2.09NTU, Cond=767.75µS/cm
📤 Capteur Rivière Sud: pH=7.03, Temp=17.06°C, Turb=3.36NTU, Cond=1311.40µS/cm
📤 Capteur Rivière Est: pH=7.49, Temp=21.91°C, Turb=1.84NTU, Cond=1655.78µS/cm
📤 Capteur Rivière Nord: pH=7.01, Temp=16.89°C, Turb=2.23NTU, Cond=774.14µS/cm
📤 Capteur Rivière Sud: pH=6.95, Temp=16.89°C, Turb=3.10NTU, Cond=1197.47µS/cm
📤 Capteur Rivière Est: pH=7.68, Temp=21.36°C, Turb=1.78NTU, Cond=1525.46µS/cm
📤 Capteur Rivière Nord: pH=7.34, Temp=14.48°C, Turb=2.08NTU, Cond=630.54µS/cm
📤 Capteur Rivière Sud: pH=7.21, Temp=18.97°C, Turb=3.33NTU, Cond=1075.64µS/cm
📤 Capteur Rivière Est: pH=7.78, Temp=18.62°C, Turb=1.80NTU, Cond=1675.99µS/cm
📤 Capteur Rivière Nord: pH=7.39, Temp=14.32°C, Turb=2.69NTU, Cond=879.17µS/cm
📤 Capteur Rivière Sud: pH=7.23, Temp=19.28°C, Turb=3.18NTU, Cond=1041.28µS/cm
📤 Capteur Rivière Est: pH=7.68, Temp=19.59°C, Turb=1.33NTU, Cond=1610.22µS/cm
📤 Capteur Rivière Nord: pH=7.19, Temp=13.87°C, Turb=2.79NTU, Cond=734.01µS/cm
📤 Capteur Rivière Sud: pH=7.28, Temp=17.23°C, Turb=2.72NTU, Cond=1267.64µS/cm
📤 Capteur Rivière Est: pH=7.49, Temp=21.43°C, Turb=1.79NTU, Cond=1471.63µS/cm
📤 Capteur Rivière Nord: pH=7.49, Temp=15.67°C, Turb=2.77NTU, Cond=763.19µS/cm
📤 Capteur Rivière Sud: pH=6.91, Temp=16.75°C, Turb=2.57NTU, Cond=1314.25µS/cm
📤 Capteur Rivière Est: pH=7.25, Temp=20.19°C, Turb=2.21NTU, Cond=1365.83µS/cm
📤 Capteur Rivière Nord: pH=7.22, Temp=16.61°C, Turb=2.10NTU, Cond=933.89µS/cm
📤 Capteur Rivière Sud: pH=7.07, Temp=17.28°C, Turb=3.22NTU, Cond=1268.35µS/cm
📤 Capteur Rivière Est: pH=7.53, Temp=19.67°C, Turb=1.53NTU, Cond=1359.12µS/cm
📤 Capteur Rivière Nord: pH=6.99, Temp=13.13°C, Turb=2.25NTU, Cond=640.18µS/cm
📤 Capteur Rivière Sud: pH=7.09, Temp=18.58°C, Turb=3.40NTU, Cond=1391.11µS/cm
📤 Capteur Rivière Est: pH=7.59, Temp=19.45°C, Turb=1.48NTU, Cond=1481.19µS/cm
📤 Capteur Rivière Nord: pH=7.01, Temp=14.88°C, Turb=2.58NTU, Cond=848.37µS/cm
📤 Capteur Rivière Sud: pH=7.07, Temp=16.11°C, Turb=3.46NTU, Cond=4837.58µS/cm
📤 Capteur Rivière Est: pH=7.47, Temp=21.52°C, Turb=1.98NTU, Cond=1699.62µS/cm
📤 Capteur Rivière Nord: pH=7.03, Temp=16.57°C, Turb=2.66NTU, Cond=740.78µS/cm
📤 Capteur Rivière Sud: pH=6.70, Temp=17.42°C, Turb=2.82NTU, Cond=1021.24µS/cm
📤 Capteur Rivière Est: pH=7.61, Temp=18.45°C, Turb=2.18NTU, Cond=1375.44µS/cm
📤 Capteur Rivière Nord: pH=7.46, Temp=16.03°C, Turb=2.45NTU, Cond=978.46µS/cm
📤 Capteur Rivière Sud: pH=6.98, Temp=17.80°C, Turb=3.33NTU, Cond=1239.32µS/cm
📤 Capteur Rivière Est: pH=7.28, Temp=21.69°C, Turb=1.32NTU, Cond=1425.94µS/cm
📤 Capteur Rivière Nord: pH=7.15, Temp=16.30°C, Turb=2.46NTU, Cond=751.02µS/cm
📤 Capteur Rivière Sud: pH=6.90, Temp=18.83°C, Turb=2.79NTU, Cond=1174.95µS/cm
📤 Capteur Rivière Est: pH=7.40, Temp=21.95°C, Turb=1.54NTU, Cond=1468.27µS/cm
📤 Capteur Rivière Nord: pH=7.44, Temp=14.80°C, Turb=2.68NTU, Cond=938.71µS/cm
📤 Capteur Rivière Sud: pH=7.26, Temp=16.32°C, Turb=2.56NTU, Cond=1294.39µS/cm
📤 Capteur Rivière Est: pH=7.72, Temp=20.65°C, Turb=1.31NTU, Cond=1302.02µS/cm
📤 Capteur Rivière Nord: pH=7.19, Temp=16.79°C, Turb=2.40NTU, Cond=922.54µS/cm
📤 Capteur Rivière Sud: pH=6.90, Temp=19.76°C, Turb=3.47NTU, Cond=1257.15µS/cm
📤 Capteur Rivière Est: pH=7.67, Temp=19.33°C, Turb=1.46NTU, Cond=1445.69µS/cm
📤 Capteur Rivière Nord: pH=7.44, Temp=14.64°C, Turb=2.13NTU, Cond=916.71µS/cm
📤 Capteur Rivière Sud: pH=7.09, Temp=18.98°C, Turb=3.34NTU, Cond=1235.31µS/cm
📤 Capteur Rivière Est: pH=7.66, Temp=19.61°C, Turb=1.51NTU, Cond=1535.63µS/cm
📤 Capteur Rivière Nord: pH=7.20, Temp=14.23°C, Turb=2.66NTU, Cond=617.48µS/cm
📤 Capteur Rivière Sud: pH=7.04, Temp=16.99°C, Turb=3.08NTU, Cond=1049.87µS/cm
📤 Capteur Rivière Est: pH=7.47, Temp=18.38°C, Turb=1.33NTU, Cond=1616.13µS/cm
📤 Capteur Rivière Nord: pH=7.12, Temp=15.38°C, Turb=2.85NTU, Cond=826.34µS/cm
📤 Capteur Rivière Sud: pH=6.96, Temp=17.90°C, Turb=2.80NTU, Cond=1263.27µS/cm
📤 Capteur Rivière Est: pH=7.38, Temp=21.78°C, Turb=1.36NTU, Cond=3594.92µS/cm
📤 Capteur Rivière Nord: pH=7.44, Temp=16.64°C, Turb=2.95NTU, Cond=799.20µS/cm
📤 Capteur Rivière Sud: pH=6.77, Temp=16.26°C, Turb=2.56NTU, Cond=1154.20µS/cm
📤 Capteur Rivière Est: pH=7.64, Temp=19.94°C, Turb=1.64NTU, Cond=1435.25µS/cm
📤 Capteur Rivière Nord: pH=7.08, Temp=15.50°C, Turb=2.45NTU, Cond=815.37µS/cm
📤 Capteur Rivière Sud: pH=6.80, Temp=16.87°C, Turb=3.02NTU, Cond=1169.67µS/cm
📤 Capteur Rivière Est: pH=7.70, Temp=21.09°C, Turb=2.11NTU, Cond=1575.24µS/cm
📤 Capteur Rivière Nord: pH=7.12, Temp=16.50°C, Turb=2.93NTU, Cond=782.95µS/cm
📤 Capteur Rivière Sud: pH=6.78, Temp=16.69°C, Turb=2.83NTU, Cond=1162.65µS/cm
📤 Capteur Rivière Est: pH=7.71, Temp=18.96°C, Turb=2.21NTU, Cond=1612.37µS/cm
📤 Capteur Rivière Nord: pH=7.05, Temp=14.54°C, Turb=2.86NTU, Cond=782.64µS/cm
📤 Capteur Rivière Sud: pH=7.11, Temp=18.11°C, Turb=3.18NTU, Cond=1156.29µS/cm
📤 Capteur Rivière Est: pH=7.50, Temp=20.21°C, Turb=1.79NTU, Cond=1573.75µS/cm
📤 Capteur Rivière Nord: pH=7.12, Temp=14.74°C, Turb=2.31NTU, Cond=679.44µS/cm
📤 Capteur Rivière Sud: pH=7.01, Temp=16.15°C, Turb=3.16NTU, Cond=1193.73µS/cm
📤 Capteur Rivière Est: pH=7.52, Temp=20.70°C, Turb=2.09NTU, Cond=1324.69µS/cm
📤 Capteur Rivière Nord: pH=7.33, Temp=16.08°C, Turb=2.05NTU, Cond=728.54µS/cm
📤 Capteur Rivière Sud: pH=6.96, Temp=19.95°C, Turb=3.31NTU, Cond=1118.46µS/cm
📤 Capteur Rivière Est: pH=7.56, Temp=19.66°C, Turb=1.70NTU, Cond=1569.22µS/cm
📤 Capteur Rivière Nord: pH=7.49, Temp=13.09°C, Turb=2.62NTU, Cond=731.59µS/cm
📤 Capteur Rivière Sud: pH=7.17, Temp=18.55°C, Turb=2.91NTU, Cond=1308.30µS/cm
📤 Capteur Rivière Est: pH=7.29, Temp=19.51°C, Turb=1.66NTU, Cond=1448.79µS/cm
📤 Capteur Rivière Nord: pH=6.99, Temp=15.31°C, Turb=2.76NTU, Cond=721.82µS/cm
📤 Capteur Rivière Sud: pH=6.75, Temp=16.81°C, Turb=2.72NTU, Cond=1316.30µS/cm
📤 Capteur Rivière Est: pH=7.76, Temp=20.20°C, Turb=2.29NTU, Cond=1473.32µS/cm
📤 Capteur Rivière Nord: pH=7.21, Temp=14.79°C, Turb=2.56NTU, Cond=680.76µS/cm
📤 Capteur Rivière Sud: pH=6.78, Temp=17.91°C, Turb=3.48NTU, Cond=1270.64µS/cm
📤 Capteur Rivière Est: pH=7.50, Temp=18.41°C, Turb=1.89NTU, Cond=1539.50µS/cm
📤 Capteur Rivière Nord: pH=7.45, Temp=14.90°C, Turb=2.11NTU, Cond=857.59µS/cm
📤 Capteur Rivière Sud: pH=6.72, Temp=18.72°C, Turb=2.94NTU, Cond=1113.85µS/cm
📤 Capteur Rivière Est: pH=7.78, Temp=18.93°C, Turb=1.35NTU, Cond=1644.42µS/cm
📤 Capteur Rivière Nord: pH=7.34, Temp=14.27°C, Turb=2.63NTU, Cond=982.31µS/cm
📤 Capteur Rivière Sud: pH=6.77, Temp=-2.85°C, Turb=2.77NTU, Cond=1139.65µS/cm
📤 Capteur Rivière Est: pH=7.48, Temp=18.70°C, Turb=1.65NTU, Cond=1462.76µS/cm
📤 Capteur Rivière Nord: pH=7.02, Temp=14.38°C, Turb=2.90NTU, Cond=961.27µS/cm
📤 Capteur Rivière Sud: pH=6.88, Temp=17.58°C, Turb=2.93NTU, Cond=1008.16µS/cm
📤 Capteur Rivière Est: pH=7.40, Temp=18.56°C, Turb=2.07NTU, Cond=1649.41µS/cm
📤 Capteur Rivière Nord: pH=7.27, Temp=14.74°C, Turb=2.39NTU, Cond=936.61µS/cm
📤 Capteur Rivière Sud: pH=7.12, Temp=17.32°C, Turb=2.93NTU, Cond=1223.33µS/cm
📤 Capteur Rivière Est: pH=7.27, Temp=19.04°C, Turb=2.16NTU, Cond=1472.62µS/cm
📤 Capteur Rivière Nord: pH=6.94, Temp=14.09°C, Turb=2.98NTU, Cond=936.97µS/cm
📤 Capteur Rivière Sud: pH=6.80, Temp=18.52°C, Turb=3.06NTU, Cond=1369.54µS/cm
📤 Capteur Rivière Est: pH=7.47, Temp=20.80°C, Turb=1.90NTU, Cond=1549.82µS/cm
📤 Capteur Rivière Nord: pH=7.43, Temp=16.17°C, Turb=2.86NTU, Cond=652.94µS/cm
📤 Capteur Rivière Sud: pH=6.89, Temp=18.14°C, Turb=2.52NTU, Cond=1360.02µS/cm
📤 Capteur Rivière Est: pH=7.43, Temp=19.62°C, Turb=13.25NTU, Cond=1576.69µS/cm
📤 Capteur Rivière Nord: pH=7.26, Temp=13.13°C, Turb=2.68NTU, Cond=889.46µS/cm
📤 Capteur Rivière Sud: pH=7.20, Temp=18.63°C, Turb=3.05NTU, Cond=1110.22µS/cm
📤 Capteur Rivière Est: pH=7.49, Temp=20.89°C, Turb=2.08NTU, Cond=1607.74µS/cm
📤 Capteur Rivière Nord: pH=6.96, Temp=13.92°C, Turb=2.64NTU, Cond=761.13µS/cm
📤 Capteur Rivière Sud: pH=6.88, Temp=16.15°C, Turb=2.93NTU, Cond=1254.28µS/cm
📤 Capteur Rivière Est: pH=7.22, Temp=21.15°C, Turb=1.39NTU, Cond=1320.42µS/cm
📤 Capteur Rivière Nord: pH=6.96, Temp=14.21°C, Turb=2.28NTU, Cond=887.98µS/cm
📤 Capteur Rivière Sud: pH=6.84, Temp=19.30°C, Turb=3.35NTU, Cond=1076.89µS/cm
📤 Capteur Rivière Est: pH=7.70, Temp=19.94°C, Turb=2.08NTU, Cond=1304.19µS/cm
📤 Capteur Rivière Nord: pH=7.27, Temp=15.73°C, Turb=2.87NTU, Cond=992.19µS/cm
📤 Capteur Rivière Sud: pH=7.24, Temp=16.02°C, Turb=2.94NTU, Cond=1200.54µS/cm
📤 Capteur Rivière Est: pH=7.70, Temp=18.57°C, Turb=1.83NTU, Cond=1632.82µS/cm
📤 Capteur Rivière Nord: pH=9.18, Temp=16.06°C, Turb=2.57NTU, Cond=714.41µS/cm
📤 Capteur Rivière Sud: pH=7.14, Temp=16.08°C, Turb=3.11NTU, Cond=1121.53µS/cm
📤 Capteur Rivière Est: pH=7.43, Temp=18.17°C, Turb=2.16NTU, Cond=1301.45µS/cm
📤 Capteur Rivière Nord: pH=6.92, Temp=13.72°C, Turb=2.02NTU, Cond=911.24µS/cm
📤 Capteur Rivière Sud: pH=6.86, Temp=19.87°C, Turb=3.39NTU, Cond=1366.46µS/cm
📤 Capteur Rivière Est: pH=7.42, Temp=18.89°C, Turb=2.15NTU, Cond=1396.23µS/cm
📤 Capteur Rivière Nord: pH=7.31, Temp=13.22°C, Turb=2.94NTU, Cond=860.44µS/cm
📤 Capteur Rivière Sud: pH=6.87, Temp=19.50°C, Turb=3.26NTU, Cond=1182.96µS/cm
📤 Capteur Rivière Est: pH=7.68, Temp=21.46°C, Turb=1.43NTU, Cond=1691.62µS/cm
📤 Capteur Rivière Nord: pH=6.97, Temp=14.94°C, Turb=2.47NTU, Cond=858.86µS/cm
📤 Capteur Rivière Sud: pH=7.12, Temp=18.55°C, Turb=2.51NTU, Cond=1355.82µS/cm
📤 Capteur Rivière Est: pH=7.23, Temp=20.11°C, Turb=2.00NTU, Cond=1446.13µS/cm
📤 Capteur Rivière Nord: pH=7.00, Temp=14.75°C, Turb=2.66NTU, Cond=988.98µS/cm
📤 Capteur Rivière Sud: pH=6.73, Temp=16.08°C, Turb=3.43NTU, Cond=1287.26µS/cm
📤 Capteur Rivière Est: pH=7.46, Temp=18.82°C, Turb=1.32NTU, Cond=1550.89µS/cm
📤 Capteur Rivière Nord: pH=7.12, Temp=16.60°C, Turb=2.49NTU, Cond=717.69µS/cm
📤 Capteur Rivière Sud: pH=6.82, Temp=16.57°C, Turb=2.75NTU, Cond=1023.01µS/cm
📤 Capteur Rivière Est: pH=7.34, Temp=19.41°C, Turb=1.68NTU, Cond=1312.76µS/cm
📤 Capteur Rivière Nord: pH=7.05, Temp=14.52°C, Turb=2.47NTU, Cond=610.71µS/cm
📤 Capteur Rivière Sud: pH=7.20, Temp=19.14°C, Turb=2.83NTU, Cond=1245.03µS/cm
📤 Capteur Rivière Est: pH=7.54, Temp=18.46°C, Turb=1.31NTU, Cond=1323.53µS/cm
📤 Capteur Rivière Nord: pH=7.45, Temp=16.39°C, Turb=2.03NTU, Cond=631.86µS/cm
📤 Capteur Rivière Sud: pH=7.06, Temp=17.75°C, Turb=3.43NTU, Cond=1162.88µS/cm
📤 Capteur Rivière Est: pH=7.36, Temp=20.07°C, Turb=2.07NTU, Cond=1462.28µS/cm
📤 Capteur Rivière Nord: pH=7.29, Temp=13.94°C, Turb=2.56NTU, Cond=798.03µS/cm
📤 Capteur Rivière Sud: pH=6.82, Temp=19.62°C, Turb=3.06NTU, Cond=1245.11µS/cm
📤 Capteur Rivière Est: pH=7.63, Temp=18.76°C, Turb=1.51NTU, Cond=1370.86µS/cm
📤 Capteur Rivière Nord: pH=6.99, Temp=14.92°C, Turb=2.92NTU, Cond=750.72µS/cm
📤 Capteur Rivière Sud: pH=6.84, Temp=17.20°C, Turb=2.83NTU, Cond=1042.88µS/cm
📤 Capteur Rivière Est: pH=7.41, Temp=20.71°C, Turb=1.36NTU, Cond=1383.49µS/cm
📤 Capteur Rivière Nord: pH=7.48, Temp=16.63°C, Turb=2.14NTU, Cond=744.40µS/cm
📤 Capteur Rivière Sud: pH=6.88, Temp=18.32°C, Turb=2.56NTU, Cond=1291.62µS/cm
📤 Capteur Rivière Est: pH=7.54, Temp=18.67°C, Turb=1.73NTU, Cond=1441.63µS/cm
📤 Capteur Rivière Nord: pH=6.92, Temp=15.93°C, Turb=2.07NTU, Cond=992.98µS/cm
📤 Capteur Rivière Sud: pH=6.97, Temp=16.61°C, Turb=2.69NTU, Cond=1334.97µS/cm
📤 Capteur Rivière Est: pH=7.22, Temp=21.68°C, Turb=1.62NTU, Cond=1370.45µS/cm
📤 Capteur Rivière Nord: pH=7.08, Temp=14.26°C, Turb=2.29NTU, Cond=780.28µS/cm
📤 Capteur Rivière Sud: pH=6.89, Temp=17.07°C, Turb=3.07NTU, Cond=1208.10µS/cm
📤 Capteur Rivière Est: pH=7.65, Temp=20.83°C, Turb=1.78NTU, Cond=1474.32µS/cm
📤 Capteur Rivière Nord: pH=7.48, Temp=14.79°C, Turb=2.96NTU, Cond=887.83µS/cm
📤 Capteur Rivière Sud: pH=6.75, Temp=19.96°C, Turb=2.89NTU, Cond=1364.00µS/cm
📤 Capteur Rivière Est: pH=7.48, Temp=18.55°C, Turb=1.88NTU, Cond=1512.05µS/cm
📤 Capteur Rivière Nord: pH=7.22, Temp=14.45°C, Turb=2.84NTU, Cond=898.80µS/cm
📤 Capteur Rivière Sud: pH=6.82, Temp=19.68°C, Turb=3.42NTU, Cond=1139.62µS/cm
📤 Capteur Rivière Est: pH=7.29, Temp=20.58°C, Turb=2.10NTU, Cond=3635.91µS/cm
📤 Capteur Rivière Nord: pH=7.11, Temp=16.35°C, Turb=2.16NTU, Cond=778.62µS/cm
📤 Capteur Rivière Sud: pH=7.10, Temp=16.59°C, Turb=2.66NTU, Cond=1025.86µS/cm
📤 Capteur Rivière Est: pH=7.29, Temp=18.04°C, Turb=1.93NTU, Cond=1499.96µS/cm
📤 Capteur Rivière Nord: pH=7.05, Temp=13.78°C, Turb=2.57NTU, Cond=655.41µS/cm
📤 Capteur Rivière Sud: pH=6.86, Temp=17.93°C, Turb=2.94NTU, Cond=1061.91µS/cm
📤 Capteur Rivière Est: pH=7.48, Temp=21.36°C, Turb=2.24NTU, Cond=1372.20µS/cm
📤 Capteur Rivière Nord: pH=7.33, Temp=16.19°C, Turb=2.59NTU, Cond=797.41µS/cm
📤 Capteur Rivière Sud: pH=6.77, Temp=18.50°C, Turb=2.73NTU, Cond=1087.60µS/cm
📤 Capteur Rivière Est: pH=7.69, Temp=19.38°C, Turb=1.89NTU, Cond=1356.16µS/cm
📤 Capteur Rivière Nord: pH=6.93, Temp=15.07°C, Turb=2.60NTU, Cond=916.72µS/cm
📤 Capteur Rivière Sud: pH=6.92, Temp=17.26°C, Turb=3.25NTU, Cond=1004.41µS/cm
📤 Capteur Rivière Est: pH=7.55, Temp=18.36°C, Turb=1.65NTU, Cond=1426.98µS/cm
📤 Capteur Rivière Nord: pH=7.48, Temp=15.38°C, Turb=2.81NTU, Cond=701.64µS/cm
📤 Capteur Rivière Sud: pH=7.20, Temp=17.98°C, Turb=2.55NTU, Cond=1186.44µS/cm
📤 Capteur Rivière Est: pH=7.36, Temp=20.51°C, Turb=2.00NTU, Cond=1401.42µS/cm
📤 Capteur Rivière Nord: pH=7.21, Temp=15.53°C, Turb=2.07NTU, Cond=679.51µS/cm
📤 Capteur Rivière Sud: pH=6.78, Temp=17.74°C, Turb=2.74NTU, Cond=1309.11µS/cm
📤 Capteur Rivière Est: pH=7.42, Temp=21.03°C, Turb=1.82NTU, Cond=1619.66µS/cm
📤 Capteur Rivière Nord: pH=7.11, Temp=13.19°C, Turb=2.52NTU, Cond=762.53µS/cm
📤 Capteur Rivière Sud: pH=7.00, Temp=17.03°C, Turb=2.96NTU, Cond=1257.99µS/cm
📤 Capteur Rivière Est: pH=7.78, Temp=21.35°C, Turb=1.69NTU, Cond=1599.72µS/cm
📤 Capteur Rivière Nord: pH=7.23, Temp=13.42°C, Turb=2.06NTU, Cond=775.36µS/cm
📤 Capteur Rivière Sud: pH=7.05, Temp=19.82°C, Turb=2.84NTU, Cond=1136.63µS/cm
📤 Capteur Rivière Est: pH=7.49, Temp=21.98°C, Turb=2.23NTU, Cond=1472.08µS/cm
📤 Capteur Rivière Nord: pH=6.92, Temp=15.17°C, Turb=2.26NTU, Cond=808.90µS/cm
📤 Capteur Rivière Sud: pH=7.24, Temp=18.89°C, Turb=2.61NTU, Cond=1182.97µS/cm
📤 Capteur Rivière Est: pH=7.67, Temp=18.03°C, Turb=1.87NTU, Cond=1559.01µS/cm
📤 Capteur Rivière Nord: pH=7.19, Temp=13.87°C, Turb=2.54NTU, Cond=958.96µS/cm
📤 Capteur Rivière Sud: pH=7.19, Temp=18.80°C, Turb=2.94NTU, Cond=1340.26µS/cm
📤 Capteur Rivière Est: pH=7.35, Temp=18.65°C, Turb=1.84NTU, Cond=1353.17µS/cm
📤 Capteur Rivière Nord: pH=7.43, Temp=16.05°C, Turb=2.59NTU, Cond=603.72µS/cm
📤 Capteur Rivière Sud: pH=7.07, Temp=17.95°C, Turb=3.03NTU, Cond=1388.79µS/cm
📤 Capteur Rivière Est: pH=7.25, Temp=19.09°C, Turb=1.46NTU, Cond=1577.04µS/cm
📤 Capteur Rivière Nord: pH=7.31, Temp=15.97°C, Turb=2.02NTU, Cond=686.06µS/cm
📤 Capteur Rivière Sud: pH=6.74, Temp=17.29°C, Turb=2.81NTU, Cond=1313.66µS/cm
📤 Capteur Rivière Est: pH=7.24, Temp=21.97°C, Turb=2.21NTU, Cond=1432.87µS/cm
📤 Capteur Rivière Nord: pH=7.38, Temp=15.00°C, Turb=2.95NTU, Cond=989.89µS/cm
📤 Capteur Rivière Sud: pH=6.83, Temp=17.17°C, Turb=2.93NTU, Cond=1366.20µS/cm
📤 Capteur Rivière Est: pH=7.79, Temp=21.15°C, Turb=2.14NTU, Cond=1574.62µS/cm
📤 Capteur Rivière Nord: pH=7.02, Temp=16.12°C, Turb=2.06NTU, Cond=614.57µS/cm
📤 Capteur Rivière Sud: pH=6.98, Temp=19.37°C, Turb=2.74NTU, Cond=1343.12µS/cm
📤 Capteur Rivière Est: pH=7.62, Temp=19.46°C, Turb=1.41NTU, Cond=1428.01µS/cm
📤 Capteur Rivière Nord: pH=6.98, Temp=15.76°C, Turb=2.73NTU, Cond=958.87µS/cm
📤 Capteur Rivière Sud: pH=7.02, Temp=16.74°C, Turb=2.82NTU, Cond=1106.64µS/cm
📤 Capteur Rivière Est: pH=7.24, Temp=18.42°C, Turb=1.41NTU, Cond=1342.74µS/cm
📤 Capteur Rivière Nord: pH=6.97, Temp=15.48°C, Turb=2.38NTU, Cond=809.55µS/cm
📤 Capteur Rivière Sud: pH=7.01, Temp=19.42°C, Turb=3.19NTU, Cond=1188.60µS/cm
📤 Capteur Rivière Est: pH=7.31, Temp=19.77°C, Turb=2.15NTU, Cond=1496.61µS/cm
📤 Capteur Rivière Nord: pH=7.15, Temp=16.24°C, Turb=2.69NTU, Cond=895.44µS/cm
📤 Capteur Rivière Sud: pH=6.82, Temp=17.81°C, Turb=2.64NTU, Cond=1278.15µS/cm
📤 Capteur Rivière Est: pH=4.27, Temp=19.27°C, Turb=1.64NTU, Cond=1399.00µS/cm
📤 Capteur Rivière Nord: pH=7.32, Temp=13.33°C, Turb=2.06NTU, Cond=953.50µS/cm
📤 Capteur Rivière Sud: pH=6.86, Temp=17.96°C, Turb=2.61NTU, Cond=1391.79µS/cm
📤 Capteur Rivière Est: pH=7.61, Temp=21.82°C, Turb=2.02NTU, Cond=1330.74µS/cm
📤 Capteur Rivière Nord: pH=7.26, Temp=13.14°C, Turb=2.33NTU, Cond=737.34µS/cm
📤 Capteur Rivière Sud: pH=7.20, Temp=18.09°C, Turb=2.79NTU, Cond=1136.69µS/cm
📤 Capteur Rivière Est: pH=7.70, Temp=21.86°C, Turb=2.09NTU, Cond=1612.25µS/cm
📤 Capteur Rivière Nord: pH=7.03, Temp=16.53°C, Turb=2.33NTU, Cond=785.93µS/cm
📤 Capteur Rivière Sud: pH=7.09, Temp=17.65°C, Turb=3.42NTU, Cond=1064.28µS/cm
📤 Capteur Rivière Est: pH=7.74, Temp=20.29°C, Turb=1.37NTU, Cond=1370.23µS/cm
📤 Capteur Rivière Nord: pH=7.17, Temp=33.96°C, Turb=2.34NTU, Cond=888.49µS/cm
📤 Capteur Rivière Sud: pH=6.92, Temp=19.22°C, Turb=3.46NTU, Cond=1201.50µS/cm
📤 Capteur Rivière Est: pH=7.65, Temp=21.61°C, Turb=1.66NTU, Cond=1670.84µS/cm
📤 Capteur Rivière Nord: pH=7.18, Temp=16.86°C, Turb=2.12NTU, Cond=838.41µS/cm
📤 Capteur Rivière Sud: pH=7.06, Temp=16.98°C, Turb=3.22NTU, Cond=1356.81µS/cm
📤 Capteur Rivière Est: pH=7.48, Temp=21.21°C, Turb=1.39NTU, Cond=1478.83µS/cm
📤 Capteur Rivière Nord: pH=7.48, Temp=14.84°C, Turb=2.63NTU, Cond=4476.51µS/cm
📤 Capteur Rivière Sud: pH=6.75, Temp=19.47°C, Turb=2.53NTU, Cond=1394.15µS/cm
📤 Capteur Rivière Est: pH=7.40, Temp=21.84°C, Turb=1.51NTU, Cond=1341.81µS/cm
📤 Capteur Rivière Nord: pH=6.93, Temp=15.87°C, Turb=2.36NTU, Cond=798.75µS/cm
📤 Capteur Rivière Sud: pH=6.73, Temp=19.07°C, Turb=3.18NTU, Cond=1088.00µS/cm
📤 Capteur Rivière Est: pH=7.28, Temp=18.70°C, Turb=2.27NTU, Cond=1485.57µS/cm
📤 Capteur Rivière Nord: pH=7.39, Temp=16.89°C, Turb=2.95NTU, Cond=869.02µS/cm
📤 Capteur Rivière Sud: pH=7.12, Temp=19.86°C, Turb=2.82NTU, Cond=1245.40µS/cm
📤 Capteur Rivière Est: pH=7.56, Temp=21.14°C, Turb=1.37NTU, Cond=1640.54µS/cm
📤 Capteur Rivière Nord: pH=7.13, Temp=14.13°C, Turb=2.87NTU, Cond=832.25µS/cm
📤 Capteur Rivière Sud: pH=7.18, Temp=17.97°C, Turb=2.91NTU, Cond=1201.73µS/cm
📤 Capteur Rivière Est: pH=7.47, Temp=18.89°C, Turb=1.58NTU, Cond=1660.28µS/cm
📤 Capteur Rivière Nord: pH=7.47, Temp=16.47°C, Turb=2.20NTU, Cond=942.67µS/cm
📤 Capteur Rivière Sud: pH=6.91, Temp=18.11°C, Turb=2.98NTU, Cond=1305.98µS/cm
📤 Capteur Rivière Est: pH=7.24, Temp=21.44°C, Turb=1.92NTU, Cond=1465.13µS/cm
📤 Capteur Rivière Nord: pH=7.12, Temp=15.47°C, Turb=2.05NTU, Cond=774.23µS/cm
📤 Capteur Rivière Sud: pH=7.24, Temp=16.75°C, Turb=3.35NTU, Cond=1188.87µS/cm
📤 Capteur Rivière Est: pH=7.35, Temp=18.59°C, Turb=1.85NTU, Cond=1423.71µS/cm
📤 Capteur Rivière Nord: pH=7.05, Temp=15.45°C, Turb=2.55NTU, Cond=917.05µS/cm
📤 Capteur Rivière Sud: pH=6.96, Temp=16.15°C, Turb=3.38NTU, Cond=1264.68µS/cm
📤 Capteur Rivière Est: pH=7.27, Temp=18.15°C, Turb=2.06NTU, Cond=1588.02µS/cm
📤 Capteur Rivière Nord: pH=7.36, Temp=13.89°C, Turb=2.27NTU, Cond=710.56µS/cm
📤 Capteur Rivière Sud: pH=6.82, Temp=16.39°C, Turb=2.67NTU, Cond=1027.20µS/cm
📤 Capteur Rivière Est: pH=7.76, Temp=21.91°C, Turb=1.42NTU, Cond=1469.49µS/cm
📤 Capteur Rivière Nord: pH=7.25, Temp=14.48°C, Turb=2.24NTU, Cond=633.07µS/cm
📤 Capteur Rivière Sud: pH=6.80, Temp=17.23°C, Turb=2.61NTU, Cond=1033.55µS/cm
📤 Capteur Rivière Est: pH=7.72, Temp=18.82°C, Turb=1.33NTU, Cond=1632.24µS/cm
📤 Capteur Rivière Nord: pH=6.97, Temp=14.15°C, Turb=2.62NTU, Cond=693.92µS/cm
📤 Capteur Rivière Sud: pH=7.12, Temp=16.59°C, Turb=3.26NTU, Cond=1310.41µS/cm
📤 Capteur Rivière Est: pH=7.53, Temp=20.43°C, Turb=1.85NTU, Cond=1353.87µS/cm
📤 Capteur Rivière Nord: pH=7.05, Temp=16.84°C, Turb=2.11NTU, Cond=812.40µS/cm
📤 Capteur Rivière Sud: pH=7.01, Temp=18.64°C, Turb=2.79NTU, Cond=1234.48µS/cm
📤 Capteur Rivière Est: pH=7.24, Temp=20.15°C, Turb=1.46NTU, Cond=1534.78µS/cm
📤 Capteur Rivière Nord: pH=7.27, Temp=16.66°C, Turb=2.49NTU, Cond=632.49µS/cm
📤 Capteur Rivière Sud: pH=7.04, Temp=16.46°C, Turb=3.09NTU, Cond=1121.25µS/cm
📤 Capteur Rivière Est: pH=7.26, Temp=19.55°C, Turb=2.28NTU, Cond=1374.56µS/cm
📤 Capteur Rivière Nord: pH=7.24, Temp=14.94°C, Turb=2.46NTU, Cond=756.89µS/cm
📤 Capteur Rivière Sud: pH=6.86, Temp=19.64°C, Turb=3.05NTU, Cond=1272.97µS/cm
📤 Capteur Rivière Est: pH=7.26, Temp=21.65°C, Turb=2.19NTU, Cond=1408.61µS/cm
📤 Capteur Rivière Nord: pH=7.07, Temp=16.88°C, Turb=2.22NTU, Cond=910.72µS/cm
📤 Capteur Rivière Sud: pH=6.79, Temp=18.31°C, Turb=3.03NTU, Cond=1351.83µS/cm
📤 Capteur Rivière Est: pH=7.21, Temp=18.69°C, Turb=1.56NTU, Cond=1633.45µS/cm
📤 Capteur Rivière Nord: pH=7.45, Temp=16.63°C, Turb=2.98NTU, Cond=937.23µS/cm
📤 Capteur Rivière Sud: pH=7.02, Temp=19.59°C, Turb=3.15NTU, Cond=1083.05µS/cm
📤 Capteur Rivière Est: pH=7.38, Temp=19.23°C, Turb=1.59NTU, Cond=1593.75µS/cm
📤 Capteur Rivière Nord: pH=7.36, Temp=16.48°C, Turb=2.77NTU, Cond=776.73µS/cm
📤 Capteur Rivière Sud: pH=7.27, Temp=17.05°C, Turb=11.95NTU, Cond=1080.74µS/cm
📤 Capteur Rivière Est: pH=7.36, Temp=19.01°C, Turb=2.03NTU, Cond=4613.46µS/cm
📤 Capteur Rivière Nord: pH=7.29, Temp=16.14°C, Turb=2.25NTU, Cond=939.24µS/cm
📤 Capteur Rivière Sud: pH=6.99, Temp=17.60°C, Turb=2.93NTU, Cond=1288.38µS/cm
📤 Capteur Rivière Est: pH=7.77, Temp=19.34°C, Turb=2.25NTU, Cond=1373.36µS/cm
📤 Capteur Rivière Nord: pH=7.48, Temp=13.09°C, Turb=2.80NTU, Cond=944.85µS/cm
📤 Capteur Rivière Sud: pH=7.09, Temp=18.42°C, Turb=3.28NTU, Cond=1307.11µS/cm
📤 Capteur Rivière Est: pH=7.27, Temp=19.26°C, Turb=1.62NTU, Cond=1677.32µS/cm
📤 Capteur Rivière Nord: pH=7.43, Temp=16.56°C, Turb=2.50NTU, Cond=835.03µS/cm
📤 Capteur Rivière Sud: pH=7.08, Temp=16.85°C, Turb=2.70NTU, Cond=1295.86µS/cm
📤 Capteur Rivière Est: pH=7.79, Temp=20.16°C, Turb=1.37NTU, Cond=1631.80µS/cm
📤 Capteur Rivière Nord: pH=7.44, Temp=16.21°C, Turb=2.30NTU, Cond=606.48µS/cm
📤 Capteur Rivière Sud: pH=6.98, Temp=18.25°C, Turb=2.97NTU, Cond=1158.22µS/cm
📤 Capteur Rivière Est: pH=7.34, Temp=21.50°C, Turb=1.92NTU, Cond=1310.72µS/cm
📤 Capteur Rivière Nord: pH=7.49, Temp=16.63°C, Turb=2.31NTU, Cond=958.63µS/cm
📤 Capteur Rivière Sud: pH=6.91, Temp=19.08°C, Turb=2.74NTU, Cond=1067.79µS/cm
📤 Capteur Rivière Est: pH=7.61, Temp=19.13°C, Turb=1.50NTU, Cond=1548.22µS/cm
📤 Capteur Rivière Nord: pH=7.29, Temp=14.52°C, Turb=2.40NTU, Cond=625.29µS/cm
📤 Capteur Rivière Sud: pH=6.74, Temp=18.10°C, Turb=2.76NTU, Cond=1146.48µS/cm
📤 Capteur Rivière Est: pH=7.33, Temp=18.41°C, Turb=1.68NTU, Cond=1372.57µS/cm
📤 Capteur Rivière Nord: pH=7.43, Temp=15.30°C, Turb=2.43NTU, Cond=768.36µS/cm
📤 Capteur Rivière Sud: pH=7.12, Temp=16.47°C, Turb=2.92NTU, Cond=1326.31µS/cm
📤 Capteur Rivière Est: pH=7.34, Temp=18.07°C, Turb=1.35NTU, Cond=1593.55µS/cm
📤 Capteur Rivière Nord: pH=7.27, Temp=16.80°C, Turb=2.04NTU, Cond=821.15µS/cm
📤 Capteur Rivière Sud: pH=6.90, Temp=18.01°C, Turb=2.80NTU, Cond=1192.80µS/cm
📤 Capteur Rivière Est: pH=7.53, Temp=18.46°C, Turb=1.98NTU, Cond=1382.03µS/cm
📤 Capteur Rivière Nord: pH=7.04, Temp=15.16°C, Turb=2.93NTU, Cond=875.58µS/cm
📤 Capteur Rivière Sud: pH=6.98, Temp=19.32°C, Turb=3.22NTU, Cond=1326.58µS/cm
📤 Capteur Rivière Est: pH=7.61, Temp=20.30°C, Turb=1.53NTU, Cond=1506.75µS/cm
📤 Capteur Rivière Nord: pH=7.46, Temp=14.94°C, Turb=2.89NTU, Cond=790.18µS/cm
📤 Capteur Rivière Sud: pH=6.79, Temp=19.47°C, Turb=10.88NTU, Cond=1373.25µS/cm
📤 Capteur Rivière Est: pH=7.80, Temp=21.89°C, Turb=1.90NTU, Cond=1605.16µS/cm
📤 Capteur Rivière Nord: pH=7.11, Temp=13.63°C, Turb=2.45NTU, Cond=850.85µS/cm
📤 Capteur Rivière Sud: pH=6.74, Temp=18.93°C, Turb=2.53NTU, Cond=1214.56µS/cm
📤 Capteur Rivière Est: pH=7.80, Temp=19.21°C, Turb=2.01NTU, Cond=1306.05µS/cm
📤 Capteur Rivière Nord: pH=7.30, Temp=38.41°C, Turb=2.53NTU, Cond=790.40µS/cm
📤 Capteur Rivière Sud: pH=6.72, Temp=16.91°C, Turb=3.35NTU, Cond=1248.62µS/cm
📤 Capteur Rivière Est: pH=7.34, Temp=19.69°C, Turb=2.03NTU, Cond=1661.44µS/cm
📤 Capteur Rivière Nord: pH=6.99, Temp=15.77°C, Turb=14.07NTU, Cond=922.43µS/cm
📤 Capteur Rivière Sud: pH=6.96, Temp=17.38°C, Turb=2.88NTU, Cond=1297.57µS/cm
📤 Capteur Rivière Est: pH=7.56, Temp=21.39°C, Turb=1.74NTU, Cond=1426.23µS/cm
📤 Capteur Rivière Nord: pH=7.24, Temp=15.45°C, Turb=2.19NTU, Cond=819.61µS/cm
📤 Capteur Rivière Sud: pH=7.14, Temp=16.66°C, Turb=3.17NTU, Cond=1335.15µS/cm
📤 Capteur Rivière Est: pH=7.55, Temp=21.44°C, Turb=1.54NTU, Cond=1531.90µS/cm
📤 Capteur Rivière Nord: pH=7.09, Temp=15.93°C, Turb=2.82NTU, Cond=741.44µS/cm
📤 Capteur Rivière Sud: pH=7.20, Temp=18.32°C, Turb=2.52NTU, Cond=1181.48µS/cm
📤 Capteur Rivière Est: pH=7.55, Temp=19.54°C, Turb=1.99NTU, Cond=1509.92µS/cm
📤 Capteur Rivière Nord: pH=6.93, Temp=16.32°C, Turb=2.79NTU, Cond=3458.95µS/cm
📤 Capteur Rivière Sud: pH=7.18, Temp=16.99°C, Turb=3.04NTU, Cond=1237.04µS/cm
📤 Capteur Rivière Est: pH=7.73, Temp=21.52°C, Turb=1.85NTU, Cond=1482.83µS/cm
📤 Capteur Rivière Nord: pH=7.14, Temp=16.73°C, Turb=2.70NTU, Cond=773.07µS/cm
📤 Capteur Rivière Sud: pH=7.02, Temp=17.35°C, Turb=3.47NTU, Cond=1258.06µS/cm
📤 Capteur Rivière Est: pH=7.67, Temp=20.27°C, Turb=1.69NTU, Cond=1503.33µS/cm
📤 Capteur Rivière Nord: pH=7.07, Temp=13.20°C, Turb=2.85NTU, Cond=708.83µS/cm
📤 Capteur Rivière Sud: pH=7.06, Temp=16.81°C, Turb=2.70NTU, Cond=1383.37µS/cm
📤 Capteur Rivière Est: pH=7.77, Temp=18.12°C, Turb=1.68NTU, Cond=1353.59µS/cm
📤 Capteur Rivière Nord: pH=7.49, Temp=13.50°C, Turb=2.87NTU, Cond=752.76µS/cm
📤 Capteur Rivière Sud: pH=6.77, Temp=19.08°C, Turb=2.91NTU, Cond=1093.92µS/cm
📤 Capteur Rivière Est: pH=7.36, Temp=20.68°C, Turb=2.17NTU, Cond=1675.16µS/cm
📤 Capteur Rivière Nord: pH=7.33, Temp=16.51°C, Turb=2.31NTU, Cond=825.09µS/cm
📤 Capteur Rivière Sud: pH=6.99, Temp=17.18°C, Turb=2.70NTU, Cond=1027.44µS/cm
📤 Capteur Rivière Est: pH=7.54, Temp=18.36°C, Turb=1.56NTU, Cond=1352.31µS/cm
📤 Capteur Rivière Nord: pH=6.94, Temp=13.90°C, Turb=2.31NTU, Cond=961.34µS/cm
📤 Capteur Rivière Sud: pH=7.06, Temp=18.74°C, Turb=3.33NTU, Cond=1190.85µS/cm
📤 Capteur Rivière Est: pH=7.27, Temp=19.29°C, Turb=2.23NTU, Cond=1446.59µS/cm
📤 Capteur Rivière Nord: pH=7.36, Temp=13.65°C, Turb=2.59NTU, Cond=709.10µS/cm
📤 Capteur Rivière Sud: pH=7.14, Temp=18.96°C, Turb=3.27NTU, Cond=1194.17µS/cm
📤 Capteur Rivière Est: pH=7.79, Temp=19.49°C, Turb=2.21NTU, Cond=1404.33µS/cm
📤 Capteur Rivière Nord: pH=6.95, Temp=15.35°C, Turb=2.33NTU, Cond=640.00µS/cm
📤 Capteur Rivière Sud: pH=7.11, Temp=19.05°C, Turb=2.73NTU, Cond=1389.44µS/cm
📤 Capteur Rivière Est: pH=7.39, Temp=19.45°C, Turb=2.00NTU, Cond=1392.79µS/cm
📤 Capteur Rivière Nord: pH=6.91, Temp=13.83°C, Turb=2.27NTU, Cond=846.37µS/cm
📤 Capteur Rivière Sud: pH=7.22, Temp=19.05°C, Turb=2.80NTU, Cond=1086.53µS/cm
📤 Capteur Rivière Est: pH=7.58, Temp=20.19°C, Turb=1.32NTU, Cond=1629.65µS/cm
📤 Capteur Rivière Nord: pH=7.45, Temp=15.72°C, Turb=2.01NTU, Cond=745.69µS/cm
📤 Capteur Rivière Sud: pH=7.16, Temp=18.85°C, Turb=2.73NTU, Cond=1145.67µS/cm
📤 Capteur Rivière Est: pH=7.64, Temp=18.71°C, Turb=1.31NTU, Cond=1487.42µS/cm
📤 Capteur Rivière Nord: pH=7.41, Temp=16.12°C, Turb=2.07NTU, Cond=752.61µS/cm
📤 Capteur Rivière Sud: pH=7.23, Temp=16.19°C, Turb=3.09NTU, Cond=1305.24µS/cm
📤 Capteur Rivière Est: pH=7.56, Temp=21.40°C, Turb=1.45NTU, Cond=1524.78µS/cm
📤 Capteur Rivière Nord: pH=6.99, Temp=16.92°C, Turb=2.11NTU, Cond=701.53µS/cm
📤 Capteur Rivière Sud: pH=6.78, Temp=19.54°C, Turb=2.98NTU, Cond=1354.35µS/cm
📤 Capteur Rivière Est: pH=7.20, Temp=21.88°C, Turb=2.13NTU, Cond=1606.61µS/cm
📤 Capteur Rivière Nord: pH=7.37, Temp=17.00°C, Turb=2.51NTU, Cond=3323.83µS/cm
📤 Capteur Rivière Sud: pH=7.19, Temp=16.90°C, Turb=2.59NTU, Cond=1263.34µS/cm
📤 Capteur Rivière Est: pH=7.28, Temp=21.19°C, Turb=2.23NTU, Cond=1389.54µS/cm
📤 Capteur Rivière Nord: pH=7.25, Temp=16.44°C, Turb=2.91NTU, Cond=853.95µS/cm
📤 Capteur Rivière Sud: pH=6.97, Temp=17.45°C, Turb=3.20NTU, Cond=1159.37µS/cm
📤 Capteur Rivière Est: pH=7.52, Temp=19.55°C, Turb=1.89NTU, Cond=1462.96µS/cm
📤 Capteur Rivière Nord: pH=7.34, Temp=14.86°C, Turb=13.65NTU, Cond=883.96µS/cm
📤 Capteur Rivière Sud: pH=6.81, Temp=16.95°C, Turb=2.70NTU, Cond=1275.41µS/cm
📤 Capteur Rivière Est: pH=7.29, Temp=21.12°C, Turb=1.33NTU, Cond=1465.62µS/cm
📤 Capteur Rivière Nord: pH=7.33, Temp=15.78°C, Turb=2.71NTU, Cond=640.84µS/cm
📤 Capteur Rivière Sud: pH=6.82, Temp=19.90°C, Turb=2.94NTU, Cond=1248.67µS/cm
📤 Capteur Rivière Est: pH=7.42, Temp=20.23°C, Turb=1.65NTU, Cond=1447.04µS/cm
📤 Capteur Rivière Nord: pH=7.14, Temp=16.28°C, Turb=2.12NTU, Cond=942.91µS/cm
📤 Capteur Rivière Sud: pH=6.80, Temp=18.86°C, Turb=3.32NTU, Cond=1097.59µS/cm
📤 Capteur Rivière Est: pH=7.78, Temp=20.73°C, Turb=1.85NTU, Cond=1468.01µS/cm
📤 Capteur Rivière Nord: pH=7.34, Temp=15.08°C, Turb=2.27NTU, Cond=856.05µS/cm
📤 Capteur Rivière Sud: pH=6.92, Temp=19.84°C, Turb=2.63NTU, Cond=1338.86µS/cm
📤 Capteur Rivière Est: pH=7.65, Temp=19.51°C, Turb=2.29NTU, Cond=1383.44µS/cm
📤 Capteur Rivière Nord: pH=7.32, Temp=14.57°C, Turb=2.39NTU, Cond=719.68µS/cm
📤 Capteur Rivière Sud: pH=7.17, Temp=19.11°C, Turb=2.91NTU, Cond=1081.82µS/cm
📤 Capteur Rivière Est: pH=7.77, Temp=20.05°C, Turb=1.86NTU, Cond=1385.95µS/cm
📤 Capteur Rivière Nord: pH=7.22, Temp=14.42°C, Turb=2.43NTU, Cond=766.24µS/cm
📤 Capteur Rivière Sud: pH=7.05, Temp=16.01°C, Turb=2.88NTU, Cond=1036.06µS/cm
📤 Capteur Rivière Est: pH=7.28, Temp=18.16°C, Turb=2.27NTU, Cond=1600.89µS/cm
📤 Capteur Rivière Nord: pH=7.02, Temp=16.77°C, Turb=2.63NTU, Cond=745.03µS/cm
📤 Capteur Rivière Sud: pH=6.94, Temp=16.58°C, Turb=2.69NTU, Cond=1233.75µS/cm
📤 Capteur Rivière Est: pH=7.49, Temp=19.15°C, Turb=2.13NTU, Cond=1486.99µS/cm
📤 Capteur Rivière Nord: pH=7.01, Temp=16.57°C, Turb=2.81NTU, Cond=804.97µS/cm
📤 Capteur Rivière Sud: pH=7.06, Temp=19.30°C, Turb=2.74NTU, Cond=1209.62µS/cm
📤 Capteur Rivière Est: pH=7.34, Temp=21.48°C, Turb=1.49NTU, Cond=1382.30µS/cm
📤 Capteur Rivière Nord: pH=7.48, Temp=13.04°C, Turb=2.10NTU, Cond=906.05µS/cm
📤 Capteur Rivière Sud: pH=7.11, Temp=16.46°C, Turb=2.57NTU, Cond=1275.34µS/cm
📤 Capteur Rivière Est: pH=7.76, Temp=21.13°C, Turb=1.45NTU, Cond=1496.47µS/cm
📤 Capteur Rivière Nord: pH=7.36, Temp=16.79°C, Turb=9.90NTU, Cond=895.70µS/cm
📤 Capteur Rivière Sud: pH=6.82, Temp=19.69°C, Turb=2.79NTU, Cond=1241.28µS/cm
📤 Capteur Rivière Est: pH=7.76, Temp=19.05°C, Turb=1.77NTU, Cond=1319.29µS/cm
📤 Capteur Rivière Nord: pH=7.15, Temp=15.56°C, Turb=2.25NTU, Cond=692.44µS/cm
📤 Capteur Rivière Sud: pH=6.85, Temp=18.18°C, Turb=2.54NTU, Cond=1232.52µS/cm
📤 Capteur Rivière Est: pH=7.77, Temp=18.24°C, Turb=1.54NTU, Cond=1368.74µS/cm
📤 Capteur Rivière Nord: pH=7.02, Temp=14.49°C, Turb=2.91NTU, Cond=889.67µS/cm
📤 Capteur Rivière Sud: pH=7.03, Temp=18.42°C, Turb=2.67NTU, Cond=1026.50µS/cm
📤 Capteur Rivière Est: pH=7.61, Temp=18.46°C, Turb=2.15NTU, Cond=1417.19µS/cm
📤 Capteur Rivière Nord: pH=7.25, Temp=13.12°C, Turb=11.47NTU, Cond=803.94µS/cm
📤 Capteur Rivière Sud: pH=6.77, Temp=17.34°C, Turb=3.31NTU, Cond=1158.35µS/cm
📤 Capteur Rivière Est: pH=7.46, Temp=19.57°C, Turb=1.34NTU, Cond=1311.74µS/cm
📤 Capteur Rivière Nord: pH=7.29, Temp=16.19°C, Turb=2.98NTU, Cond=750.85µS/cm
📤 Capteur Rivière Sud: pH=6.91, Temp=19.05°C, Turb=3.00NTU, Cond=1086.19µS/cm
📤 Capteur Rivière Est: pH=7.46, Temp=20.77°C, Turb=1.31NTU, Cond=1528.09µS/cm
📤 Capteur Rivière Nord: pH=7.09, Temp=15.40°C, Turb=2.11NTU, Cond=771.08µS/cm
📤 Capteur Rivière Sud: pH=7.11, Temp=18.09°C, Turb=3.43NTU, Cond=1056.38µS/cm
📤 Capteur Rivière Est: pH=7.47, Temp=18.79°C, Turb=1.95NTU, Cond=1627.34µS/cm
📤 Capteur Rivière Nord: pH=7.06, Temp=16.04°C, Turb=2.03NTU, Cond=765.97µS/cm
📤 Capteur Rivière Sud: pH=7.06, Temp=18.05°C, Turb=2.62NTU, Cond=1006.09µS/cm
📤 Capteur Rivière Est: pH=7.36, Temp=18.32°C, Turb=1.82NTU, Cond=1654.06µS/cm
📤 Capteur Rivière Nord: pH=7.32, Temp=16.90°C, Turb=2.66NTU, Cond=925.74µS/cm
📤 Capteur Rivière Sud: pH=7.19, Temp=17.80°C, Turb=2.75NTU, Cond=1164.20µS/cm
📤 Capteur Rivière Est: pH=7.24, Temp=21.63°C, Turb=2.23NTU, Cond=1605.99µS/cm
📤 Capteur Rivière Nord: pH=7.11, Temp=14.25°C, Turb=2.36NTU, Cond=907.15µS/cm
📤 Capteur Rivière Sud: pH=6.79, Temp=18.79°C, Turb=2.79NTU, Cond=1345.84µS/cm
📤 Capteur Rivière Est: pH=7.80, Temp=19.80°C, Turb=2.27NTU, Cond=1594.49µS/cm
📤 Capteur Rivière Nord: pH=7.10, Temp=16.28°C, Turb=2.08NTU, Cond=730.03µS/cm
📤 Capteur Rivière Sud: pH=7.08, Temp=19.85°C, Turb=3.25NTU, Cond=1347.11µS/cm
📤 Capteur Rivière Est: pH=7.47, Temp=19.45°C, Turb=1.40NTU, Cond=1390.15µS/cm
📤 Capteur Rivière Nord: pH=7.23, Temp=15.55°C, Turb=2.22NTU, Cond=753.08µS/cm
📤 Capteur Rivière Sud: pH=7.14, Temp=16.91°C, Turb=2.54NTU, Cond=1224.71µS/cm
📤 Capteur Rivière Est: pH=7.74, Temp=18.57°C, Turb=1.66NTU, Cond=1445.91µS/cm
📤 Capteur Rivière Nord: pH=6.97, Temp=15.30°C, Turb=2.69NTU, Cond=873.49µS/cm
📤 Capteur Rivière Sud: pH=6.74, Temp=18.82°C, Turb=11.49NTU, Cond=1140.51µS/cm
📤 Capteur Rivière Est: pH=7.45, Temp=20.38°C, Turb=1.34NTU, Cond=1670.31µS/cm
📤 Capteur Rivière Nord: pH=7.33, Temp=13.84°C, Turb=2.86NTU, Cond=825.16µS/cm
📤 Capteur Rivière Sud: pH=7.21, Temp=18.62°C, Turb=2.73NTU, Cond=1195.02µS/cm
📤 Capteur Rivière Est: pH=7.61, Temp=19.55°C, Turb=1.86NTU, Cond=1553.93µS/cm
📤 Capteur Rivière Nord: pH=7.00, Temp=13.96°C, Turb=2.59NTU, Cond=860.08µS/cm
📤 Capteur Rivière Sud: pH=6.82, Temp=18.77°C, Turb=2.77NTU, Cond=1257.03µS/cm
📤 Capteur Rivière Est: pH=7.20, Temp=20.80°C, Turb=1.65NTU, Cond=1353.76µS/cm
📤 Capteur Rivière Nord: pH=7.14, Temp=13.77°C, Turb=2.71NTU, Cond=818.42µS/cm
📤 Capteur Rivière Sud: pH=6.89, Temp=19.74°C, Turb=2.96NTU, Cond=1192.02µS/cm
📤 Capteur Rivière Est: pH=7.71, Temp=19.60°C, Turb=2.28NTU, Cond=1656.98µS/cm
📤 Capteur Rivière Nord: pH=7.37, Temp=14.33°C, Turb=2.83NTU, Cond=736.55µS/cm
📤 Capteur Rivière Sud: pH=6.86, Temp=18.95°C, Turb=2.85NTU, Cond=1168.72µS/cm
📤 Capteur Rivière Est: pH=7.29, Temp=20.10°C, Turb=1.92NTU, Cond=1563.52µS/cm
📤 Capteur Rivière Nord: pH=7.27, Temp=13.04°C, Turb=2.53NTU, Cond=886.40µS/cm
📤 Capteur Rivière Sud: pH=7.25, Temp=19.57°C, Turb=3.25NTU, Cond=1378.88µS/cm
📤 Capteur Rivière Est: pH=7.61, Temp=21.17°C, Turb=1.84NTU, Cond=1354.24µS/cm
📤 Capteur Rivière Nord: pH=6.92, Temp=15.12°C, Turb=2.47NTU, Cond=753.14µS/cm
📤 Capteur Rivière Sud: pH=7.30, Temp=17.29°C, Turb=2.50NTU, Cond=1162.08µS/cm
📤 Capteur Rivière Est: pH=7.47, Temp=20.28°C, Turb=1.41NTU, Cond=1680.59µS/cm
📤 Capteur Rivière Nord: pH=6.99, Temp=16.29°C, Turb=2.44NTU, Cond=807.09µS/cm
📤 Capteur Rivière Sud: pH=6.79, Temp=19.33°C, Turb=2.62NTU, Cond=1005.87µS/cm
📤 Capteur Rivière Est: pH=7.54, Temp=20.52°C, Turb=1.34NTU, Cond=1354.09µS/cm
📤 Capteur Rivière Nord: pH=7.02, Temp=16.87°C, Turb=2.62NTU, Cond=823.85µS/cm
📤 Capteur Rivière Sud: pH=6.82, Temp=17.86°C, Turb=3.15NTU, Cond=1229.70µS/cm
📤 Capteur Rivière Est: pH=7.28, Temp=18.59°C, Turb=1.81NTU, Cond=1380.74µS/cm
📤 Capteur Rivière Nord: pH=7.29, Temp=15.91°C, Turb=2.41NTU, Cond=635.80µS/cm
📤 Capteur Rivière Sud: pH=7.15, Temp=17.09°C, Turb=3.11NTU, Cond=1041.44µS/cm
📤 Capteur Rivière Est: pH=7.52, Temp=18.63°C, Turb=1.50NTU, Cond=1602.24µS/cm
📤 Capteur Rivière Nord: pH=7.41, Temp=16.98°C, Turb=2.79NTU, Cond=992.74µS/cm
📤 Capteur Rivière Sud: pH=6.70, Temp=18.22°C, Turb=3.07NTU, Cond=1100.56µS/cm
📤 Capteur Rivière Est: pH=7.29, Temp=21.87°C, Turb=1.35NTU, Cond=1456.63µS/cm
📤 Capteur Rivière Nord: pH=7.02, Temp=15.21°C, Turb=2.22NTU, Cond=799.97µS/cm
📤 Capteur Rivière Sud: pH=7.05, Temp=17.66°C, Turb=2.77NTU, Cond=1020.31µS/cm
📤 Capteur Rivière Est: pH=7.22, Temp=18.93°C, Turb=2.22NTU, Cond=1636.00µS/cm
📤 Capteur Rivière Nord: pH=7.41, Temp=14.74°C, Turb=2.99NTU, Cond=915.60µS/cm
📤 Capteur Rivière Sud: pH=7.00, Temp=18.49°C, Turb=3.06NTU, Cond=1292.33µS/cm
📤 Capteur Rivière Est: pH=7.24, Temp=18.55°C, Turb=2.23NTU, Cond=1357.62µS/cm
📤 Capteur Rivière Nord: pH=7.19, Temp=14.51°C, Turb=2.56NTU, Cond=638.70µS/cm
📤 Capteur Rivière Sud: pH=7.09, Temp=18.71°C, Turb=2.77NTU, Cond=1217.29µS/cm
📤 Capteur Rivière Est: pH=7.37, Temp=18.75°C, Turb=1.57NTU, Cond=1683.23µS/cm
📤 Capteur Rivière Nord: pH=7.10, Temp=15.04°C, Turb=2.52NTU, Cond=868.39µS/cm
📤 Capteur Rivière Sud: pH=7.28, Temp=17.50°C, Turb=3.01NTU, Cond=1180.25µS/cm
📤 Capteur Rivière Est: pH=7.46, Temp=21.84°C, Turb=1.65NTU, Cond=1676.43µS/cm
📤 Capteur Rivière Nord: pH=7.10, Temp=15.36°C, Turb=2.51NTU, Cond=617.80µS/cm
📤 Capteur Rivière Sud: pH=6.80, Temp=16.17°C, Turb=3.05NTU, Cond=1152.56µS/cm
📤 Capteur Rivière Est: pH=7.76, Temp=20.77°C, Turb=1.72NTU, Cond=1520.17µS/cm
📤 Capteur Rivière Nord: pH=7.19, Temp=16.32°C, Turb=2.87NTU, Cond=893.68µS/cm
📤 Capteur Rivière Sud: pH=7.21, Temp=18.36°C, Turb=3.38NTU, Cond=1047.50µS/cm
📤 Capteur Rivière Est: pH=7.71, Temp=20.61°C, Turb=2.21NTU, Cond=1646.84µS/cm
📤 Capteur Rivière Nord: pH=7.43, Temp=13.33°C, Turb=2.26NTU, Cond=754.09µS/cm
📤 Capteur Rivière Sud: pH=6.93, Temp=18.24°C, Turb=2.73NTU, Cond=1146.56µS/cm
📤 Capteur Rivière Est: pH=7.46, Temp=18.32°C, Turb=1.52NTU, Cond=1431.21µS/cm
📤 Capteur Rivière Nord: pH=7.34, Temp=15.13°C, Turb=2.38NTU, Cond=640.16µS/cm
📤 Capteur Rivière Sud: pH=6.83, Temp=17.61°C, Turb=3.20NTU, Cond=1292.00µS/cm
📤 Capteur Rivière Est: pH=7.39, Temp=21.15°C, Turb=2.06NTU, Cond=1345.72µS/cm
📤 Capteur Rivière Nord: pH=7.13, Temp=16.54°C, Turb=2.23NTU, Cond=972.93µS/cm
📤 Capteur Rivière Sud: pH=6.95, Temp=18.50°C, Turb=2.62NTU, Cond=1176.99µS/cm
📤 Capteur Rivière Est: pH=7.47, Temp=21.62°C, Turb=1.36NTU, Cond=1468.07µS/cm
📤 Capteur Rivière Nord: pH=7.41, Temp=13.55°C, Turb=2.33NTU, Cond=891.20µS/cm
📤 Capteur Rivière Sud: pH=7.03, Temp=19.99°C, Turb=2.88NTU, Cond=1120.19µS/cm
📤 Capteur Rivière Est: pH=7.44, Temp=20.42°C, Turb=1.47NTU, Cond=1513.92µS/cm
📤 Capteur Rivière Nord: pH=7.18, Temp=13.33°C, Turb=2.31NTU, Cond=999.63µS/cm
📤 Capteur Rivière Sud: pH=6.92, Temp=19.11°C, Turb=3.48NTU, Cond=1354.90µS/cm
📤 Capteur Rivière Est: pH=7.22, Temp=19.27°C, Turb=2.27NTU, Cond=1649.78µS/cm
📤 Capteur Rivière Nord: pH=6.95, Temp=15.98°C, Turb=2.24NTU, Cond=663.37µS/cm
📤 Capteur Rivière Sud: pH=7.12, Temp=16.91°C, Turb=2.92NTU, Cond=1101.23µS/cm
📤 Capteur Rivière Est: pH=7.43, Temp=20.03°C, Turb=1.54NTU, Cond=1604.61µS/cm
📤 Capteur Rivière Nord: pH=7.29, Temp=16.64°C, Turb=2.17NTU, Cond=803.65µS/cm
📤 Capteur Rivière Sud: pH=7.19, Temp=38.00°C, Turb=2.83NTU, Cond=1392.11µS/cm
📤 Capteur Rivière Est: pH=7.29, Temp=21.39°C, Turb=2.06NTU, Cond=1433.21µS/cm
📤 Capteur Rivière Nord: pH=7.41, Temp=15.78°C, Turb=2.99NTU, Cond=753.31µS/cm
📤 Capteur Rivière Sud: pH=7.04, Temp=16.68°C, Turb=2.82NTU, Cond=1357.43µS/cm
📤 Capteur Rivière Est: pH=7.51, Temp=18.04°C, Turb=1.33NTU, Cond=1608.69µS/cm
📤 Capteur Rivière Nord: pH=7.31, Temp=13.12°C, Turb=9.86NTU, Cond=758.60µS/cm
📤 Capteur Rivière Sud: pH=7.21, Temp=17.52°C, Turb=3.15NTU, Cond=1250.88µS/cm
📤 Capteur Rivière Est: pH=7.53, Temp=21.74°C, Turb=1.99NTU, Cond=1428.47µS/cm
📤 Capteur Rivière Nord: pH=6.90, Temp=14.59°C, Turb=2.94NTU, Cond=768.37µS/cm
📤 Capteur Rivière Sud: pH=6.75, Temp=18.32°C, Turb=2.61NTU, Cond=1035.86µS/cm
📤 Capteur Rivière Est: pH=7.70, Temp=18.90°C, Turb=2.25NTU, Cond=1670.88µS/cm
📤 Capteur Rivière Nord: pH=6.91, Temp=15.39°C, Turb=2.04NTU, Cond=825.53µS/cm
📤 Capteur Rivière Sud: pH=7.10, Temp=17.91°C, Turb=2.69NTU, Cond=1375.14µS/cm
📤 Capteur Rivière Est: pH=7.41, Temp=21.20°C, Turb=1.92NTU, Cond=1637.89µS/cm
📤 Capteur Rivière Nord: pH=7.21, Temp=13.67°C, Turb=2.14NTU, Cond=700.57µS/cm
📤 Capteur Rivière Sud: pH=6.71, Temp=16.97°C, Turb=2.72NTU, Cond=1038.68µS/cm
📤 Capteur Rivière Est: pH=7.33, Temp=20.68°C, Turb=2.04NTU, Cond=1409.91µS/cm
📤 Capteur Rivière Nord: pH=7.04, Temp=13.88°C, Turb=2.10NTU, Cond=684.33µS/cm
📤 Capteur Rivière Sud: pH=7.26, Temp=18.59°C, Turb=2.60NTU, Cond=1140.98µS/cm
📤 Capteur Rivière Est: pH=7.35, Temp=18.49°C, Turb=1.46NTU, Cond=1534.48µS/cm
📤 Capteur Rivière Nord: pH=6.97, Temp=13.22°C, Turb=2.37NTU, Cond=720.64µS/cm
📤 Capteur Rivière Sud: pH=6.85, Temp=19.74°C, Turb=2.94NTU, Cond=1010.98µS/cm
📤 Capteur Rivière Est: pH=7.67, Temp=18.29°C, Turb=2.27NTU, Cond=1673.58µS/cm
📤 Capteur Rivière Nord: pH=7.24, Temp=15.50°C, Turb=2.16NTU, Cond=616.50µS/cm
📤 Capteur Rivière Sud: pH=6.88, Temp=18.04°C, Turb=2.52NTU, Cond=1231.54µS/cm
📤 Capteur Rivière Est: pH=7.26, Temp=39.18°C, Turb=2.15NTU, Cond=1317.92µS/cm
📤 Capteur Rivière Nord: pH=7.17, Temp=15.60°C, Turb=2.34NTU, Cond=986.56µS/cm
📤 Capteur Rivière Sud: pH=6.71, Temp=16.27°C, Turb=2.64NTU, Cond=1063.75µS/cm
📤 Capteur Rivière Est: pH=7.67, Temp=18.81°C, Turb=1.31NTU, Cond=1596.78µS/cm
📤 Capteur Rivière Nord: pH=7.37, Temp=16.66°C, Turb=2.42NTU, Cond=835.39µS/cm
📤 Capteur Rivière Sud: pH=7.30, Temp=18.71°C, Turb=2.91NTU, Cond=1170.39µS/cm
📤 Capteur Rivière Est: pH=7.30, Temp=21.31°C, Turb=1.87NTU, Cond=1598.17µS/cm
📤 Capteur Rivière Nord: pH=7.40, Temp=13.69°C, Turb=2.78NTU, Cond=783.93µS/cm
📤 Capteur Rivière Sud: pH=6.79, Temp=18.37°C, Turb=3.42NTU, Cond=1046.06µS/cm
📤 Capteur Rivière Est: pH=7.25, Temp=18.08°C, Turb=2.17NTU, Cond=1541.63µS/cm
📤 Capteur Rivière Nord: pH=7.02, Temp=13.30°C, Turb=2.93NTU, Cond=670.05µS/cm
📤 Capteur Rivière Sud: pH=7.16, Temp=17.88°C, Turb=3.21NTU, Cond=1223.62µS/cm
📤 Capteur Rivière Est: pH=7.74, Temp=19.23°C, Turb=2.22NTU, Cond=1544.83µS/cm
📤 Capteur Rivière Nord: pH=7.18, Temp=13.38°C, Turb=2.10NTU, Cond=647.98µS/cm
📤 Capteur Rivière Sud: pH=6.89, Temp=18.67°C, Turb=3.45NTU, Cond=1199.80µS/cm
📤 Capteur Rivière Est: pH=7.43, Temp=21.31°C, Turb=1.59NTU, Cond=1577.47µS/cm
📤 Capteur Rivière Nord: pH=7.29, Temp=14.80°C, Turb=2.78NTU, Cond=930.68µS/cm
📤 Capteur Rivière Sud: pH=7.03, Temp=19.82°C, Turb=2.50NTU, Cond=1252.43µS/cm
📤 Capteur Rivière Est: pH=7.51, Temp=20.51°C, Turb=1.76NTU, Cond=1569.57µS/cm
📤 Capteur Rivière Nord: pH=7.18, Temp=14.20°C, Turb=2.46NTU, Cond=881.64µS/cm
📤 Capteur Rivière Sud: pH=6.87, Temp=18.45°C, Turb=3.27NTU, Cond=1365.51µS/cm
📤 Capteur Rivière Est: pH=7.65, Temp=31.99°C, Turb=1.74NTU, Cond=1594.36µS/cm
📤 Capteur Rivière Nord: pH=7.29, Temp=13.82°C, Turb=2.79NTU, Cond=912.07µS/cm
📤 Capteur Rivière Sud: pH=6.84, Temp=19.10°C, Turb=3.03NTU, Cond=1193.45µS/cm
📤 Capteur Rivière Est: pH=7.55, Temp=18.80°C, Turb=1.85NTU, Cond=1353.76µS/cm
📤 Capteur Rivière Nord: pH=7.07, Temp=14.74°C, Turb=2.38NTU, Cond=927.14µS/cm
📤 Capteur Rivière Sud: pH=7.11, Temp=19.22°C, Turb=3.01NTU, Cond=1348.73µS/cm
📤 Capteur Rivière Est: pH=7.57, Temp=20.10°C, Turb=1.90NTU, Cond=1577.64µS/cm
📤 Capteur Rivière Nord: pH=7.38, Temp=14.40°C, Turb=2.32NTU, Cond=707.89µS/cm
📤 Capteur Rivière Sud: pH=7.22, Temp=18.44°C, Turb=2.82NTU, Cond=1392.15µS/cm
📤 Capteur Rivière Est: pH=7.35, Temp=20.37°C, Turb=1.59NTU, Cond=1325.03µS/cm
📤 Capteur Rivière Nord: pH=7.27, Temp=16.67°C, Turb=2.05NTU, Cond=821.79µS/cm
📤 Capteur Rivière Sud: pH=7.04, Temp=16.46°C, Turb=3.18NTU, Cond=1162.51µS/cm
📤 Capteur Rivière Est: pH=7.41, Temp=20.14°C, Turb=2.24NTU, Cond=1627.10µS/cm
📤 Capteur Rivière Nord: pH=7.12, Temp=14.57°C, Turb=2.04NTU, Cond=823.56µS/cm
📤 Capteur Rivière Sud: pH=6.84, Temp=17.62°C, Turb=3.18NTU, Cond=1257.54µS/cm
📤 Capteur Rivière Est: pH=7.28, Temp=21.50°C, Turb=1.98NTU, Cond=1586.13µS/cm
📤 Capteur Rivière Nord: pH=7.13, Temp=16.59°C, Turb=2.80NTU, Cond=860.82µS/cm
📤 Capteur Rivière Sud: pH=7.04, Temp=17.03°C, Turb=2.68NTU, Cond=1203.18µS/cm
📤 Capteur Rivière Est: pH=7.32, Temp=20.03°C, Turb=1.76NTU, Cond=1412.50µS/cm
📤 Capteur Rivière Nord: pH=7.42, Temp=16.93°C, Turb=2.22NTU, Cond=893.83µS/cm
📤 Capteur Rivière Sud: pH=7.30, Temp=19.73°C, Turb=3.09NTU, Cond=1375.87µS/cm
📤 Capteur Rivière Est: pH=7.72, Temp=18.95°C, Turb=1.91NTU, Cond=1476.00µS/cm
📤 Capteur Rivière Nord: pH=6.97, Temp=13.08°C, Turb=2.29NTU, Cond=852.16µS/cm
📤 Capteur Rivière Sud: pH=6.99, Temp=16.19°C, Turb=3.30NTU, Cond=1345.69µS/cm
📤 Capteur Rivière Est: pH=7.30, Temp=21.72°C, Turb=1.69NTU, Cond=1327.66µS/cm
📤 Capteur Rivière Nord: pH=7.35, Temp=16.34°C, Turb=2.23NTU, Cond=985.72µS/cm
📤 Capteur Rivière Sud: pH=7.01, Temp=19.76°C, Turb=3.29NTU, Cond=1043.26µS/cm
📤 Capteur Rivière Est: pH=7.41, Temp=21.90°C, Turb=1.97NTU, Cond=1474.23µS/cm
📤 Capteur Rivière Nord: pH=7.14, Temp=13.68°C, Turb=2.09NTU, Cond=933.77µS/cm
📤 Capteur Rivière Sud: pH=7.20, Temp=16.83°C, Turb=2.56NTU, Cond=1078.42µS/cm
📤 Capteur Rivière Est: pH=7.70, Temp=18.08°C, Turb=2.06NTU, Cond=1373.40µS/cm
📤 Capteur Rivière Nord: pH=7.39, Temp=14.94°C, Turb=2.47NTU, Cond=681.62µS/cm
📤 Capteur Rivière Sud: pH=7.02, Temp=16.66°C, Turb=2.91NTU, Cond=1376.40µS/cm
📤 Capteur Rivière Est: pH=7.60, Temp=20.37°C, Turb=2.28NTU, Cond=1631.11µS/cm
📤 Capteur Rivière Nord: pH=7.11, Temp=15.16°C, Turb=2.98NTU, Cond=972.01µS/cm
📤 Capteur Rivière Sud: pH=6.79, Temp=16.73°C, Turb=3.12NTU, Cond=1314.43µS/cm
📤 Capteur Rivière Est: pH=7.77, Temp=21.55°C, Turb=2.20NTU, Cond=1587.61µS/cm
📤 Capteur Rivière Nord: pH=7.17, Temp=15.25°C, Turb=2.31NTU, Cond=655.56µS/cm
📤 Capteur Rivière Sud: pH=6.83, Temp=19.88°C, Turb=3.30NTU, Cond=1287.94µS/cm
📤 Capteur Rivière Est: pH=7.58, Temp=19.88°C, Turb=2.13NTU, Cond=1340.94µS/cm
📤 Capteur Rivière Nord: pH=7.17, Temp=16.54°C, Turb=2.24NTU, Cond=800.09µS/cm
📤 Capteur Rivière Sud: pH=7.17, Temp=19.24°C, Turb=2.80NTU, Cond=1366.63µS/cm
📤 Capteur Rivière Est: pH=7.59, Temp=19.53°C, Turb=1.41NTU, Cond=1373.13µS/cm
📤 Capteur Rivière Nord: pH=7.49, Temp=13.10°C, Turb=2.45NTU, Cond=698.86µS/cm
📤 Capteur Rivière Sud: pH=6.99, Temp=16.96°C, Turb=3.02NTU, Cond=1369.10µS/cm
📤 Capteur Rivière Est: pH=7.22, Temp=20.16°C, Turb=2.24NTU, Cond=1494.19µS/cm
📤 Capteur Rivière Nord: pH=7.46, Temp=14.60°C, Turb=3.00NTU, Cond=921.06µS/cm
📤 Capteur Rivière Sud: pH=7.28, Temp=17.61°C, Turb=3.43NTU, Cond=1341.61µS/cm
📤 Capteur Rivière Est: pH=7.42, Temp=21.27°C, Turb=1.77NTU, Cond=1695.13µS/cm
📤 Capteur Rivière Nord: pH=6.95, Temp=13.09°C, Turb=2.12NTU, Cond=751.80µS/cm
📤 Capteur Rivière Sud: pH=6.89, Temp=17.02°C, Turb=3.46NTU, Cond=1210.48µS/cm
📤 Capteur Rivière Est: pH=7.68, Temp=20.64°C, Turb=1.48NTU, Cond=1691.08µS/cm
📤 Capteur Rivière Nord: pH=7.38, Temp=15.22°C, Turb=2.81NTU, Cond=963.77µS/cm
📤 Capteur Rivière Sud: pH=7.20, Temp=19.90°C, Turb=3.13NTU, Cond=1342.44µS/cm
📤 Capteur Rivière Est: pH=7.68, Temp=21.56°C, Turb=1.36NTU, Cond=1402.37µS/cm
📤 Capteur Rivière Nord: pH=7.22, Temp=14.80°C, Turb=2.62NTU, Cond=647.36µS/cm
📤 Capteur Rivière Sud: pH=6.75, Temp=17.98°C, Turb=2.61NTU, Cond=1199.33µS/cm
📤 Capteur Rivière Est: pH=7.47, Temp=20.44°C, Turb=2.10NTU, Cond=1558.39µS/cm
📤 Capteur Rivière Nord: pH=7.08, Temp=13.58°C, Turb=2.72NTU, Cond=733.87µS/cm
📤 Capteur Rivière Sud: pH=7.22, Temp=17.58°C, Turb=2.89NTU, Cond=1033.47µS/cm
📤 Capteur Rivière Est: pH=7.56, Temp=18.38°C, Turb=2.12NTU, Cond=1633.50µS/cm
📤 Capteur Rivière Nord: pH=7.11, Temp=14.21°C, Turb=2.57NTU, Cond=903.90µS/cm
📤 Capteur Rivière Sud: pH=6.74, Temp=19.21°C, Turb=2.88NTU, Cond=1220.66µS/cm
📤 Capteur Rivière Est: pH=7.46, Temp=20.91°C, Turb=2.04NTU, Cond=1453.42µS/cm
📤 Capteur Rivière Nord: pH=7.22, Temp=15.50°C, Turb=2.35NTU, Cond=722.23µS/cm
📤 Capteur Rivière Sud: pH=6.85, Temp=19.23°C, Turb=2.97NTU, Cond=1087.79µS/cm
📤 Capteur Rivière Est: pH=7.71, Temp=20.41°C, Turb=2.05NTU, Cond=1356.92µS/cm
📤 Capteur Rivière Nord: pH=7.11, Temp=13.05°C, Turb=2.63NTU, Cond=899.38µS/cm
📤 Capteur Rivière Sud: pH=6.90, Temp=18.40°C, Turb=2.61NTU, Cond=1180.45µS/cm
📤 Capteur Rivière Est: pH=7.33, Temp=21.23°C, Turb=1.45NTU, Cond=1353.42µS/cm
📤 Capteur Rivière Nord: pH=6.91, Temp=15.21°C, Turb=2.04NTU, Cond=848.03µS/cm
📤 Capteur Rivière Sud: pH=7.15, Temp=19.38°C, Turb=2.59NTU, Cond=1217.43µS/cm
📤 Capteur Rivière Est: pH=7.51, Temp=21.25°C, Turb=2.14NTU, Cond=1666.63µS/cm
📤 Capteur Rivière Nord: pH=7.22, Temp=14.55°C, Turb=2.58NTU, Cond=833.12µS/cm
📤 Capteur Rivière Sud: pH=7.15, Temp=18.97°C, Turb=2.93NTU, Cond=1044.55µS/cm
📤 Capteur Rivière Est: pH=7.48, Temp=20.29°C, Turb=1.33NTU, Cond=1461.05µS/cm
📤 Capteur Rivière Nord: pH=7.12, Temp=15.09°C, Turb=2.45NTU, Cond=608.53µS/cm
📤 Capteur Rivière Sud: pH=7.26, Temp=17.78°C, Turb=2.88NTU, Cond=1318.93µS/cm
📤 Capteur Rivière Est: pH=7.47, Temp=19.00°C, Turb=1.60NTU, Cond=1459.64µS/cm
📤 Capteur Rivière Nord: pH=6.92, Temp=13.11°C, Turb=2.80NTU, Cond=876.66µS/cm
📤 Capteur Rivière Sud: pH=7.28, Temp=17.25°C, Turb=2.56NTU, Cond=1314.69µS/cm
📤 Capteur Rivière Est: pH=7.32, Temp=21.49°C, Turb=1.64NTU, Cond=1341.73µS/cm
📤 Capteur Rivière Nord: pH=7.44, Temp=14.89°C, Turb=2.87NTU, Cond=875.91µS/cm
📤 Capteur Rivière Sud: pH=7.07, Temp=19.17°C, Turb=11.75NTU, Cond=1321.82µS/cm
📤 Capteur Rivière Est: pH=7.67, Temp=19.76°C, Turb=2.17NTU, Cond=1539.93µS/cm
📤 Capteur Rivière Nord: pH=7.17, Temp=16.31°C, Turb=2.98NTU, Cond=4108.38µS/cm
📤 Capteur Rivière Sud: pH=7.27, Temp=16.98°C, Turb=3.42NTU, Cond=1393.13µS/cm
📤 Capteur Rivière Est: pH=7.24, Temp=19.66°C, Turb=1.49NTU, Cond=1438.34µS/cm
📤 Capteur Rivière Nord: pH=7.49, Temp=15.81°C, Turb=2.35NTU, Cond=907.35µS/cm
📤 Capteur Rivière Sud: pH=6.77, Temp=19.95°C, Turb=3.23NTU, Cond=1305.46µS/cm
📤 Capteur Rivière Est: pH=7.62, Temp=18.56°C, Turb=1.96NTU, Cond=1549.24µS/cm
📤 Capteur Rivière Nord: pH=7.49, Temp=14.62°C, Turb=2.68NTU, Cond=980.77µS/cm
📤 Capteur Rivière Sud: pH=6.76, Temp=16.60°C, Turb=2.55NTU, Cond=1153.16µS/cm
📤 Capteur Rivière Est: pH=7.47, Temp=19.72°C, Turb=1.48NTU, Cond=1405.92µS/cm
📤 Capteur Rivière Nord: pH=7.25, Temp=14.15°C, Turb=2.44NTU, Cond=653.13µS/cm
📤 Capteur Rivière Sud: pH=6.90, Temp=16.16°C, Turb=3.06NTU, Cond=1309.92µS/cm
📤 Capteur Rivière Est: pH=7.64, Temp=20.88°C, Turb=2.05NTU, Cond=1338.61µS/cm
📤 Capteur Rivière Nord: pH=6.95, Temp=13.85°C, Turb=2.40NTU, Cond=956.74µS/cm
📤 Capteur Rivière Sud: pH=7.11, Temp=16.80°C, Turb=3.32NTU, Cond=3050.42µS/cm
📤 Capteur Rivière Est: pH=7.63, Temp=21.39°C, Turb=2.29NTU, Cond=1430.52µS/cm
📤 Capteur Rivière Nord: pH=7.18, Temp=14.57°C, Turb=2.53NTU, Cond=665.85µS/cm
📤 Capteur Rivière Sud: pH=6.78, Temp=17.27°C, Turb=3.27NTU, Cond=1369.05µS/cm
📤 Capteur Rivière Est: pH=7.79, Temp=21.47°C, Turb=1.85NTU, Cond=1444.35µS/cm
📤 Capteur Rivière Nord: pH=6.90, Temp=15.00°C, Turb=2.36NTU, Cond=900.73µS/cm
📤 Capteur Rivière Sud: pH=7.07, Temp=17.97°C, Turb=2.86NTU, Cond=1102.86µS/cm
📤 Capteur Rivière Est: pH=7.53, Temp=21.40°C, Turb=1.68NTU, Cond=1596.70µS/cm
📤 Capteur Rivière Nord: pH=7.30, Temp=14.04°C, Turb=2.42NTU, Cond=835.67µS/cm
📤 Capteur Rivière Sud: pH=7.10, Temp=20.00°C, Turb=2.70NTU, Cond=1263.84µS/cm
📤 Capteur Rivière Est: pH=7.37, Temp=21.46°C, Turb=1.60NTU, Cond=1360.49µS/cm
📤 Capteur Rivière Nord: pH=7.29, Temp=14.53°C, Turb=2.74NTU, Cond=697.31µS/cm
📤 Capteur Rivière Sud: pH=6.88, Temp=17.53°C, Turb=2.79NTU, Cond=1086.79µS/cm
📤 Capteur Rivière Est: pH=7.33, Temp=19.26°C, Turb=1.91NTU, Cond=1600.91µS/cm
📤 Capteur Rivière Nord: pH=6.91, Temp=13.15°C, Turb=2.53NTU, Cond=636.81µS/cm
📤 Capteur Rivière Sud: pH=6.78, Temp=19.17°C, Turb=2.89NTU, Cond=1373.65µS/cm
📤 Capteur Rivière Est: pH=7.46, Temp=19.32°C, Turb=1.84NTU, Cond=1301.25µS/cm
📤 Capteur Rivière Nord: pH=7.20, Temp=14.96°C, Turb=2.18NTU, Cond=864.62µS/cm
📤 Capteur Rivière Sud: pH=6.99, Temp=18.20°C, Turb=2.79NTU, Cond=1191.79µS/cm
📤 Capteur Rivière Est: pH=7.43, Temp=20.27°C, Turb=1.39NTU, Cond=1477.31µS/cm
📤 Capteur Rivière Nord: pH=7.43, Temp=16.04°C, Turb=2.93NTU, Cond=911.45µS/cm
📤 Capteur Rivière Sud: pH=7.07, Temp=19.16°C, Turb=3.18NTU, Cond=1310.83µS/cm
📤 Capteur Rivière Est: pH=7.54, Temp=21.44°C, Turb=1.95NTU, Cond=1461.33µS/cm
📤 Capteur Rivière Nord: pH=7.07, Temp=15.15°C, Turb=2.70NTU, Cond=691.79µS/cm
📤 Capteur Rivière Sud: pH=6.86, Temp=17.18°C, Turb=2.73NTU, Cond=1190.74µS/cm
📤 Capteur Rivière Est: pH=7.48, Temp=21.10°C, Turb=1.91NTU, Cond=1506.59µS/cm
📤 Capteur Rivière Nord: pH=7.39, Temp=13.98°C, Turb=2.20NTU, Cond=640.11µS/cm
📤 Capteur Rivière Sud: pH=7.17, Temp=17.17°C, Turb=9.07NTU, Cond=1111.33µS/cm
📤 Capteur Rivière Est: pH=7.21, Temp=19.99°C, Turb=1.48NTU, Cond=1636.96µS/cm
📤 Capteur Rivière Nord: pH=7.06, Temp=16.71°C, Turb=2.26NTU, Cond=616.40µS/cm
📤 Capteur Rivière Sud: pH=6.98, Temp=18.13°C, Turb=2.68NTU, Cond=1298.01µS/cm
📤 Capteur Rivière Est: pH=7.71, Temp=20.61°C, Turb=2.05NTU, Cond=1430.43µS/cm
📤 Capteur Rivière Nord: pH=6.99, Temp=15.15°C, Turb=2.00NTU, Cond=677.37µS/cm
📤 Capteur Rivière Sud: pH=6.74, Temp=16.18°C, Turb=2.92NTU, Cond=1376.18µS/cm
📤 Capteur Rivière Est: pH=7.69, Temp=20.68°C, Turb=1.39NTU, Cond=1512.47µS/cm
📤 Capteur Rivière Nord: pH=7.21, Temp=15.72°C, Turb=2.25NTU, Cond=985.48µS/cm
📤 Capteur Rivière Sud: pH=6.87, Temp=17.55°C, Turb=3.44NTU, Cond=1163.41µS/cm
📤 Capteur Rivière Est: pH=7.57, Temp=18.71°C, Turb=1.48NTU, Cond=1688.70µS/cm
📤 Capteur Rivière Nord: pH=7.10, Temp=15.71°C, Turb=2.39NTU, Cond=983.43µS/cm
📤 Capteur Rivière Sud: pH=6.80, Temp=18.79°C, Turb=3.18NTU, Cond=1103.44µS/cm
📤 Capteur Rivière Est: pH=7.26, Temp=21.31°C, Turb=1.53NTU, Cond=1381.48µS/cm
📤 Capteur Rivière Nord: pH=7.17, Temp=14.19°C, Turb=2.61NTU, Cond=844.86µS/cm
📤 Capteur Rivière Sud: pH=7.17, Temp=19.07°C, Turb=3.00NTU, Cond=1185.16µS/cm
📤 Capteur Rivière Est: pH=7.50, Temp=21.92°C, Turb=2.28NTU, Cond=1363.54µS/cm
📤 Capteur Rivière Nord: pH=7.29, Temp=15.91°C, Turb=2.17NTU, Cond=761.09µS/cm
📤 Capteur Rivière Sud: pH=7.26, Temp=16.19°C, Turb=2.59NTU, Cond=1088.10µS/cm
📤 Capteur Rivière Est: pH=7.31, Temp=19.41°C, Turb=1.34NTU, Cond=1590.17µS/cm
📤 Capteur Rivière Nord: pH=7.09, Temp=13.46°C, Turb=2.74NTU, Cond=749.97µS/cm
📤 Capteur Rivière Sud: pH=6.82, Temp=18.59°C, Turb=2.72NTU, Cond=1364.64µS/cm
📤 Capteur Rivière Est: pH=7.37, Temp=19.78°C, Turb=2.20NTU, Cond=1352.53µS/cm
📤 Capteur Rivière Nord: pH=6.97, Temp=13.47°C, Turb=2.01NTU, Cond=679.73µS/cm
📤 Capteur Rivière Sud: pH=4.49, Temp=17.42°C, Turb=2.95NTU, Cond=1270.05µS/cm
📤 Capteur Rivière Est: pH=7.49, Temp=-1.62°C, Turb=1.46NTU, Cond=1364.12µS/cm
📤 Capteur Rivière Nord: pH=7.30, Temp=14.89°C, Turb=2.80NTU, Cond=611.97µS/cm
📤 Capteur Rivière Sud: pH=7.28, Temp=16.79°C, Turb=2.76NTU, Cond=1078.77µS/cm
📤 Capteur Rivière Est: pH=7.44, Temp=19.00°C, Turb=1.90NTU, Cond=1368.18µS/cm
📤 Capteur Rivière Nord: pH=7.43, Temp=13.51°C, Turb=2.46NTU, Cond=918.26µS/cm
📤 Capteur Rivière Sud: pH=6.73, Temp=17.69°C, Turb=2.52NTU, Cond=1245.60µS/cm
📤 Capteur Rivière Est: pH=7.21, Temp=21.30°C, Turb=1.55NTU, Cond=1350.72µS/cm
📤 Capteur Rivière Nord: pH=7.28, Temp=15.24°C, Turb=2.34NTU, Cond=953.39µS/cm
📤 Capteur Rivière Sud: pH=6.76, Temp=16.42°C, Turb=2.84NTU, Cond=3603.48µS/cm
📤 Capteur Rivière Est: pH=7.44, Temp=19.08°C, Turb=2.14NTU, Cond=1327.22µS/cm
📤 Capteur Rivière Nord: pH=7.34, Temp=15.95°C, Turb=2.77NTU, Cond=640.18µS/cm
📤 Capteur Rivière Sud: pH=7.27, Temp=18.17°C, Turb=3.05NTU, Cond=1246.74µS/cm
📤 Capteur Rivière Est: pH=7.37, Temp=20.50°C, Turb=1.75NTU, Cond=1694.79µS/cm
📤 Capteur Rivière Nord: pH=7.27, Temp=16.02°C, Turb=2.21NTU, Cond=881.59µS/cm
📤 Capteur Rivière Sud: pH=7.30, Temp=18.80°C, Turb=2.64NTU, Cond=1243.60µS/cm
📤 Capteur Rivière Est: pH=7.61, Temp=20.62°C, Turb=1.42NTU, Cond=1315.69µS/cm
📤 Capteur Rivière Nord: pH=7.37, Temp=16.50°C, Turb=2.07NTU, Cond=939.47µS/cm
📤 Capteur Rivière Sud: pH=7.20, Temp=18.40°C, Turb=2.81NTU, Cond=1289.05µS/cm
📤 Capteur Rivière Est: pH=7.69, Temp=19.87°C, Turb=1.81NTU, Cond=1363.23µS/cm
📤 Capteur Rivière Nord: pH=7.30, Temp=14.96°C, Turb=2.95NTU, Cond=849.32µS/cm
📤 Capteur Rivière Sud: pH=7.14, Temp=18.51°C, Turb=3.04NTU, Cond=1192.36µS/cm
📤 Capteur Rivière Est: pH=7.78, Temp=21.33°C, Turb=1.48NTU, Cond=1579.76µS/cm
📤 Capteur Rivière Nord: pH=7.41, Temp=16.12°C, Turb=2.97NTU, Cond=991.10µS/cm
📤 Capteur Rivière Sud: pH=6.93, Temp=19.94°C, Turb=2.85NTU, Cond=1243.40µS/cm
📤 Capteur Rivière Est: pH=7.47, Temp=18.83°C, Turb=1.70NTU, Cond=1427.89µS/cm
📤 Capteur Rivière Nord: pH=9.26, Temp=13.94°C, Turb=2.85NTU, Cond=724.54µS/cm
📤 Capteur Rivière Sud: pH=7.01, Temp=18.53°C, Turb=3.05NTU, Cond=1327.92µS/cm
📤 Capteur Rivière Est: pH=7.40, Temp=-1.82°C, Turb=2.15NTU, Cond=1499.82µS/cm
📤 Capteur Rivière Nord: pH=7.42, Temp=16.21°C, Turb=2.07NTU, Cond=948.70µS/cm
📤 Capteur Rivière Sud: pH=6.92, Temp=19.96°C, Turb=2.82NTU, Cond=1345.55µS/cm
📤 Capteur Rivière Est: pH=7.63, Temp=20.67°C, Turb=2.06NTU, Cond=1376.85µS/cm
📤 Capteur Rivière Nord: pH=7.35, Temp=15.08°C, Turb=2.67NTU, Cond=724.60µS/cm
📤 Capteur Rivière Sud: pH=7.16, Temp=16.88°C, Turb=3.39NTU, Cond=1231.92µS/cm
📤 Capteur Rivière Est: pH=7.60, Temp=21.02°C, Turb=1.65NTU, Cond=1660.34µS/cm
📤 Capteur Rivière Nord: pH=7.45, Temp=15.37°C, Turb=2.94NTU, Cond=866.33µS/cm
📤 Capteur Rivière Sud: pH=6.96, Temp=18.65°C, Turb=3.25NTU, Cond=1090.61µS/cm
📤 Capteur Rivière Est: pH=7.42, Temp=20.90°C, Turb=1.52NTU, Cond=1477.45µS/cm
📤 Capteur Rivière Nord: pH=6.95, Temp=33.79°C, Turb=2.61NTU, Cond=957.68µS/cm
📤 Capteur Rivière Sud: pH=6.81, Temp=17.24°C, Turb=2.62NTU, Cond=1154.90µS/cm
📤 Capteur Rivière Est: pH=7.49, Temp=21.39°C, Turb=2.05NTU, Cond=1463.50µS/cm
📤 Capteur Rivière Nord: pH=7.20, Temp=14.95°C, Turb=2.46NTU, Cond=710.11µS/cm
📤 Capteur Rivière Sud: pH=6.85, Temp=17.50°C, Turb=2.79NTU, Cond=1191.77µS/cm
📤 Capteur Rivière Est: pH=7.28, Temp=19.11°C, Turb=2.21NTU, Cond=1393.14µS/cm
📤 Capteur Rivière Nord: pH=7.13, Temp=13.39°C, Turb=2.19NTU, Cond=884.13µS/cm
📤 Capteur Rivière Sud: pH=6.72, Temp=16.73°C, Turb=3.32NTU, Cond=1220.59µS/cm
📤 Capteur Rivière Est: pH=7.41, Temp=19.73°C, Turb=1.52NTU, Cond=1319.30µS/cm
📤 Capteur Rivière Nord: pH=7.21, Temp=14.16°C, Turb=2.33NTU, Cond=922.54µS/cm
📤 Capteur Rivière Sud: pH=6.83, Temp=19.13°C, Turb=2.89NTU, Cond=1330.40µS/cm
📤 Capteur Rivière Est: pH=7.59, Temp=21.46°C, Turb=2.20NTU, Cond=1451.21µS/cm
📤 Capteur Rivière Nord: pH=6.90, Temp=13.27°C, Turb=2.36NTU, Cond=653.02µS/cm
📤 Capteur Rivière Sud: pH=7.04, Temp=18.08°C, Turb=2.92NTU, Cond=1114.21µS/cm
📤 Capteur Rivière Est: pH=7.63, Temp=18.87°C, Turb=1.42NTU, Cond=1483.94µS/cm
📤 Capteur Rivière Nord: pH=7.21, Temp=14.76°C, Turb=2.24NTU, Cond=737.23µS/cm
📤 Capteur Rivière Sud: pH=7.25, Temp=16.97°C, Turb=3.18NTU, Cond=1060.68µS/cm
📤 Capteur Rivière Est: pH=7.27, Temp=18.07°C, Turb=1.99NTU, Cond=1337.60µS/cm
📤 Capteur Rivière Nord: pH=7.07, Temp=15.61°C, Turb=2.05NTU, Cond=618.01µS/cm
📤 Capteur Rivière Sud: pH=7.13, Temp=19.09°C, Turb=3.11NTU, Cond=1068.37µS/cm
📤 Capteur Rivière Est: pH=7.51, Temp=21.49°C, Turb=1.51NTU, Cond=1397.79µS/cm
📤 Capteur Rivière Nord: pH=6.96, Temp=14.81°C, Turb=2.81NTU, Cond=873.11µS/cm
📤 Capteur Rivière Sud: pH=6.93, Temp=17.60°C, Turb=2.89NTU, Cond=1063.89µS/cm
📤 Capteur Rivière Est: pH=7.56, Temp=21.82°C, Turb=1.99NTU, Cond=1359.42µS/cm
📤 Capteur Rivière Nord: pH=7.13, Temp=15.82°C, Turb=2.32NTU, Cond=793.44µS/cm
📤 Capteur Rivière Sud: pH=7.28, Temp=17.42°C, Turb=3.04NTU, Cond=1246.27µS/cm
📤 Capteur Rivière Est: pH=7.70, Temp=21.36°C, Turb=2.15NTU, Cond=4966.20µS/cm
📤 Capteur Rivière Nord: pH=7.44, Temp=15.54°C, Turb=2.82NTU, Cond=887.48µS/cm
📤 Capteur Rivière Sud: pH=6.97, Temp=17.56°C, Turb=2.77NTU, Cond=1272.81µS/cm
📤 Capteur Rivière Est: pH=7.40, Temp=21.24°C, Turb=2.09NTU, Cond=1402.48µS/cm
📤 Capteur Rivière Nord: pH=6.92, Temp=16.45°C, Turb=2.14NTU, Cond=693.63µS/cm
📤 Capteur Rivière Sud: pH=6.76, Temp=19.35°C, Turb=2.84NTU, Cond=1362.63µS/cm
📤 Capteur Rivière Est: pH=7.78, Temp=18.78°C, Turb=1.58NTU, Cond=1610.15µS/cm
📤 Capteur Rivière Nord: pH=9.61, Temp=14.90°C, Turb=2.16NTU, Cond=777.61µS/cm
📤 Capteur Rivière Sud: pH=6.94, Temp=17.44°C, Turb=3.49NTU, Cond=1119.55µS/cm
📤 Capteur Rivière Est: pH=7.33, Temp=18.42°C, Turb=1.56NTU, Cond=1516.62µS/cm
📤 Capteur Rivière Nord: pH=7.23, Temp=13.78°C, Turb=2.63NTU, Cond=614.84µS/cm
📤 Capteur Rivière Sud: pH=7.13, Temp=19.87°C, Turb=3.34NTU, Cond=1025.69µS/cm
📤 Capteur Rivière Est: pH=7.46, Temp=19.48°C, Turb=1.82NTU, Cond=1380.49µS/cm
📤 Capteur Rivière Nord: pH=7.44, Temp=15.06°C, Turb=2.57NTU, Cond=767.10µS/cm
📤 Capteur Rivière Sud: pH=6.85, Temp=18.57°C, Turb=3.48NTU, Cond=1158.59µS/cm
📤 Capteur Rivière Est: pH=9.67, Temp=18.64°C, Turb=1.90NTU, Cond=1479.02µS/cm
📤 Capteur Rivière Nord: pH=7.03, Temp=13.93°C, Turb=2.12NTU, Cond=914.39µS/cm
📤 Capteur Rivière Sud: pH=6.84, Temp=18.79°C, Turb=2.61NTU, Cond=1282.66µS/cm
📤 Capteur Rivière Est: pH=7.34, Temp=18.57°C, Turb=1.81NTU, Cond=1397.46µS/cm
📤 Capteur Rivière Nord: pH=7.46, Temp=15.79°C, Turb=2.33NTU, Cond=4027.24µS/cm
📤 Capteur Rivière Sud: pH=7.01, Temp=19.98°C, Turb=2.83NTU, Cond=1088.92µS/cm
📤 Capteur Rivière Est: pH=7.24, Temp=19.54°C, Turb=1.71NTU, Cond=1374.69µS/cm
📤 Capteur Rivière Nord: pH=7.47, Temp=15.29°C, Turb=2.41NTU, Cond=850.15µS/cm
📤 Capteur Rivière Sud: pH=6.70, Temp=17.42°C, Turb=3.01NTU, Cond=1387.55µS/cm
📤 Capteur Rivière Est: pH=7.35, Temp=19.12°C, Turb=1.39NTU, Cond=1552.22µS/cm
📤 Capteur Rivière Nord: pH=7.19, Temp=13.65°C, Turb=2.74NTU, Cond=685.45µS/cm
📤 Capteur Rivière Sud: pH=7.23, Temp=16.51°C, Turb=3.24NTU, Cond=1179.73µS/cm
📤 Capteur Rivière Est: pH=7.67, Temp=20.09°C, Turb=1.40NTU, Cond=1636.01µS/cm
📤 Capteur Rivière Nord: pH=7.38, Temp=15.83°C, Turb=2.93NTU, Cond=855.86µS/cm
📤 Capteur Rivière Sud: pH=6.90, Temp=18.09°C, Turb=3.11NTU, Cond=1249.47µS/cm
📤 Capteur Rivière Est: pH=7.29, Temp=18.70°C, Turb=1.30NTU, Cond=1665.00µS/cm
📤 Capteur Rivière Nord: pH=7.39, Temp=14.47°C, Turb=2.81NTU, Cond=613.58µS/cm
📤 Capteur Rivière Sud: pH=7.12, Temp=16.35°C, Turb=3.43NTU, Cond=1033.26µS/cm
📤 Capteur Rivière Est: pH=7.62, Temp=19.01°C, Turb=1.93NTU, Cond=1323.66µS/cm
📤 Capteur Rivière Nord: pH=7.49, Temp=14.90°C, Turb=2.89NTU, Cond=715.49µS/cm
📤 Capteur Rivière Sud: pH=7.07, Temp=19.48°C, Turb=2.75NTU, Cond=1374.59µS/cm
📤 Capteur Rivière Est: pH=7.68, Temp=19.79°C, Turb=2.25NTU, Cond=1686.66µS/cm
📤 Capteur Rivière Nord: pH=7.16, Temp=14.11°C, Turb=2.11NTU, Cond=857.30µS/cm
📤 Capteur Rivière Sud: pH=7.22, Temp=18.62°C, Turb=2.69NTU, Cond=1102.35µS/cm
📤 Capteur Rivière Est: pH=7.46, Temp=21.22°C, Turb=2.08NTU, Cond=1498.09µS/cm
📤 Capteur Rivière Nord: pH=6.96, Temp=15.08°C, Turb=2.61NTU, Cond=805.29µS/cm
📤 Capteur Rivière Sud: pH=6.70, Temp=17.01°C, Turb=3.49NTU, Cond=1153.41µS/cm
📤 Capteur Rivière Est: pH=7.58, Temp=20.68°C, Turb=1.91NTU, Cond=1322.51µS/cm
📤 Capteur Rivière Nord: pH=7.30, Temp=13.43°C, Turb=2.05NTU, Cond=684.81µS/cm
📤 Capteur Rivière Sud: pH=6.94, Temp=16.03°C, Turb=2.63NTU, Cond=1190.23µS/cm
📤 Capteur Rivière Est: pH=7.74, Temp=19.35°C, Turb=1.71NTU, Cond=1477.73µS/cm
📤 Capteur Rivière Nord: pH=7.49, Temp=13.73°C, Turb=2.44NTU, Cond=970.95µS/cm
📤 Capteur Rivière Sud: pH=7.03, Temp=18.63°C, Turb=3.24NTU, Cond=1054.51µS/cm
📤 Capteur Rivière Est: pH=7.72, Temp=18.17°C, Turb=1.57NTU, Cond=1346.50µS/cm
📤 Capteur Rivière Nord: pH=6.98, Temp=13.01°C, Turb=2.39NTU, Cond=724.29µS/cm
📤 Capteur Rivière Sud: pH=9.12, Temp=16.92°C, Turb=3.23NTU, Cond=1030.48µS/cm
📤 Capteur Rivière Est: pH=7.79, Temp=20.88°C, Turb=2.15NTU, Cond=1481.36µS/cm
📤 Capteur Rivière Nord: pH=7.12, Temp=15.41°C, Turb=2.35NTU, Cond=630.98µS/cm
📤 Capteur Rivière Sud: pH=7.14, Temp=16.40°C, Turb=2.94NTU, Cond=1246.91µS/cm
📤 Capteur Rivière Est: pH=7.47, Temp=19.41°C, Turb=2.02NTU, Cond=1439.37µS/cm
📤 Capteur Rivière Nord: pH=7.47, Temp=14.19°C, Turb=2.95NTU, Cond=870.45µS/cm
📤 Capteur Rivière Sud: pH=6.82, Temp=18.13°C, Turb=3.09NTU, Cond=1151.01µS/cm
📤 Capteur Rivière Est: pH=7.71, Temp=18.23°C, Turb=1.36NTU, Cond=1469.43µS/cm
📤 Capteur Rivière Nord: pH=7.04, Temp=16.57°C, Turb=2.67NTU, Cond=643.27µS/cm
📤 Capteur Rivière Sud: pH=6.75, Temp=16.65°C, Turb=2.74NTU, Cond=1365.38µS/cm
📤 Capteur Rivière Est: pH=7.21, Temp=19.34°C, Turb=1.70NTU, Cond=1482.23µS/cm
📤 Capteur Rivière Nord: pH=6.92, Temp=13.92°C, Turb=2.83NTU, Cond=610.17µS/cm
📤 Capteur Rivière Sud: pH=6.97, Temp=19.91°C, Turb=3.13NTU, Cond=1037.80µS/cm
📤 Capteur Rivière Est: pH=7.54, Temp=20.61°C, Turb=1.82NTU, Cond=1455.00µS/cm
📤 Capteur Rivière Nord: pH=7.17, Temp=14.26°C, Turb=2.32NTU, Cond=899.36µS/cm
📤 Capteur Rivière Sud: pH=7.17, Temp=18.24°C, Turb=2.85NTU, Cond=1343.09µS/cm
📤 Capteur Rivière Est: pH=7.26, Temp=21.35°C, Turb=2.15NTU, Cond=1624.16µS/cm
📤 Capteur Rivière Nord: pH=6.96, Temp=13.29°C, Turb=2.74NTU, Cond=758.68µS/cm
📤 Capteur Rivière Sud: pH=6.83, Temp=19.52°C, Turb=3.39NTU, Cond=1143.82µS/cm
📤 Capteur Rivière Est: pH=7.80, Temp=19.23°C, Turb=1.97NTU, Cond=1484.66µS/cm
📤 Capteur Rivière Nord: pH=7.21, Temp=16.96°C, Turb=2.70NTU, Cond=875.09µS/cm
📤 Capteur Rivière Sud: pH=6.70, Temp=16.73°C, Turb=2.68NTU, Cond=1393.96µS/cm
📤 Capteur Rivière Est: pH=7.46, Temp=18.89°C, Turb=1.85NTU, Cond=1692.20µS/cm
📤 Capteur Rivière Nord: pH=7.22, Temp=14.72°C, Turb=2.69NTU, Cond=837.80µS/cm
📤 Capteur Rivière Sud: pH=7.10, Temp=19.64°C, Turb=2.57NTU, Cond=1021.13µS/cm
📤 Capteur Rivière Est: pH=7.79, Temp=20.23°C, Turb=1.63NTU, Cond=1392.76µS/cm
📤 Capteur Rivière Nord: pH=7.31, Temp=15.71°C, Turb=2.73NTU, Cond=712.22µS/cm
📤 Capteur Rivière Sud: pH=7.03, Temp=17.01°C, Turb=3.22NTU, Cond=1330.64µS/cm
📤 Capteur Rivière Est: pH=7.77, Temp=20.94°C, Turb=1.95NTU, Cond=1564.00µS/cm
📤 Capteur Rivière Nord: pH=7.14, Temp=13.89°C, Turb=2.40NTU, Cond=844.78µS/cm
📤 Capteur Rivière Sud: pH=7.17, Temp=17.25°C, Turb=2.98NTU, Cond=1066.53µS/cm
📤 Capteur Rivière Est: pH=7.37, Temp=19.35°C, Turb=1.64NTU, Cond=1544.05µS/cm
📤 Capteur Rivière Nord: pH=7.16, Temp=15.55°C, Turb=2.56NTU, Cond=837.95µS/cm
📤 Capteur Rivière Sud: pH=7.05, Temp=16.95°C, Turb=3.32NTU, Cond=1281.14µS/cm
📤 Capteur Rivière Est: pH=7.26, Temp=19.49°C, Turb=9.51NTU, Cond=1466.60µS/cm
📤 Capteur Rivière Nord: pH=7.12, Temp=16.89°C, Turb=2.02NTU, Cond=758.90µS/cm
📤 Capteur Rivière Sud: pH=7.02, Temp=17.57°C, Turb=3.07NTU, Cond=1258.67µS/cm
📤 Capteur Rivière Est: pH=7.75, Temp=18.42°C, Turb=2.21NTU, Cond=1355.56µS/cm
📤 Capteur Rivière Nord: pH=7.22, Temp=13.77°C, Turb=2.27NTU, Cond=827.78µS/cm
📤 Capteur Rivière Sud: pH=6.82, Temp=18.40°C, Turb=2.71NTU, Cond=1065.03µS/cm
📤 Capteur Rivière Est: pH=7.35, Temp=21.66°C, Turb=1.67NTU, Cond=1498.17µS/cm
📤 Capteur Rivière Nord: pH=7.23, Temp=14.56°C, Turb=2.31NTU, Cond=681.54µS/cm
📤 Capteur Rivière Sud: pH=6.92, Temp=17.62°C, Turb=2.55NTU, Cond=1212.05µS/cm
📤 Capteur Rivière Est: pH=7.57, Temp=19.34°C, Turb=1.88NTU, Cond=1342.36µS/cm
📤 Capteur Rivière Nord: pH=7.13, Temp=14.63°C, Turb=2.65NTU, Cond=718.34µS/cm
📤 Capteur Rivière Sud: pH=6.81, Temp=19.27°C, Turb=2.82NTU, Cond=1353.61µS/cm
📤 Capteur Rivière Est: pH=7.74, Temp=21.55°C, Turb=1.88NTU, Cond=1325.43µS/cm
📤 Capteur Rivière Nord: pH=7.04, Temp=16.74°C, Turb=2.70NTU, Cond=863.71µS/cm
📤 Capteur Rivière Sud: pH=7.03, Temp=16.76°C, Turb=2.71NTU, Cond=1135.45µS/cm
📤 Capteur Rivière Est: pH=7.61, Temp=18.07°C, Turb=1.90NTU, Cond=3352.23µS/cm
📤 Capteur Rivière Nord: pH=7.36, Temp=16.23°C, Turb=2.58NTU, Cond=4293.24µS/cm
📤 Capteur Rivière Sud: pH=7.24, Temp=17.59°C, Turb=2.77NTU, Cond=1077.79µS/cm
📤 Capteur Rivière Est: pH=7.49, Temp=18.08°C, Turb=1.32NTU, Cond=1375.15µS/cm
📤 Capteur Rivière Nord: pH=7.20, Temp=13.90°C, Turb=2.77NTU, Cond=885.61µS/cm
📤 Capteur Rivière Sud: pH=6.80, Temp=18.76°C, Turb=3.09NTU, Cond=1383.49µS/cm
📤 Capteur Rivière Est: pH=7.45, Temp=19.43°C, Turb=1.99NTU, Cond=1459.62µS/cm
📤 Capteur Rivière Nord: pH=7.14, Temp=16.21°C, Turb=2.30NTU, Cond=809.50µS/cm
📤 Capteur Rivière Sud: pH=7.18, Temp=17.41°C, Turb=2.98NTU, Cond=1148.66µS/cm
📤 Capteur Rivière Est: pH=7.67, Temp=21.66°C, Turb=1.45NTU, Cond=1668.75µS/cm
📤 Capteur Rivière Nord: pH=7.28, Temp=13.34°C, Turb=2.45NTU, Cond=726.50µS/cm
📤 Capteur Rivière Sud: pH=7.02, Temp=17.01°C, Turb=3.31NTU, Cond=1369.97µS/cm
📤 Capteur Rivière Est: pH=7.40, Temp=21.70°C, Turb=1.41NTU, Cond=1644.92µS/cm
📤 Capteur Rivière Nord: pH=7.14, Temp=15.64°C, Turb=2.14NTU, Cond=959.58µS/cm
📤 Capteur Rivière Sud: pH=6.72, Temp=17.10°C, Turb=3.13NTU, Cond=1016.56µS/cm
📤 Capteur Rivière Est: pH=7.36, Temp=19.08°C, Turb=1.75NTU, Cond=1657.18µS/cm
📤 Capteur Rivière Nord: pH=6.95, Temp=13.70°C, Turb=2.73NTU, Cond=874.47µS/cm
📤 Capteur Rivière Sud: pH=7.02, Temp=17.77°C, Turb=3.45NTU, Cond=1342.33µS/cm
📤 Capteur Rivière Est: pH=7.36, Temp=18.48°C, Turb=1.68NTU, Cond=1433.47µS/cm
📤 Capteur Rivière Nord: pH=7.23, Temp=15.77°C, Turb=2.47NTU, Cond=961.12µS/cm
📤 Capteur Rivière Sud: pH=6.80, Temp=16.55°C, Turb=2.51NTU, Cond=1292.36µS/cm
📤 Capteur Rivière Est: pH=7.68, Temp=20.62°C, Turb=2.28NTU, Cond=1554.91µS/cm
📤 Capteur Rivière Nord: pH=6.95, Temp=13.31°C, Turb=2.12NTU, Cond=655.54µS/cm
📤 Capteur Rivière Sud: pH=7.15, Temp=16.65°C, Turb=3.33NTU, Cond=1168.37µS/cm
📤 Capteur Rivière Est: pH=7.49, Temp=21.16°C, Turb=1.94NTU, Cond=1684.77µS/cm
📤 Capteur Rivière Nord: pH=7.22, Temp=16.53°C, Turb=2.47NTU, Cond=896.23µS/cm
📤 Capteur Rivière Sud: pH=7.14, Temp=19.70°C, Turb=3.28NTU, Cond=1257.81µS/cm
📤 Capteur Rivière Est: pH=7.75, Temp=21.79°C, Turb=2.18NTU, Cond=1662.25µS/cm
📤 Capteur Rivière Nord: pH=7.29, Temp=14.00°C, Turb=2.17NTU, Cond=845.28µS/cm
📤 Capteur Rivière Sud: pH=6.71, Temp=19.41°C, Turb=3.44NTU, Cond=1269.89µS/cm
📤 Capteur Rivière Est: pH=7.43, Temp=20.18°C, Turb=1.69NTU, Cond=1411.63µS/cm
📤 Capteur Rivière Nord: pH=7.42, Temp=14.99°C, Turb=2.31NTU, Cond=672.55µS/cm
📤 Capteur Rivière Sud: pH=6.92, Temp=19.26°C, Turb=2.63NTU, Cond=1144.51µS/cm
📤 Capteur Rivière Est: pH=7.60, Temp=19.17°C, Turb=1.57NTU, Cond=1683.92µS/cm
📤 Capteur Rivière Nord: pH=7.09, Temp=15.15°C, Turb=2.27NTU, Cond=780.11µS/cm
📤 Capteur Rivière Sud: pH=7.01, Temp=19.81°C, Turb=2.70NTU, Cond=1385.44µS/cm
📤 Capteur Rivière Est: pH=7.50, Temp=21.85°C, Turb=1.52NTU, Cond=1451.97µS/cm
📤 Capteur Rivière Nord: pH=7.07, Temp=13.79°C, Turb=2.96NTU, Cond=603.15µS/cm
📤 Capteur Rivière Sud: pH=7.08, Temp=17.72°C, Turb=2.95NTU, Cond=1175.18µS/cm
📤 Capteur Rivière Est: pH=7.45, Temp=19.80°C, Turb=1.84NTU, Cond=1649.00µS/cm
📤 Capteur Rivière Nord: pH=6.91, Temp=16.97°C, Turb=2.33NTU, Cond=734.71µS/cm
📤 Capteur Rivière Sud: pH=6.80, Temp=16.43°C, Turb=2.75NTU, Cond=1154.78µS/cm
📤 Capteur Rivière Est: pH=7.64, Temp=21.81°C, Turb=1.89NTU, Cond=1615.08µS/cm
📤 Capteur Rivière Nord: pH=7.13, Temp=13.90°C, Turb=2.42NTU, Cond=638.84µS/cm
📤 Capteur Rivière Sud: pH=9.20, Temp=18.88°C, Turb=2.83NTU, Cond=1091.58µS/cm
📤 Capteur Rivière Est: pH=7.25, Temp=19.53°C, Turb=2.05NTU, Cond=1673.93µS/cm
📤 Capteur Rivière Nord: pH=7.29, Temp=15.38°C, Turb=2.26NTU, Cond=801.56µS/cm
📤 Capteur Rivière Sud: pH=7.24, Temp=17.09°C, Turb=2.86NTU, Cond=1358.56µS/cm
📤 Capteur Rivière Est: pH=7.72, Temp=20.22°C, Turb=1.75NTU, Cond=1330.39µS/cm
📤 Capteur Rivière Nord: pH=3.50, Temp=16.86°C, Turb=2.55NTU, Cond=600.37µS/cm
📤 Capteur Rivière Sud: pH=6.81, Temp=16.91°C, Turb=2.91NTU, Cond=1171.92µS/cm
📤 Capteur Rivière Est: pH=7.21, Temp=20.71°C, Turb=1.59NTU, Cond=1529.68µS/cm
📤 Capteur Rivière Nord: pH=7.19, Temp=14.51°C, Turb=2.28NTU, Cond=940.21µS/cm
📤 Capteur Rivière Sud: pH=7.07, Temp=19.72°C, Turb=3.05NTU, Cond=1286.95µS/cm
📤 Capteur Rivière Est: pH=7.36, Temp=19.31°C, Turb=1.97NTU, Cond=1472.43µS/cm
📤 Capteur Rivière Nord: pH=6.91, Temp=15.54°C, Turb=2.63NTU, Cond=949.47µS/cm
📤 Capteur Rivière Sud: pH=7.21, Temp=19.18°C, Turb=2.77NTU, Cond=1119.13µS/cm
📤 Capteur Rivière Est: pH=7.48, Temp=19.44°C, Turb=1.78NTU, Cond=1590.00µS/cm
📤 Capteur Rivière Nord: pH=7.22, Temp=15.00°C, Turb=2.79NTU, Cond=960.40µS/cm
📤 Capteur Rivière Sud: pH=7.29, Temp=16.09°C, Turb=2.64NTU, Cond=1062.78µS/cm
📤 Capteur Rivière Est: pH=7.38, Temp=19.41°C, Turb=1.41NTU, Cond=1630.23µS/cm
📤 Capteur Rivière Nord: pH=7.12, Temp=13.97°C, Turb=2.81NTU, Cond=762.84µS/cm
📤 Capteur Rivière Sud: pH=6.83, Temp=19.14°C, Turb=2.71NTU, Cond=1243.47µS/cm
📤 Capteur Rivière Est: pH=7.65, Temp=21.77°C, Turb=1.51NTU, Cond=1618.61µS/cm
📤 Capteur Rivière Nord: pH=7.32, Temp=16.07°C, Turb=2.37NTU, Cond=686.37µS/cm
📤 Capteur Rivière Sud: pH=6.92, Temp=17.24°C, Turb=2.64NTU, Cond=1396.67µS/cm
📤 Capteur Rivière Est: pH=7.46, Temp=19.19°C, Turb=1.53NTU, Cond=1317.20µS/cm
📤 Capteur Rivière Nord: pH=7.25, Temp=14.69°C, Turb=2.74NTU, Cond=837.93µS/cm
📤 Capteur Rivière Sud: pH=7.10, Temp=18.34°C, Turb=2.94NTU, Cond=1036.85µS/cm
📤 Capteur Rivière Est: pH=7.45, Temp=19.29°C, Turb=1.77NTU, Cond=1608.14µS/cm
📤 Capteur Rivière Nord: pH=7.05, Temp=15.07°C, Turb=2.83NTU, Cond=848.10µS/cm
📤 Capteur Rivière Sud: pH=6.85, Temp=16.56°C, Turb=3.22NTU, Cond=1269.92µS/cm
📤 Capteur Rivière Est: pH=7.60, Temp=20.17°C, Turb=1.94NTU, Cond=1487.86µS/cm
📤 Capteur Rivière Nord: pH=7.23, Temp=14.50°C, Turb=2.38NTU, Cond=611.73µS/cm
📤 Capteur Rivière Sud: pH=7.03, Temp=17.13°C, Turb=3.01NTU, Cond=1096.51µS/cm
📤 Capteur Rivière Est: pH=7.64, Temp=21.28°C, Turb=2.27NTU, Cond=1458.13µS/cm
📤 Capteur Rivière Nord: pH=7.10, Temp=13.02°C, Turb=2.12NTU, Cond=726.07µS/cm
📤 Capteur Rivière Sud: pH=6.98, Temp=18.37°C, Turb=3.25NTU, Cond=1254.40µS/cm
📤 Capteur Rivière Est: pH=7.29, Temp=21.84°C, Turb=2.27NTU, Cond=1351.45µS/cm
📤 Capteur Rivière Nord: pH=7.20, Temp=14.75°C, Turb=2.59NTU, Cond=796.81µS/cm
📤 Capteur Rivière Sud: pH=7.27, Temp=16.75°C, Turb=3.19NTU, Cond=1346.98µS/cm
📤 Capteur Rivière Est: pH=7.22, Temp=19.98°C, Turb=1.42NTU, Cond=1691.95µS/cm
📤 Capteur Rivière Nord: pH=7.28, Temp=13.50°C, Turb=2.07NTU, Cond=804.36µS/cm
📤 Capteur Rivière Sud: pH=7.09, Temp=18.31°C, Turb=3.20NTU, Cond=1250.90µS/cm
📤 Capteur Rivière Est: pH=7.35, Temp=21.76°C, Turb=1.41NTU, Cond=1493.47µS/cm
📤 Capteur Rivière Nord: pH=7.42, Temp=16.52°C, Turb=2.31NTU, Cond=925.92µS/cm
📤 Capteur Rivière Sud: pH=6.86, Temp=17.08°C, Turb=3.02NTU, Cond=1010.27µS/cm
📤 Capteur Rivière Est: pH=7.68, Temp=18.42°C, Turb=1.45NTU, Cond=1314.89µS/cm
📤 Capteur Rivière Nord: pH=7.11, Temp=14.51°C, Turb=2.83NTU, Cond=810.38µS/cm
📤 Capteur Rivière Sud: pH=6.87, Temp=17.16°C, Turb=3.36NTU, Cond=1051.34µS/cm
📤 Capteur Rivière Est: pH=7.55, Temp=20.41°C, Turb=1.68NTU, Cond=1612.71µS/cm
📤 Capteur Rivière Nord: pH=7.15, Temp=15.15°C, Turb=2.47NTU, Cond=900.82µS/cm
📤 Capteur Rivière Sud: pH=6.86, Temp=17.60°C, Turb=3.30NTU, Cond=1278.92µS/cm
📤 Capteur Rivière Est: pH=7.43, Temp=20.89°C, Turb=2.11NTU, Cond=1576.97µS/cm
📤 Capteur Rivière Nord: pH=7.14, Temp=13.40°C, Turb=2.29NTU, Cond=844.75µS/cm
📤 Capteur Rivière Sud: pH=6.80, Temp=18.64°C, Turb=3.19NTU, Cond=1333.81µS/cm
📤 Capteur Rivière Est: pH=7.73, Temp=21.56°C, Turb=1.57NTU, Cond=1374.34µS/cm
📤 Capteur Rivière Nord: pH=6.99, Temp=14.10°C, Turb=2.54NTU, Cond=702.70µS/cm
📤 Capteur Rivière Sud: pH=6.97, Temp=17.89°C, Turb=3.19NTU, Cond=1176.65µS/cm
📤 Capteur Rivière Est: pH=7.62, Temp=21.74°C, Turb=2.12NTU, Cond=1511.88µS/cm
📤 Capteur Rivière Nord: pH=7.27, Temp=13.74°C, Turb=2.03NTU, Cond=794.37µS/cm
📤 Capteur Rivière Sud: pH=7.28, Temp=16.51°C, Turb=2.77NTU, Cond=1019.21µS/cm
📤 Capteur Rivière Est: pH=7.49, Temp=21.80°C, Turb=1.64NTU, Cond=4987.99µS/cm
📤 Capteur Rivière Nord: pH=7.30, Temp=15.74°C, Turb=2.42NTU, Cond=891.81µS/cm
📤 Capteur Rivière Sud: pH=7.18, Temp=19.71°C, Turb=3.02NTU, Cond=1277.13µS/cm
📤 Capteur Rivière Est: pH=7.36, Temp=20.76°C, Turb=2.24NTU, Cond=1353.25µS/cm
📤 Capteur Rivière Nord: pH=7.28, Temp=15.29°C, Turb=2.34NTU, Cond=648.72µS/cm
📤 Capteur Rivière Sud: pH=6.85, Temp=17.33°C, Turb=3.41NTU, Cond=1169.10µS/cm
📤 Capteur Rivière Est: pH=7.60, Temp=21.19°C, Turb=1.45NTU, Cond=1506.55µS/cm
📤 Capteur Rivière Nord: pH=6.98, Temp=13.43°C, Turb=2.50NTU, Cond=650.38µS/cm
📤 Capteur Rivière Sud: pH=6.72, Temp=16.46°C, Turb=2.53NTU, Cond=1170.82µS/cm
📤 Capteur Rivière Est: pH=7.78, Temp=20.40°C, Turb=2.17NTU, Cond=1320.74µS/cm
📤 Capteur Rivière Nord: pH=6.96, Temp=16.29°C, Turb=2.14NTU, Cond=901.49µS/cm
📤 Capteur Rivière Sud: pH=7.00, Temp=16.75°C, Turb=3.49NTU, Cond=1303.68µS/cm
📤 Capteur Rivière Est: pH=7.52, Temp=21.18°C, Turb=1.34NTU, Cond=1382.52µS/cm
📤 Capteur Rivière Nord: pH=6.99, Temp=15.53°C, Turb=2.55NTU, Cond=621.89µS/cm
📤 Capteur Rivière Sud: pH=6.73, Temp=17.96°C, Turb=2.94NTU, Cond=1164.56µS/cm
📤 Capteur Rivière Est: pH=7.50, Temp=20.55°C, Turb=1.69NTU, Cond=1613.58µS/cm
📤 Capteur Rivière Nord: pH=6.97, Temp=16.49°C, Turb=2.37NTU, Cond=966.96µS/cm
📤 Capteur Rivière Sud: pH=7.13, Temp=17.17°C, Turb=3.40NTU, Cond=1355.97µS/cm
📤 Capteur Rivière Est: pH=7.59, Temp=18.07°C, Turb=1.42NTU, Cond=1410.33µS/cm
📤 Capteur Rivière Nord: pH=6.93, Temp=14.59°C, Turb=2.95NTU, Cond=720.48µS/cm
📤 Capteur Rivière Sud: pH=7.30, Temp=18.04°C, Turb=3.08NTU, Cond=1193.41µS/cm
📤 Capteur Rivière Est: pH=7.34, Temp=19.91°C, Turb=2.18NTU, Cond=1515.91µS/cm
📤 Capteur Rivière Nord: pH=7.14, Temp=15.92°C, Turb=2.94NTU, Cond=795.07µS/cm
📤 Capteur Rivière Sud: pH=7.01, Temp=18.83°C, Turb=3.00NTU, Cond=1083.28µS/cm
📤 Capteur Rivière Est: pH=7.42, Temp=18.08°C, Turb=1.75NTU, Cond=3941.83µS/cm
📤 Capteur Rivière Nord: pH=7.41, Temp=15.55°C, Turb=2.64NTU, Cond=884.43µS/cm
📤 Capteur Rivière Sud: pH=7.09, Temp=16.18°C, Turb=2.75NTU, Cond=1054.91µS/cm
📤 Capteur Rivière Est: pH=7.46, Temp=18.88°C, Turb=2.18NTU, Cond=1590.27µS/cm
📤 Capteur Rivière Nord: pH=7.10, Temp=14.85°C, Turb=2.54NTU, Cond=759.67µS/cm
📤 Capteur Rivière Sud: pH=6.97, Temp=17.33°C, Turb=2.90NTU, Cond=1295.07µS/cm
📤 Capteur Rivière Est: pH=7.60, Temp=19.75°C, Turb=1.55NTU, Cond=1637.44µS/cm
📤 Capteur Rivière Nord: pH=7.00, Temp=14.44°C, Turb=2.29NTU, Cond=700.35µS/cm
📤 Capteur Rivière Sud: pH=7.08, Temp=18.06°C, Turb=2.86NTU, Cond=1249.99µS/cm
📤 Capteur Rivière Est: pH=7.24, Temp=19.58°C, Turb=1.70NTU, Cond=1521.03µS/cm
📤 Capteur Rivière Nord: pH=7.28, Temp=13.08°C, Turb=2.02NTU, Cond=923.64µS/cm
📤 Capteur Rivière Sud: pH=6.87, Temp=19.35°C, Turb=3.37NTU, Cond=1257.46µS/cm
📤 Capteur Rivière Est: pH=7.26, Temp=20.67°C, Turb=1.36NTU, Cond=1392.23µS/cm
📤 Capteur Rivière Nord: pH=7.20, Temp=13.82°C, Turb=2.41NTU, Cond=912.94µS/cm
📤 Capteur Rivière Sud: pH=7.24, Temp=19.22°C, Turb=2.65NTU, Cond=1103.08µS/cm
📤 Capteur Rivière Est: pH=7.43, Temp=18.04°C, Turb=2.22NTU, Cond=1497.01µS/cm
📤 Capteur Rivière Nord: pH=7.44, Temp=16.36°C, Turb=2.54NTU, Cond=961.28µS/cm
📤 Capteur Rivière Sud: pH=7.02, Temp=16.39°C, Turb=2.90NTU, Cond=1137.42µS/cm
📤 Capteur Rivière Est: pH=7.34, Temp=19.78°C, Turb=1.85NTU, Cond=1448.81µS/cm
📤 Capteur Rivière Nord: pH=7.31, Temp=13.98°C, Turb=2.44NTU, Cond=620.32µS/cm
📤 Capteur Rivière Sud: pH=6.78, Temp=17.42°C, Turb=2.68NTU, Cond=1357.83µS/cm
📤 Capteur Rivière Est: pH=7.69, Temp=19.75°C, Turb=2.01NTU, Cond=1323.52µS/cm
📤 Capteur Rivière Nord: pH=7.16, Temp=15.69°C, Turb=2.99NTU, Cond=747.73µS/cm
📤 Capteur Rivière Sud: pH=7.01, Temp=18.80°C, Turb=3.26NTU, Cond=1370.40µS/cm
📤 Capteur Rivière Est: pH=7.44, Temp=19.01°C, Turb=1.70NTU, Cond=1616.72µS/cm
📤 Capteur Rivière Nord: pH=7.02, Temp=16.16°C, Turb=2.62NTU, Cond=931.42µS/cm
📤 Capteur Rivière Sud: pH=6.91, Temp=19.41°C, Turb=3.12NTU, Cond=1351.49µS/cm
📤 Capteur Rivière Est: pH=7.55, Temp=20.28°C, Turb=1.85NTU, Cond=1356.61µS/cm
📤 Capteur Rivière Nord: pH=7.49, Temp=13.92°C, Turb=2.70NTU, Cond=954.59µS/cm
📤 Capteur Rivière Sud: pH=6.88, Temp=18.01°C, Turb=3.12NTU, Cond=1152.19µS/cm
📤 Capteur Rivière Est: pH=7.56, Temp=19.47°C, Turb=1.44NTU, Cond=1621.90µS/cm
📤 Capteur Rivière Nord: pH=7.37, Temp=14.52°C, Turb=2.07NTU, Cond=618.88µS/cm
📤 Capteur Rivière Sud: pH=7.05, Temp=17.88°C, Turb=3.16NTU, Cond=1164.38µS/cm
📤 Capteur Rivière Est: pH=7.46, Temp=19.59°C, Turb=2.12NTU, Cond=1502.71µS/cm
📤 Capteur Rivière Nord: pH=6.99, Temp=13.28°C, Turb=2.16NTU, Cond=622.09µS/cm
📤 Capteur Rivière Sud: pH=6.86, Temp=16.03°C, Turb=2.79NTU, Cond=1219.48µS/cm
📤 Capteur Rivière Est: pH=7.47, Temp=21.73°C, Turb=1.95NTU, Cond=1505.18µS/cm
📤 Capteur Rivière Nord: pH=7.01, Temp=16.52°C, Turb=2.92NTU, Cond=877.25µS/cm
📤 Capteur Rivière Sud: pH=7.14, Temp=18.00°C, Turb=3.29NTU, Cond=1140.89µS/cm
📤 Capteur Rivière Est: pH=7.54, Temp=18.09°C, Turb=1.36NTU, Cond=1589.23µS/cm
📤 Capteur Rivière Nord: pH=7.12, Temp=14.19°C, Turb=2.36NTU, Cond=910.47µS/cm
📤 Capteur Rivière Sud: pH=6.90, Temp=17.41°C, Turb=2.65NTU, Cond=1178.58µS/cm
📤 Capteur Rivière Est: pH=9.69, Temp=18.79°C, Turb=2.27NTU, Cond=1571.88µS/cm
📤 Capteur Rivière Nord: pH=7.43, Temp=14.37°C, Turb=2.06NTU, Cond=993.62µS/cm
📤 Capteur Rivière Sud: pH=7.24, Temp=18.57°C, Turb=2.70NTU, Cond=1313.52µS/cm
📤 Capteur Rivière Est: pH=7.58, Temp=19.20°C, Turb=1.56NTU, Cond=1514.64µS/cm
📤 Capteur Rivière Nord: pH=6.91, Temp=13.14°C, Turb=2.89NTU, Cond=618.75µS/cm
📤 Capteur Rivière Sud: pH=6.79, Temp=18.52°C, Turb=2.65NTU, Cond=1285.09µS/cm
📤 Capteur Rivière Est: pH=7.35, Temp=20.05°C, Turb=1.58NTU, Cond=1692.00µS/cm
📤 Capteur Rivière Nord: pH=7.29, Temp=16.42°C, Turb=2.12NTU, Cond=921.00µS/cm
📤 Capteur Rivière Sud: pH=6.90, Temp=18.97°C, Turb=2.88NTU, Cond=1263.03µS/cm
📤 Capteur Rivière Est: pH=7.64, Temp=21.95°C, Turb=2.26NTU, Cond=1614.72µS/cm
📤 Capteur Rivière Nord: pH=7.42, Temp=13.32°C, Turb=2.01NTU, Cond=858.65µS/cm
📤 Capteur Rivière Sud: pH=7.22, Temp=17.82°C, Turb=3.18NTU, Cond=1374.49µS/cm
📤 Capteur Rivière Est: pH=7.31, Temp=18.33°C, Turb=1.46NTU, Cond=1416.93µS/cm
📤 Capteur Rivière Nord: pH=7.50, Temp=14.99°C, Turb=2.44NTU, Cond=831.84µS/cm
📤 Capteur Rivière Sud: pH=7.25, Temp=16.11°C, Turb=3.33NTU, Cond=1374.76µS/cm
📤 Capteur Rivière Est: pH=7.53, Temp=21.20°C, Turb=2.09NTU, Cond=1500.27µS/cm
📤 Capteur Rivière Nord: pH=7.00, Temp=15.12°C, Turb=2.76NTU, Cond=890.57µS/cm
📤 Capteur Rivière Sud: pH=7.07, Temp=18.49°C, Turb=2.56NTU, Cond=1071.11µS/cm
📤 Capteur Rivière Est: pH=7.63, Temp=18.46°C, Turb=2.01NTU, Cond=1502.14µS/cm
📤 Capteur Rivière Nord: pH=7.15, Temp=15.68°C, Turb=3.00NTU, Cond=660.34µS/cm
📤 Capteur Rivière Sud: pH=6.73, Temp=19.16°C, Turb=3.13NTU, Cond=1006.06µS/cm
📤 Capteur Rivière Est: pH=7.30, Temp=19.05°C, Turb=2.18NTU, Cond=1643.73µS/cm
📤 Capteur Rivière Nord: pH=6.96, Temp=13.80°C, Turb=2.32NTU, Cond=735.96µS/cm
📤 Capteur Rivière Sud: pH=7.05, Temp=17.56°C, Turb=2.84NTU, Cond=1100.13µS/cm
📤 Capteur Rivière Est: pH=7.80, Temp=20.96°C, Turb=1.76NTU, Cond=1474.88µS/cm
📤 Capteur Rivière Nord: pH=7.07, Temp=13.16°C, Turb=11.40NTU, Cond=688.54µS/cm
📤 Capteur Rivière Sud: pH=7.17, Temp=16.18°C, Turb=2.73NTU, Cond=1384.54µS/cm
📤 Capteur Rivière Est: pH=7.24, Temp=18.46°C, Turb=1.94NTU, Cond=1436.42µS/cm
📤 Capteur Rivière Nord: pH=7.44, Temp=15.08°C, Turb=2.35NTU, Cond=745.01µS/cm
📤 Capteur Rivière Sud: pH=7.24, Temp=18.26°C, Turb=2.62NTU, Cond=1228.49µS/cm
📤 Capteur Rivière Est: pH=7.68, Temp=18.86°C, Turb=1.62NTU, Cond=1415.28µS/cm
📤 Capteur Rivière Nord: pH=6.95, Temp=14.63°C, Turb=2.35NTU, Cond=700.95µS/cm
📤 Capteur Rivière Sud: pH=7.17, Temp=17.81°C, Turb=3.39NTU, Cond=1338.76µS/cm
📤 Capteur Rivière Est: pH=7.63, Temp=18.96°C, Turb=2.14NTU, Cond=1688.77µS/cm
📤 Capteur Rivière Nord: pH=7.19, Temp=13.09°C, Turb=2.33NTU, Cond=685.91µS/cm
📤 Capteur Rivière Sud: pH=7.08, Temp=18.20°C, Turb=2.65NTU, Cond=1008.68µS/cm
📤 Capteur Rivière Est: pH=7.30, Temp=20.50°C, Turb=1.92NTU, Cond=1387.45µS/cm
📤 Capteur Rivière Nord: pH=7.00, Temp=14.81°C, Turb=2.26NTU, Cond=714.92µS/cm
📤 Capteur Rivière Sud: pH=6.78, Temp=16.83°C, Turb=3.33NTU, Cond=1273.08µS/cm
📤 Capteur Rivière Est: pH=7.40, Temp=21.80°C, Turb=1.61NTU, Cond=1401.05µS/cm
📤 Capteur Rivière Nord: pH=7.34, Temp=16.75°C, Turb=2.45NTU, Cond=819.43µS/cm
📤 Capteur Rivière Sud: pH=7.19, Temp=19.71°C, Turb=3.38NTU, Cond=1187.70µS/cm
📤 Capteur Rivière Est: pH=7.66, Temp=18.61°C, Turb=1.65NTU, Cond=1699.68µS/cm
📤 Capteur Rivière Nord: pH=7.44, Temp=14.78°C, Turb=2.04NTU, Cond=738.68µS/cm
📤 Capteur Rivière Sud: pH=6.90, Temp=17.33°C, Turb=3.38NTU, Cond=1229.09µS/cm
📤 Capteur Rivière Est: pH=7.20, Temp=18.39°C, Turb=1.98NTU, Cond=1412.24µS/cm
📤 Capteur Rivière Nord: pH=7.33, Temp=13.16°C, Turb=2.26NTU, Cond=829.09µS/cm
📤 Capteur Rivière Sud: pH=6.82, Temp=16.63°C, Turb=3.43NTU, Cond=1369.05µS/cm
📤 Capteur Rivière Est: pH=7.69, Temp=21.27°C, Turb=2.06NTU, Cond=1514.02µS/cm
📤 Capteur Rivière Nord: pH=7.16, Temp=15.91°C, Turb=2.34NTU, Cond=909.49µS/cm
📤 Capteur Rivière Sud: pH=6.91, Temp=16.10°C, Turb=2.77NTU, Cond=1004.73µS/cm
📤 Capteur Rivière Est: pH=7.69, Temp=20.42°C, Turb=1.48NTU, Cond=1351.74µS/cm
📤 Capteur Rivière Nord: pH=7.01, Temp=14.02°C, Turb=2.89NTU, Cond=701.40µS/cm
📤 Capteur Rivière Sud: pH=6.93, Temp=16.90°C, Turb=2.66NTU, Cond=1153.64µS/cm
📤 Capteur Rivière Est: pH=7.32, Temp=21.38°C, Turb=1.59NTU, Cond=1420.36µS/cm
📤 Capteur Rivière Nord: pH=6.97, Temp=14.70°C, Turb=2.82NTU, Cond=652.42µS/cm
📤 Capteur Rivière Sud: pH=7.10, Temp=16.69°C, Turb=3.49NTU, Cond=3711.27µS/cm
📤 Capteur Rivière Est: pH=7.22, Temp=19.96°C, Turb=1.77NTU, Cond=1575.89µS/cm
📤 Capteur Rivière Nord: pH=6.91, Temp=15.97°C, Turb=2.61NTU, Cond=958.23µS/cm
📤 Capteur Rivière Sud: pH=7.26, Temp=19.39°C, Turb=3.03NTU, Cond=1100.17µS/cm
📤 Capteur Rivière Est: pH=7.21, Temp=-3.92°C, Turb=2.26NTU, Cond=1598.05µS/cm
📤 Capteur Rivière Nord: pH=7.45, Temp=16.73°C, Turb=2.00NTU, Cond=916.20µS/cm
📤 Capteur Rivière Sud: pH=6.81, Temp=18.52°C, Turb=2.98NTU, Cond=3819.18µS/cm
📤 Capteur Rivière Est: pH=7.64, Temp=20.20°C, Turb=1.81NTU, Cond=1693.21µS/cm
📤 Capteur Rivière Nord: pH=7.13, Temp=16.65°C, Turb=2.77NTU, Cond=998.61µS/cm
📤 Capteur Rivière Sud: pH=6.84, Temp=17.00°C, Turb=3.44NTU, Cond=1121.19µS/cm
📤 Capteur Rivière Est: pH=7.57, Temp=-0.86°C, Turb=2.02NTU, Cond=1618.54µS/cm
📤 Capteur Rivière Nord: pH=7.46, Temp=15.74°C, Turb=2.66NTU, Cond=746.51µS/cm
📤 Capteur Rivière Sud: pH=7.04, Temp=17.93°C, Turb=2.85NTU, Cond=1389.60µS/cm
📤 Capteur Rivière Est: pH=7.35, Temp=18.49°C, Turb=1.88NTU, Cond=1484.25µS/cm
📤 Capteur Rivière Nord: pH=7.04, Temp=16.72°C, Turb=2.10NTU, Cond=673.77µS/cm
📤 Capteur Rivière Sud: pH=6.77, Temp=19.26°C, Turb=2.54NTU, Cond=1019.95µS/cm
📤 Capteur Rivière Est: pH=7.28, Temp=18.53°C, Turb=1.77NTU, Cond=1561.44µS/cm
📤 Capteur Rivière Nord: pH=7.11, Temp=13.82°C, Turb=2.09NTU, Cond=672.75µS/cm
📤 Capteur Rivière Sud: pH=7.15, Temp=17.25°C, Turb=2.73NTU, Cond=1280.86µS/cm
📤 Capteur Rivière Est: pH=7.76, Temp=18.94°C, Turb=1.38NTU, Cond=1554.57µS/cm
📤 Capteur Rivière Nord: pH=7.15, Temp=16.26°C, Turb=2.05NTU, Cond=776.52µS/cm
📤 Capteur Rivière Sud: pH=6.95, Temp=17.92°C, Turb=3.16NTU, Cond=1297.12µS/cm
📤 Capteur Rivière Est: pH=7.32, Temp=20.41°C, Turb=2.10NTU, Cond=1431.38µS/cm
📤 Capteur Rivière Nord: pH=7.48, Temp=15.32°C, Turb=2.50NTU, Cond=900.04µS/cm
📤 Capteur Rivière Sud: pH=6.99, Temp=17.72°C, Turb=2.92NTU, Cond=1251.69µS/cm
📤 Capteur Rivière Est: pH=7.64, Temp=18.20°C, Turb=2.03NTU, Cond=1502.23µS/cm
📤 Capteur Rivière Nord: pH=7.24, Temp=13.91°C, Turb=2.06NTU, Cond=719.80µS/cm
📤 Capteur Rivière Sud: pH=6.88, Temp=16.20°C, Turb=2.76NTU, Cond=1345.23µS/cm
📤 Capteur Rivière Est: pH=3.86, Temp=19.09°C, Turb=1.46NTU, Cond=1341.73µS/cm
📤 Capteur Rivière Nord: pH=7.06, Temp=15.07°C, Turb=2.70NTU, Cond=911.88µS/cm
📤 Capteur Rivière Sud: pH=7.17, Temp=17.59°C, Turb=3.36NTU, Cond=1046.23µS/cm
📤 Capteur Rivière Est: pH=7.57, Temp=18.79°C, Turb=1.74NTU, Cond=1441.88µS/cm
📤 Capteur Rivière Nord: pH=7.27, Temp=-1.70°C, Turb=2.81NTU, Cond=880.25µS/cm
📤 Capteur Rivière Sud: pH=7.03, Temp=-0.44°C, Turb=2.52NTU, Cond=1138.68µS/cm
📤 Capteur Rivière Est: pH=7.34, Temp=19.21°C, Turb=1.93NTU, Cond=1518.19µS/cm
📤 Capteur Rivière Nord: pH=7.11, Temp=16.70°C, Turb=2.57NTU, Cond=867.05µS/cm
📤 Capteur Rivière Sud: pH=7.15, Temp=19.96°C, Turb=2.60NTU, Cond=1210.06µS/cm
📤 Capteur Rivière Est: pH=7.77, Temp=19.14°C, Turb=2.23NTU, Cond=1684.33µS/cm
📤 Capteur Rivière Nord: pH=7.30, Temp=16.33°C, Turb=2.38NTU, Cond=828.01µS/cm
📤 Capteur Rivière Sud: pH=6.91, Temp=18.02°C, Turb=2.63NTU, Cond=1364.22µS/cm
📤 Capteur Rivière Est: pH=7.73, Temp=19.33°C, Turb=1.99NTU, Cond=1379.08µS/cm
📤 Capteur Rivière Nord: pH=7.39, Temp=14.68°C, Turb=2.92NTU, Cond=985.51µS/cm
📤 Capteur Rivière Sud: pH=6.71, Temp=19.22°C, Turb=9.01NTU, Cond=1087.27µS/cm
📤 Capteur Rivière Est: pH=7.59, Temp=19.55°C, Turb=1.86NTU, Cond=1612.80µS/cm
📤 Capteur Rivière Nord: pH=7.02, Temp=14.38°C, Turb=2.36NTU, Cond=955.32µS/cm
📤 Capteur Rivière Sud: pH=7.18, Temp=17.95°C, Turb=2.65NTU, Cond=1056.72µS/cm
📤 Capteur Rivière Est: pH=7.60, Temp=20.59°C, Turb=1.38NTU, Cond=1451.40µS/cm
📤 Capteur Rivière Nord: pH=7.02, Temp=16.63°C, Turb=2.01NTU, Cond=749.58µS/cm
📤 Capteur Rivière Sud: pH=7.06, Temp=19.54°C, Turb=2.56NTU, Cond=1024.44µS/cm
📤 Capteur Rivière Est: pH=7.49, Temp=20.41°C, Turb=1.33NTU, Cond=1539.97µS/cm
📤 Capteur Rivière Nord: pH=6.92, Temp=13.76°C, Turb=2.72NTU, Cond=878.53µS/cm
📤 Capteur Rivière Sud: pH=6.78, Temp=18.23°C, Turb=3.26NTU, Cond=1033.58µS/cm
📤 Capteur Rivière Est: pH=7.45, Temp=18.77°C, Turb=1.44NTU, Cond=1544.26µS/cm
📤 Capteur Rivière Nord: pH=6.97, Temp=14.64°C, Turb=2.78NTU, Cond=799.07µS/cm
📤 Capteur Rivière Sud: pH=7.11, Temp=16.94°C, Turb=3.33NTU, Cond=1389.35µS/cm
📤 Capteur Rivière Est: pH=7.70, Temp=18.82°C, Turb=1.62NTU, Cond=1569.49µS/cm
📤 Capteur Rivière Nord: pH=6.96, Temp=15.54°C, Turb=2.91NTU, Cond=810.83µS/cm
📤 Capteur Rivière Sud: pH=6.93, Temp=16.66°C, Turb=3.35NTU, Cond=1359.20µS/cm
📤 Capteur Rivière Est: pH=7.39, Temp=21.87°C, Turb=2.02NTU, Cond=1459.32µS/cm
📤 Capteur Rivière Nord: pH=7.16, Temp=14.04°C, Turb=2.37NTU, Cond=766.02µS/cm
📤 Capteur Rivière Sud: pH=6.71, Temp=18.98°C, Turb=3.03NTU, Cond=1159.17µS/cm
📤 Capteur Rivière Est: pH=7.50, Temp=20.66°C, Turb=1.70NTU, Cond=1354.11µS/cm
📤 Capteur Rivière Nord: pH=6.94, Temp=13.04°C, Turb=2.48NTU, Cond=859.70µS/cm
📤 Capteur Rivière Sud: pH=6.91, Temp=19.17°C, Turb=2.98NTU, Cond=1274.19µS/cm
📤 Capteur Rivière Est: pH=7.52, Temp=19.65°C, Turb=1.51NTU, Cond=1414.89µS/cm
📤 Capteur Rivière Nord: pH=7.37, Temp=15.82°C, Turb=2.19NTU, Cond=888.06µS/cm
📤 Capteur Rivière Sud: pH=7.12, Temp=19.34°C, Turb=3.03NTU, Cond=1138.26µS/cm
📤 Capteur Rivière Est: pH=7.22, Temp=19.79°C, Turb=1.86NTU, Cond=1565.04µS/cm
📤 Capteur Rivière Nord: pH=7.13, Temp=14.19°C, Turb=2.91NTU, Cond=762.27µS/cm
📤 Capteur Rivière Sud: pH=6.84, Temp=17.44°C, Turb=3.37NTU, Cond=1174.09µS/cm
📤 Capteur Rivière Est: pH=7.55, Temp=18.53°C, Turb=2.29NTU, Cond=1623.16µS/cm
📤 Capteur Rivière Nord: pH=7.36, Temp=15.03°C, Turb=2.21NTU, Cond=826.20µS/cm
📤 Capteur Rivière Sud: pH=6.76, Temp=17.48°C, Turb=3.49NTU, Cond=1305.45µS/cm
📤 Capteur Rivière Est: pH=7.68, Temp=18.33°C, Turb=1.92NTU, Cond=1377.64µS/cm
📤 Capteur Rivière Nord: pH=7.08, Temp=15.00°C, Turb=2.33NTU, Cond=614.91µS/cm
📤 Capteur Rivière Sud: pH=7.29, Temp=18.11°C, Turb=3.49NTU, Cond=1192.13µS/cm
📤 Capteur Rivière Est: pH=7.53, Temp=19.88°C, Turb=1.59NTU, Cond=1355.72µS/cm
📤 Capteur Rivière Nord: pH=7.37, Temp=16.39°C, Turb=2.74NTU, Cond=715.65µS/cm
📤 Capteur Rivière Sud: pH=6.90, Temp=16.31°C, Turb=2.54NTU, Cond=4918.30µS/cm
📤 Capteur Rivière Est: pH=7.30, Temp=21.61°C, Turb=1.80NTU, Cond=4290.57µS/cm
📤 Capteur Rivière Nord: pH=7.44, Temp=13.63°C, Turb=2.96NTU, Cond=643.47µS/cm
📤 Capteur Rivière Sud: pH=6.88, Temp=18.11°C, Turb=2.70NTU, Cond=1123.17µS/cm
📤 Capteur Rivière Est: pH=9.44, Temp=20.24°C, Turb=1.74NTU, Cond=1371.26µS/cm
📤 Capteur Rivière Nord: pH=7.28, Temp=13.30°C, Turb=2.97NTU, Cond=732.87µS/cm
📤 Capteur Rivière Sud: pH=6.78, Temp=17.61°C, Turb=2.68NTU, Cond=1196.51µS/cm
📤 Capteur Rivière Est: pH=7.63, Temp=18.02°C, Turb=1.54NTU, Cond=1699.91µS/cm
📤 Capteur Rivière Nord: pH=7.19, Temp=16.42°C, Turb=2.37NTU, Cond=969.26µS/cm
📤 Capteur Rivière Sud: pH=7.02, Temp=16.35°C, Turb=2.60NTU, Cond=1204.86µS/cm
📤 Capteur Rivière Est: pH=7.74, Temp=21.70°C, Turb=1.32NTU, Cond=1423.65µS/cm
📤 Capteur Rivière Nord: pH=7.17, Temp=13.86°C, Turb=2.64NTU, Cond=736.40µS/cm
📤 Capteur Rivière Sud: pH=6.96, Temp=17.73°C, Turb=2.61NTU, Cond=1131.25µS/cm
📤 Capteur Rivière Est: pH=7.47, Temp=21.75°C, Turb=1.89NTU, Cond=1593.84µS/cm
📤 Capteur Rivière Nord: pH=7.05, Temp=16.67°C, Turb=2.36NTU, Cond=987.77µS/cm
📤 Capteur Rivière Sud: pH=7.01, Temp=18.20°C, Turb=2.55NTU, Cond=1365.45µS/cm
📤 Capteur Rivière Est: pH=7.34, Temp=20.87°C, Turb=1.56NTU, Cond=1546.95µS/cm
📤 Capteur Rivière Nord: pH=6.98, Temp=13.45°C, Turb=2.81NTU, Cond=944.13µS/cm
📤 Capteur Rivière Sud: pH=6.79, Temp=18.17°C, Turb=3.23NTU, Cond=1228.88µS/cm
📤 Capteur Rivière Est: pH=7.43, Temp=21.38°C, Turb=1.90NTU, Cond=1311.38µS/cm
📤 Capteur Rivière Nord: pH=7.49, Temp=17.00°C, Turb=2.53NTU, Cond=694.98µS/cm
📤 Capteur Rivière Sud: pH=6.91, Temp=16.79°C, Turb=2.59NTU, Cond=1046.25µS/cm
📤 Capteur Rivière Est: pH=7.71, Temp=21.81°C, Turb=2.07NTU, Cond=1303.80µS/cm
📤 Capteur Rivière Nord: pH=7.09, Temp=13.97°C, Turb=2.44NTU, Cond=935.95µS/cm
📤 Capteur Rivière Sud: pH=7.27, Temp=17.09°C, Turb=2.88NTU, Cond=1022.73µS/cm
📤 Capteur Rivière Est: pH=7.73, Temp=21.98°C, Turb=1.41NTU, Cond=1640.83µS/cm
📤 Capteur Rivière Nord: pH=6.90, Temp=15.61°C, Turb=2.26NTU, Cond=700.32µS/cm
📤 Capteur Rivière Sud: pH=9.63, Temp=19.50°C, Turb=3.30NTU, Cond=1128.69µS/cm
📤 Capteur Rivière Est: pH=7.59, Temp=18.06°C, Turb=1.46NTU, Cond=1593.10µS/cm
📤 Capteur Rivière Nord: pH=7.04, Temp=16.50°C, Turb=2.82NTU, Cond=916.16µS/cm
📤 Capteur Rivière Sud: pH=6.97, Temp=18.90°C, Turb=3.01NTU, Cond=1010.02µS/cm
📤 Capteur Rivière Est: pH=7.61, Temp=21.96°C, Turb=1.94NTU, Cond=1671.52µS/cm
📤 Capteur Rivière Nord: pH=7.14, Temp=16.58°C, Turb=2.18NTU, Cond=600.32µS/cm
📤 Capteur Rivière Sud: pH=6.78, Temp=20.00°C, Turb=2.51NTU, Cond=1229.41µS/cm
📤 Capteur Rivière Est: pH=7.48, Temp=18.68°C, Turb=1.68NTU, Cond=1383.89µS/cm
📤 Capteur Rivière Nord: pH=7.26, Temp=16.37°C, Turb=2.96NTU, Cond=618.12µS/cm
📤 Capteur Rivière Sud: pH=7.29, Temp=16.76°C, Turb=3.28NTU, Cond=1178.79µS/cm
📤 Capteur Rivière Est: pH=7.32, Temp=18.98°C, Turb=2.01NTU, Cond=1480.84µS/cm
📤 Capteur Rivière Nord: pH=7.02, Temp=13.32°C, Turb=2.78NTU, Cond=970.00µS/cm
📤 Capteur Rivière Sud: pH=6.92, Temp=19.14°C, Turb=3.24NTU, Cond=1244.43µS/cm
📤 Capteur Rivière Est: pH=7.65, Temp=18.02°C, Turb=1.35NTU, Cond=1351.87µS/cm
📤 Capteur Rivière Nord: pH=7.42, Temp=13.79°C, Turb=2.74NTU, Cond=775.65µS/cm
📤 Capteur Rivière Sud: pH=7.27, Temp=17.90°C, Turb=3.43NTU, Cond=1311.12µS/cm
📤 Capteur Rivière Est: pH=7.28, Temp=20.20°C, Turb=1.68NTU, Cond=1337.90µS/cm
📤 Capteur Rivière Nord: pH=7.46, Temp=13.21°C, Turb=2.93NTU, Cond=670.08µS/cm
📤 Capteur Rivière Sud: pH=7.04, Temp=19.19°C, Turb=3.37NTU, Cond=1019.67µS/cm
📤 Capteur Rivière Est: pH=7.27, Temp=21.21°C, Turb=2.12NTU, Cond=1399.11µS/cm
📤 Capteur Rivière Nord: pH=7.44, Temp=13.72°C, Turb=2.27NTU, Cond=821.61µS/cm
📤 Capteur Rivière Sud: pH=6.90, Temp=18.14°C, Turb=3.14NTU, Cond=1086.90µS/cm
📤 Capteur Rivière Est: pH=7.78, Temp=-3.28°C, Turb=2.24NTU, Cond=1557.44µS/cm
📤 Capteur Rivière Nord: pH=7.15, Temp=13.44°C, Turb=2.36NTU, Cond=809.53µS/cm
📤 Capteur Rivière Sud: pH=7.29, Temp=18.77°C, Turb=3.11NTU, Cond=1183.03µS/cm
📤 Capteur Rivière Est: pH=7.45, Temp=19.46°C, Turb=1.95NTU, Cond=1424.19µS/cm
📤 Capteur Rivière Nord: pH=6.95, Temp=14.55°C, Turb=2.68NTU, Cond=612.28µS/cm
📤 Capteur Rivière Sud: pH=7.03, Temp=19.95°C, Turb=3.39NTU, Cond=1397.14µS/cm
📤 Capteur Rivière Est: pH=7.50, Temp=20.34°C, Turb=1.92NTU, Cond=1388.26µS/cm
📤 Capteur Rivière Nord: pH=6.91, Temp=13.43°C, Turb=2.46NTU, Cond=940.99µS/cm
📤 Capteur Rivière Sud: pH=7.09, Temp=16.55°C, Turb=3.25NTU, Cond=1315.81µS/cm
📤 Capteur Rivière Est: pH=7.54, Temp=18.50°C, Turb=1.60NTU, Cond=1560.34µS/cm
📤 Capteur Rivière Nord: pH=7.17, Temp=16.37°C, Turb=2.64NTU, Cond=744.15µS/cm
📤 Capteur Rivière Sud: pH=3.97, Temp=19.31°C, Turb=3.04NTU, Cond=1322.06µS/cm
📤 Capteur Rivière Est: pH=7.23, Temp=20.45°C, Turb=1.73NTU, Cond=1358.17µS/cm
📤 Capteur Rivière Nord: pH=6.91, Temp=13.74°C, Turb=2.95NTU, Cond=786.04µS/cm
📤 Capteur Rivière Sud: pH=7.27, Temp=18.71°C, Turb=2.72NTU, Cond=1144.30µS/cm
📤 Capteur Rivière Est: pH=7.54, Temp=18.69°C, Turb=2.08NTU, Cond=1636.95µS/cm
📤 Capteur Rivière Nord: pH=7.04, Temp=16.39°C, Turb=2.77NTU, Cond=695.88µS/cm
📤 Capteur Rivière Sud: pH=6.89, Temp=18.50°C, Turb=2.80NTU, Cond=1065.30µS/cm
📤 Capteur Rivière Est: pH=7.72, Temp=20.85°C, Turb=1.31NTU, Cond=1622.48µS/cm
📤 Capteur Rivière Nord: pH=7.40, Temp=15.98°C, Turb=2.71NTU, Cond=606.30µS/cm
📤 Capteur Rivière Sud: pH=7.02, Temp=19.01°C, Turb=3.05NTU, Cond=1222.79µS/cm
📤 Capteur Rivière Est: pH=7.57, Temp=18.88°C, Turb=1.80NTU, Cond=1571.68µS/cm
📤 Capteur Rivière Nord: pH=6.94, Temp=16.78°C, Turb=2.51NTU, Cond=761.71µS/cm
📤 Capteur Rivière Sud: pH=6.74, Temp=17.46°C, Turb=3.38NTU, Cond=1246.07µS/cm
📤 Capteur Rivière Est: pH=7.52, Temp=19.96°C, Turb=2.03NTU, Cond=1426.10µS/cm
📤 Capteur Rivière Nord: pH=7.09, Temp=15.82°C, Turb=2.39NTU, Cond=699.73µS/cm
📤 Capteur Rivière Sud: pH=7.27, Temp=17.62°C, Turb=3.39NTU, Cond=1176.05µS/cm
📤 Capteur Rivière Est: pH=7.21, Temp=21.52°C, Turb=2.00NTU, Cond=1345.76µS/cm
📤 Capteur Rivière Nord: pH=7.45, Temp=16.12°C, Turb=2.85NTU, Cond=994.10µS/cm
📤 Capteur Rivière Sud: pH=7.17, Temp=16.98°C, Turb=2.80NTU, Cond=1120.25µS/cm
📤 Capteur Rivière Est: pH=7.59, Temp=19.74°C, Turb=1.81NTU, Cond=1683.84µS/cm
📤 Capteur Rivière Nord: pH=7.27, Temp=13.71°C, Turb=2.75NTU, Cond=969.20µS/cm
📤 Capteur Rivière Sud: pH=6.97, Temp=17.26°C, Turb=3.33NTU, Cond=1146.98µS/cm
📤 Capteur Rivière Est: pH=7.38, Temp=20.21°C, Turb=1.82NTU, Cond=1351.24µS/cm
📤 Capteur Rivière Nord: pH=7.21, Temp=15.64°C, Turb=2.86NTU, Cond=960.27µS/cm
📤 Capteur Rivière Sud: pH=7.28, Temp=17.48°C, Turb=3.38NTU, Cond=1085.05µS/cm
📤 Capteur Rivière Est: pH=7.78, Temp=18.06°C, Turb=1.95NTU, Cond=1498.11µS/cm
📤 Capteur Rivière Nord: pH=7.28, Temp=16.94°C, Turb=2.31NTU, Cond=854.37µS/cm
📤 Capteur Rivière Sud: pH=7.03, Temp=17.56°C, Turb=2.54NTU, Cond=1033.17µS/cm
📤 Capteur Rivière Est: pH=7.53, Temp=20.08°C, Turb=1.94NTU, Cond=1661.72µS/cm
📤 Capteur Rivière Nord: pH=7.21, Temp=14.17°C, Turb=2.57NTU, Cond=879.30µS/cm
📤 Capteur Rivière Sud: pH=6.80, Temp=19.43°C, Turb=2.92NTU, Cond=1362.01µS/cm
📤 Capteur Rivière Est: pH=7.22, Temp=19.61°C, Turb=1.83NTU, Cond=4913.82µS/cm
📤 Capteur Rivière Nord: pH=7.12, Temp=16.96°C, Turb=2.51NTU, Cond=875.32µS/cm
📤 Capteur Rivière Sud: pH=7.21, Temp=18.84°C, Turb=2.76NTU, Cond=1072.69µS/cm
📤 Capteur Rivière Est: pH=7.22, Temp=20.01°C, Turb=1.74NTU, Cond=1608.49µS/cm
📤 Capteur Rivière Nord: pH=7.22, Temp=15.12°C, Turb=2.88NTU, Cond=969.91µS/cm
📤 Capteur Rivière Sud: pH=6.98, Temp=18.71°C, Turb=2.93NTU, Cond=1318.08µS/cm
📤 Capteur Rivière Est: pH=7.67, Temp=18.24°C, Turb=1.34NTU, Cond=1668.67µS/cm
📤 Capteur Rivière Nord: pH=7.02, Temp=14.74°C, Turb=2.28NTU, Cond=721.57µS/cm
📤 Capteur Rivière Sud: pH=7.23, Temp=16.74°C, Turb=2.58NTU, Cond=1160.36µS/cm
📤 Capteur Rivière Est: pH=7.42, Temp=21.15°C, Turb=1.38NTU, Cond=1478.26µS/cm
📤 Capteur Rivière Nord: pH=7.35, Temp=15.59°C, Turb=2.07NTU, Cond=691.86µS/cm
📤 Capteur Rivière Sud: pH=6.84, Temp=18.07°C, Turb=2.61NTU, Cond=1022.11µS/cm
📤 Capteur Rivière Est: pH=7.39, Temp=20.21°C, Turb=1.51NTU, Cond=1414.22µS/cm
📤 Capteur Rivière Nord: pH=7.41, Temp=15.31°C, Turb=2.00NTU, Cond=691.22µS/cm
📤 Capteur Rivière Sud: pH=6.86, Temp=17.54°C, Turb=3.05NTU, Cond=1365.09µS/cm
📤 Capteur Rivière Est: pH=7.72, Temp=18.85°C, Turb=1.73NTU, Cond=1510.15µS/cm
📤 Capteur Rivière Nord: pH=7.34, Temp=15.57°C, Turb=2.37NTU, Cond=808.19µS/cm
📤 Capteur Rivière Sud: pH=7.11, Temp=16.01°C, Turb=2.69NTU, Cond=1058.09µS/cm
📤 Capteur Rivière Est: pH=7.45, Temp=19.93°C, Turb=1.60NTU, Cond=1394.28µS/cm
📤 Capteur Rivière Nord: pH=7.46, Temp=14.86°C, Turb=2.93NTU, Cond=622.48µS/cm
📤 Capteur Rivière Sud: pH=6.92, Temp=19.03°C, Turb=2.96NTU, Cond=1144.14µS/cm
📤 Capteur Rivière Est: pH=7.41, Temp=19.22°C, Turb=2.29NTU, Cond=1511.45µS/cm
📤 Capteur Rivière Nord: pH=7.33, Temp=15.92°C, Turb=2.47NTU, Cond=999.03µS/cm
📤 Capteur Rivière Sud: pH=6.91, Temp=17.18°C, Turb=2.65NTU, Cond=1093.43µS/cm
📤 Capteur Rivière Est: pH=7.70, Temp=20.16°C, Turb=2.10NTU, Cond=1491.71µS/cm
📤 Capteur Rivière Nord: pH=7.33, Temp=16.17°C, Turb=2.01NTU, Cond=773.81µS/cm
📤 Capteur Rivière Sud: pH=7.22, Temp=19.38°C, Turb=2.75NTU, Cond=1128.66µS/cm
📤 Capteur Rivière Est: pH=7.37, Temp=20.77°C, Turb=1.45NTU, Cond=1447.55µS/cm
📤 Capteur Rivière Nord: pH=7.45, Temp=16.22°C, Turb=2.88NTU, Cond=986.73µS/cm
📤 Capteur Rivière Sud: pH=7.24, Temp=16.42°C, Turb=3.27NTU, Cond=1341.65µS/cm
📤 Capteur Rivière Est: pH=7.21, Temp=31.33°C, Turb=1.77NTU, Cond=1529.34µS/cm
📤 Capteur Rivière Nord: pH=7.18, Temp=13.71°C, Turb=2.01NTU, Cond=769.10µS/cm
📤 Capteur Rivière Sud: pH=6.72, Temp=19.36°C, Turb=3.47NTU, Cond=1041.47µS/cm
📤 Capteur Rivière Est: pH=7.42, Temp=19.80°C, Turb=1.69NTU, Cond=1424.15µS/cm
📤 Capteur Rivière Nord: pH=7.33, Temp=15.26°C, Turb=2.34NTU, Cond=854.13µS/cm
📤 Capteur Rivière Sud: pH=7.26, Temp=18.92°C, Turb=2.94NTU, Cond=1361.76µS/cm
📤 Capteur Rivière Est: pH=7.42, Temp=19.36°C, Turb=1.61NTU, Cond=1514.05µS/cm
📤 Capteur Rivière Nord: pH=7.23, Temp=16.50°C, Turb=2.86NTU, Cond=936.12µS/cm
📤 Capteur Rivière Sud: pH=6.83, Temp=19.58°C, Turb=2.99NTU, Cond=1346.07µS/cm
📤 Capteur Rivière Est: pH=7.60, Temp=19.27°C, Turb=1.92NTU, Cond=1616.07µS/cm
📤 Capteur Rivière Nord: pH=7.22, Temp=16.44°C, Turb=2.22NTU, Cond=640.68µS/cm
📤 Capteur Rivière Sud: pH=7.25, Temp=17.55°C, Turb=2.56NTU, Cond=1178.27µS/cm
📤 Capteur Rivière Est: pH=7.56, Temp=21.44°C, Turb=2.14NTU, Cond=1378.58µS/cm
📤 Capteur Rivière Nord: pH=7.09, Temp=36.31°C, Turb=2.18NTU, Cond=854.16µS/cm
📤 Capteur Rivière Sud: pH=6.79, Temp=17.88°C, Turb=2.97NTU, Cond=1045.13µS/cm
📤 Capteur Rivière Est: pH=7.74, Temp=19.58°C, Turb=1.38NTU, Cond=1654.02µS/cm
📤 Capteur Rivière Nord: pH=7.16, Temp=13.83°C, Turb=2.84NTU, Cond=841.02µS/cm
📤 Capteur Rivière Sud: pH=6.84, Temp=18.43°C, Turb=3.17NTU, Cond=1374.61µS/cm
📤 Capteur Rivière Est: pH=7.49, Temp=20.00°C, Turb=1.90NTU, Cond=1516.62µS/cm
📤 Capteur Rivière Nord: pH=6.92, Temp=16.09°C, Turb=2.67NTU, Cond=923.44µS/cm
📤 Capteur Rivière Sud: pH=7.10, Temp=17.11°C, Turb=3.45NTU, Cond=1013.39µS/cm
📤 Capteur Rivière Est: pH=7.41, Temp=20.70°C, Turb=1.81NTU, Cond=1451.82µS/cm
📤 Capteur Rivière Nord: pH=7.23, Temp=16.98°C, Turb=2.70NTU, Cond=832.60µS/cm
📤 Capteur Rivière Sud: pH=6.90, Temp=18.45°C, Turb=9.18NTU, Cond=1228.02µS/cm
📤 Capteur Rivière Est: pH=7.59, Temp=21.62°C, Turb=2.20NTU, Cond=1629.27µS/cm
📤 Capteur Rivière Nord: pH=7.48, Temp=14.94°C, Turb=2.06NTU, Cond=957.80µS/cm
📤 Capteur Rivière Sud: pH=6.97, Temp=16.39°C, Turb=2.76NTU, Cond=1214.87µS/cm
📤 Capteur Rivière Est: pH=7.25, Temp=19.50°C, Turb=1.65NTU, Cond=1628.53µS/cm
📤 Capteur Rivière Nord: pH=7.37, Temp=15.73°C, Turb=2.82NTU, Cond=709.63µS/cm
📤 Capteur Rivière Sud: pH=6.95, Temp=18.46°C, Turb=2.82NTU, Cond=1229.44µS/cm
📤 Capteur Rivière Est: pH=7.79, Temp=19.33°C, Turb=2.19NTU, Cond=1496.54µS/cm
📤 Capteur Rivière Nord: pH=7.39, Temp=13.26°C, Turb=2.31NTU, Cond=691.15µS/cm
📤 Capteur Rivière Sud: pH=7.10, Temp=18.44°C, Turb=2.51NTU, Cond=1172.30µS/cm
📤 Capteur Rivière Est: pH=7.30, Temp=19.87°C, Turb=2.07NTU, Cond=1636.32µS/cm
📤 Capteur Rivière Nord: pH=6.92, Temp=16.54°C, Turb=2.81NTU, Cond=799.55µS/cm
📤 Capteur Rivière Sud: pH=6.91, Temp=18.71°C, Turb=3.13NTU, Cond=1385.01µS/cm
📤 Capteur Rivière Est: pH=7.37, Temp=21.98°C, Turb=1.79NTU, Cond=1428.19µS/cm
📤 Capteur Rivière Nord: pH=7.29, Temp=15.19°C, Turb=2.07NTU, Cond=632.90µS/cm
📤 Capteur Rivière Sud: pH=6.76, Temp=18.67°C, Turb=3.42NTU, Cond=1375.08µS/cm
📤 Capteur Rivière Est: pH=7.55, Temp=20.94°C, Turb=1.88NTU, Cond=1334.71µS/cm
📤 Capteur Rivière Nord: pH=6.93, Temp=14.34°C, Turb=2.47NTU, Cond=742.44µS/cm
📤 Capteur Rivière Sud: pH=6.92, Temp=17.02°C, Turb=2.73NTU, Cond=1030.33µS/cm
📤 Capteur Rivière Est: pH=7.60, Temp=19.35°C, Turb=1.81NTU, Cond=1551.97µS/cm
📤 Capteur Rivière Nord: pH=6.95, Temp=15.17°C, Turb=2.02NTU, Cond=838.14µS/cm
📤 Capteur Rivière Sud: pH=7.04, Temp=17.35°C, Turb=3.35NTU, Cond=1092.60µS/cm
📤 Capteur Rivière Est: pH=7.73, Temp=18.70°C, Turb=1.35NTU, Cond=1349.90µS/cm
📤 Capteur Rivière Nord: pH=6.93, Temp=15.24°C, Turb=2.74NTU, Cond=711.34µS/cm
📤 Capteur Rivière Sud: pH=7.11, Temp=18.89°C, Turb=3.21NTU, Cond=1000.57µS/cm
📤 Capteur Rivière Est: pH=7.36, Temp=21.54°C, Turb=1.47NTU, Cond=1531.94µS/cm
📤 Capteur Rivière Nord: pH=7.43, Temp=15.27°C, Turb=2.16NTU, Cond=687.78µS/cm
📤 Capteur Rivière Sud: pH=6.99, Temp=18.50°C, Turb=2.98NTU, Cond=1281.09µS/cm
📤 Capteur Rivière Est: pH=7.31, Temp=21.34°C, Turb=1.82NTU, Cond=1588.71µS/cm
📤 Capteur Rivière Nord: pH=7.41, Temp=15.54°C, Turb=2.33NTU, Cond=632.46µS/cm
📤 Capteur Rivière Sud: pH=6.71, Temp=18.51°C, Turb=3.41NTU, Cond=1220.89µS/cm
📤 Capteur Rivière Est: pH=7.72, Temp=18.38°C, Turb=1.63NTU, Cond=1347.21µS/cm
📤 Capteur Rivière Nord: pH=7.41, Temp=13.14°C, Turb=2.69NTU, Cond=648.18µS/cm
📤 Capteur Rivière Sud: pH=7.11, Temp=18.36°C, Turb=3.15NTU, Cond=1212.61µS/cm
📤 Capteur Rivière Est: pH=7.39, Temp=18.19°C, Turb=1.61NTU, Cond=1580.27µS/cm
📤 Capteur Rivière Nord: pH=7.09, Temp=15.11°C, Turb=2.14NTU, Cond=723.85µS/cm
📤 Capteur Rivière Sud: pH=7.02, Temp=17.30°C, Turb=2.74NTU, Cond=1396.55µS/cm
📤 Capteur Rivière Est: pH=7.77, Temp=20.79°C, Turb=1.47NTU, Cond=1331.82µS/cm
📤 Capteur Rivière Nord: pH=7.04, Temp=16.03°C, Turb=2.23NTU, Cond=814.07µS/cm
📤 Capteur Rivière Sud: pH=7.12, Temp=17.60°C, Turb=2.86NTU, Cond=1239.74µS/cm
📤 Capteur Rivière Est: pH=7.42, Temp=21.13°C, Turb=1.87NTU, Cond=1578.53µS/cm
📤 Capteur Rivière Nord: pH=7.49, Temp=17.00°C, Turb=2.37NTU, Cond=780.21µS/cm
📤 Capteur Rivière Sud: pH=7.16, Temp=16.97°C, Turb=3.18NTU, Cond=1121.92µS/cm
📤 Capteur Rivière Est: pH=7.52, Temp=21.65°C, Turb=1.88NTU, Cond=1356.72µS/cm
📤 Capteur Rivière Nord: pH=7.45, Temp=14.31°C, Turb=2.35NTU, Cond=653.83µS/cm
📤 Capteur Rivière Sud: pH=7.01, Temp=17.16°C, Turb=2.64NTU, Cond=1286.29µS/cm
📤 Capteur Rivière Est: pH=7.64, Temp=21.24°C, Turb=2.06NTU, Cond=1593.94µS/cm
📤 Capteur Rivière Nord: pH=7.44, Temp=14.45°C, Turb=2.59NTU, Cond=948.30µS/cm
📤 Capteur Rivière Sud: pH=7.19, Temp=16.41°C, Turb=3.14NTU, Cond=1382.81µS/cm
📤 Capteur Rivière Est: pH=7.80, Temp=18.84°C, Turb=12.15NTU, Cond=1621.59µS/cm
📤 Capteur Rivière Nord: pH=7.05, Temp=14.70°C, Turb=2.66NTU, Cond=796.64µS/cm
📤 Capteur Rivière Sud: pH=6.92, Temp=19.86°C, Turb=3.19NTU, Cond=1337.45µS/cm
📤 Capteur Rivière Est: pH=7.41, Temp=20.82°C, Turb=1.72NTU, Cond=1404.66µS/cm
📤 Capteur Rivière Nord: pH=7.36, Temp=16.32°C, Turb=2.48NTU, Cond=910.81µS/cm
📤 Capteur Rivière Sud: pH=7.29, Temp=16.20°C, Turb=2.77NTU, Cond=1341.64µS/cm
📤 Capteur Rivière Est: pH=7.56, Temp=21.69°C, Turb=1.93NTU, Cond=1397.32µS/cm
📤 Capteur Rivière Nord: pH=7.19, Temp=13.79°C, Turb=2.20NTU, Cond=687.91µS/cm
📤 Capteur Rivière Sud: pH=6.82, Temp=17.91°C, Turb=3.00NTU, Cond=1050.22µS/cm
📤 Capteur Rivière Est: pH=7.74, Temp=18.30°C, Turb=2.19NTU, Cond=1658.48µS/cm
📤 Capteur Rivière Nord: pH=7.21, Temp=14.76°C, Turb=2.56NTU, Cond=854.99µS/cm
📤 Capteur Rivière Sud: pH=6.71, Temp=19.11°C, Turb=3.44NTU, Cond=1282.53µS/cm
📤 Capteur Rivière Est: pH=7.57, Temp=21.26°C, Turb=1.95NTU, Cond=1475.41µS/cm
📤 Capteur Rivière Nord: pH=6.93, Temp=14.27°C, Turb=2.43NTU, Cond=887.65µS/cm
📤 Capteur Rivière Sud: pH=7.27, Temp=17.36°C, Turb=3.29NTU, Cond=1123.82µS/cm
📤 Capteur Rivière Est: pH=7.67, Temp=19.19°C, Turb=1.88NTU, Cond=1684.26µS/cm
📤 Capteur Rivière Nord: pH=7.29, Temp=13.67°C, Turb=2.06NTU, Cond=652.33µS/cm
📤 Capteur Rivière Sud: pH=7.07, Temp=16.34°C, Turb=2.70NTU, Cond=1216.04µS/cm
📤 Capteur Rivière Est: pH=7.38, Temp=18.62°C, Turb=1.46NTU, Cond=1491.14µS/cm
📤 Capteur Rivière Nord: pH=7.43, Temp=16.16°C, Turb=2.36NTU, Cond=800.24µS/cm
📤 Capteur Rivière Sud: pH=6.75, Temp=19.49°C, Turb=2.83NTU, Cond=1224.38µS/cm
📤 Capteur Rivière Est: pH=7.45, Temp=21.10°C, Turb=1.62NTU, Cond=1623.12µS/cm
📤 Capteur Rivière Nord: pH=7.22, Temp=16.08°C, Turb=2.26NTU, Cond=657.66µS/cm
📤 Capteur Rivière Sud: pH=7.12, Temp=16.92°C, Turb=3.34NTU, Cond=1022.80µS/cm
📤 Capteur Rivière Est: pH=7.25, Temp=20.37°C, Turb=2.14NTU, Cond=1613.47µS/cm
📤 Capteur Rivière Nord: pH=7.31, Temp=13.65°C, Turb=2.98NTU, Cond=800.05µS/cm
📤 Capteur Rivière Sud: pH=6.83, Temp=18.87°C, Turb=2.54NTU, Cond=1116.67µS/cm
📤 Capteur Rivière Est: pH=7.36, Temp=20.43°C, Turb=1.51NTU, Cond=1597.82µS/cm
📤 Capteur Rivière Nord: pH=6.97, Temp=13.42°C, Turb=2.22NTU, Cond=669.74µS/cm
📤 Capteur Rivière Sud: pH=6.97, Temp=16.27°C, Turb=3.07NTU, Cond=1133.01µS/cm
📤 Capteur Rivière Est: pH=7.48, Temp=20.99°C, Turb=1.44NTU, Cond=1446.14µS/cm
📤 Capteur Rivière Nord: pH=7.40, Temp=15.06°C, Turb=2.55NTU, Cond=856.39µS/cm
📤 Capteur Rivière Sud: pH=7.10, Temp=17.09°C, Turb=2.99NTU, Cond=4858.29µS/cm
📤 Capteur Rivière Est: pH=7.58, Temp=18.86°C, Turb=1.68NTU, Cond=1637.72µS/cm
📤 Capteur Rivière Nord: pH=7.20, Temp=15.05°C, Turb=2.44NTU, Cond=838.02µS/cm
📤 Capteur Rivière Sud: pH=7.09, Temp=16.28°C, Turb=3.18NTU, Cond=1395.65µS/cm
📤 Capteur Rivière Est: pH=7.51, Temp=20.33°C, Turb=1.63NTU, Cond=1389.25µS/cm
📤 Capteur Rivière Nord: pH=7.14, Temp=14.86°C, Turb=2.67NTU, Cond=797.50µS/cm
📤 Capteur Rivière Sud: pH=7.24, Temp=17.10°C, Turb=3.35NTU, Cond=1130.86µS/cm
📤 Capteur Rivière Est: pH=7.68, Temp=20.79°C, Turb=2.01NTU, Cond=1677.20µS/cm
📤 Capteur Rivière Nord: pH=6.93, Temp=13.92°C, Turb=2.98NTU, Cond=906.94µS/cm
📤 Capteur Rivière Sud: pH=6.81, Temp=18.54°C, Turb=2.70NTU, Cond=1165.87µS/cm
📤 Capteur Rivière Est: pH=7.60, Temp=20.19°C, Turb=14.61NTU, Cond=1504.75µS/cm
📤 Capteur Rivière Nord: pH=7.06, Temp=14.77°C, Turb=2.31NTU, Cond=671.29µS/cm
📤 Capteur Rivière Sud: pH=6.83, Temp=16.49°C, Turb=2.54NTU, Cond=1363.18µS/cm
📤 Capteur Rivière Est: pH=7.48, Temp=21.33°C, Turb=1.73NTU, Cond=1461.68µS/cm
📤 Capteur Rivière Nord: pH=7.17, Temp=15.73°C, Turb=2.44NTU, Cond=948.04µS/cm
📤 Capteur Rivière Sud: pH=6.87, Temp=18.68°C, Turb=2.93NTU, Cond=1331.21µS/cm
📤 Capteur Rivière Est: pH=7.27, Temp=18.89°C, Turb=1.69NTU, Cond=1457.61µS/cm
📤 Capteur Rivière Nord: pH=6.96, Temp=15.38°C, Turb=2.94NTU, Cond=872.54µS/cm
📤 Capteur Rivière Sud: pH=6.96, Temp=19.31°C, Turb=2.91NTU, Cond=1093.41µS/cm
📤 Capteur Rivière Est: pH=7.42, Temp=19.14°C, Turb=1.37NTU, Cond=1379.87µS/cm
📤 Capteur Rivière Nord: pH=7.45, Temp=13.07°C, Turb=2.27NTU, Cond=988.95µS/cm
📤 Capteur Rivière Sud: pH=6.90, Temp=19.67°C, Turb=2.84NTU, Cond=1187.33µS/cm
📤 Capteur Rivière Est: pH=7.63, Temp=21.64°C, Turb=2.18NTU, Cond=1493.36µS/cm
📤 Capteur Rivière Nord: pH=7.30, Temp=16.34°C, Turb=2.19NTU, Cond=703.07µS/cm
📤 Capteur Rivière Sud: pH=7.13, Temp=18.96°C, Turb=3.08NTU, Cond=1260.84µS/cm
📤 Capteur Rivière Est: pH=7.21, Temp=18.28°C, Turb=1.78NTU, Cond=1680.86µS/cm
📤 Capteur Rivière Nord: pH=7.12, Temp=16.95°C, Turb=2.80NTU, Cond=630.02µS/cm
📤 Capteur Rivière Sud: pH=3.74, Temp=17.42°C, Turb=3.33NTU, Cond=1174.26µS/cm
📤 Capteur Rivière Est: pH=7.37, Temp=18.53°C, Turb=2.28NTU, Cond=1387.12µS/cm
📤 Capteur Rivière Nord: pH=6.98, Temp=15.76°C, Turb=2.36NTU, Cond=647.21µS/cm
📤 Capteur Rivière Sud: pH=7.09, Temp=16.20°C, Turb=2.86NTU, Cond=1097.53µS/cm
📤 Capteur Rivière Est: pH=7.37, Temp=20.43°C, Turb=1.33NTU, Cond=1672.13µS/cm
📤 Capteur Rivière Nord: pH=7.04, Temp=15.78°C, Turb=2.81NTU, Cond=725.96µS/cm
📤 Capteur Rivière Sud: pH=6.88, Temp=17.59°C, Turb=2.93NTU, Cond=1369.90µS/cm
📤 Capteur Rivière Est: pH=7.80, Temp=20.55°C, Turb=1.57NTU, Cond=1380.24µS/cm
📤 Capteur Rivière Nord: pH=6.92, Temp=13.50°C, Turb=2.08NTU, Cond=825.28µS/cm
📤 Capteur Rivière Sud: pH=6.73, Temp=17.41°C, Turb=2.71NTU, Cond=1347.57µS/cm
📤 Capteur Rivière Est: pH=7.40, Temp=19.83°C, Turb=1.63NTU, Cond=1458.30µS/cm
📤 Capteur Rivière Nord: pH=7.35, Temp=13.09°C, Turb=2.24NTU, Cond=613.90µS/cm
📤 Capteur Rivière Sud: pH=6.83, Temp=18.68°C, Turb=2.59NTU, Cond=1019.48µS/cm
📤 Capteur Rivière Est: pH=7.62, Temp=20.22°C, Turb=2.21NTU, Cond=1680.85µS/cm
📤 Capteur Rivière Nord: pH=7.36, Temp=14.15°C, Turb=2.67NTU, Cond=896.06µS/cm
📤 Capteur Rivière Sud: pH=7.03, Temp=16.83°C, Turb=9.98NTU, Cond=1106.09µS/cm
📤 Capteur Rivière Est: pH=7.46, Temp=21.44°C, Turb=1.82NTU, Cond=1317.43µS/cm
📤 Capteur Rivière Nord: pH=6.93, Temp=15.83°C, Turb=2.30NTU, Cond=901.68µS/cm
📤 Capteur Rivière Sud: pH=6.96, Temp=18.67°C, Turb=2.96NTU, Cond=1043.30µS/cm
📤 Capteur Rivière Est: pH=7.66, Temp=20.99°C, Turb=1.35NTU, Cond=1695.74µS/cm
📤 Capteur Rivière Nord: pH=7.17, Temp=13.60°C, Turb=2.30NTU, Cond=943.88µS/cm
📤 Capteur Rivière Sud: pH=7.14, Temp=17.69°C, Turb=3.47NTU, Cond=1184.79µS/cm
📤 Capteur Rivière Est: pH=7.70, Temp=19.95°C, Turb=2.27NTU, Cond=1699.40µS/cm
📤 Capteur Rivière Nord: pH=7.06, Temp=13.58°C, Turb=2.57NTU, Cond=677.57µS/cm
📤 Capteur Rivière Sud: pH=7.15, Temp=16.13°C, Turb=2.57NTU, Cond=1143.75µS/cm
📤 Capteur Rivière Est: pH=7.66, Temp=19.29°C, Turb=2.24NTU, Cond=1409.88µS/cm
📤 Capteur Rivière Nord: pH=6.97, Temp=15.25°C, Turb=2.24NTU, Cond=652.75µS/cm
📤 Capteur Rivière Sud: pH=6.97, Temp=16.46°C, Turb=3.09NTU, Cond=1112.43µS/cm
📤 Capteur Rivière Est: pH=7.51, Temp=19.58°C, Turb=1.89NTU, Cond=1445.17µS/cm
📤 Capteur Rivière Nord: pH=7.38, Temp=15.23°C, Turb=2.89NTU, Cond=683.84µS/cm
📤 Capteur Rivière Sud: pH=6.80, Temp=18.23°C, Turb=2.78NTU, Cond=1375.06µS/cm
📤 Capteur Rivière Est: pH=7.25, Temp=20.26°C, Turb=1.48NTU, Cond=1425.15µS/cm
📤 Capteur Rivière Nord: pH=7.29, Temp=14.28°C, Turb=2.97NTU, Cond=708.41µS/cm
📤 Capteur Rivière Sud: pH=7.09, Temp=18.19°C, Turb=2.84NTU, Cond=1249.57µS/cm
📤 Capteur Rivière Est: pH=7.23, Temp=19.96°C, Turb=2.19NTU, Cond=1301.51µS/cm
📤 Capteur Rivière Nord: pH=7.18, Temp=14.64°C, Turb=2.70NTU, Cond=762.36µS/cm
📤 Capteur Rivière Sud: pH=6.84, Temp=18.53°C, Turb=3.33NTU, Cond=1087.14µS/cm
📤 Capteur Rivière Est: pH=7.46, Temp=21.23°C, Turb=1.72NTU, Cond=1612.17µS/cm
📤 Capteur Rivière Nord: pH=7.14, Temp=15.91°C, Turb=2.38NTU, Cond=960.96µS/cm
📤 Capteur Rivière Sud: pH=6.98, Temp=16.46°C, Turb=3.21NTU, Cond=1378.67µS/cm
📤 Capteur Rivière Est: pH=7.44, Temp=18.99°C, Turb=12.57NTU, Cond=1365.52µS/cm
📤 Capteur Rivière Nord: pH=7.00, Temp=15.85°C, Turb=2.73NTU, Cond=965.45µS/cm
📤 Capteur Rivière Sud: pH=6.87, Temp=18.67°C, Turb=14.21NTU, Cond=1319.27µS/cm
📤 Capteur Rivière Est: pH=7.57, Temp=20.21°C, Turb=2.23NTU, Cond=1408.01µS/cm
📤 Capteur Rivière Nord: pH=7.12, Temp=16.23°C, Turb=2.83NTU, Cond=615.41µS/cm
📤 Capteur Rivière Sud: pH=6.76, Temp=17.73°C, Turb=2.66NTU, Cond=1314.56µS/cm
📤 Capteur Rivière Est: pH=7.57, Temp=18.67°C, Turb=2.16NTU, Cond=1404.86µS/cm
📤 Capteur Rivière Nord: pH=7.11, Temp=14.58°C, Turb=2.65NTU, Cond=737.19µS/cm
📤 Capteur Rivière Sud: pH=7.15, Temp=18.53°C, Turb=2.98NTU, Cond=1093.67µS/cm
📤 Capteur Rivière Est: pH=7.69, Temp=19.72°C, Turb=2.16NTU, Cond=1687.30µS/cm
📤 Capteur Rivière Nord: pH=7.38, Temp=13.01°C, Turb=2.54NTU, Cond=805.45µS/cm
📤 Capteur Rivière Sud: pH=6.95, Temp=18.19°C, Turb=2.82NTU, Cond=1136.88µS/cm
📤 Capteur Rivière Est: pH=7.59, Temp=19.84°C, Turb=2.03NTU, Cond=1527.06µS/cm
📤 Capteur Rivière Nord: pH=6.96, Temp=15.18°C, Turb=2.29NTU, Cond=911.72µS/cm
📤 Capteur Rivière Sud: pH=7.23, Temp=16.36°C, Turb=3.27NTU, Cond=1080.11µS/cm
📤 Capteur Rivière Est: pH=7.24, Temp=18.52°C, Turb=1.73NTU, Cond=1696.39µS/cm
📤 Capteur Rivière Nord: pH=7.31, Temp=13.97°C, Turb=2.23NTU, Cond=886.03µS/cm
📤 Capteur Rivière Sud: pH=6.87, Temp=16.57°C, Turb=3.07NTU, Cond=1342.13µS/cm
📤 Capteur Rivière Est: pH=7.58, Temp=20.81°C, Turb=2.07NTU, Cond=1661.72µS/cm
📤 Capteur Rivière Nord: pH=6.94, Temp=16.86°C, Turb=2.49NTU, Cond=791.38µS/cm
📤 Capteur Rivière Sud: pH=6.70, Temp=18.19°C, Turb=2.80NTU, Cond=1028.98µS/cm
📤 Capteur Rivière Est: pH=7.66, Temp=18.46°C, Turb=1.33NTU, Cond=1428.88µS/cm
📤 Capteur Rivière Nord: pH=7.06, Temp=14.89°C, Turb=2.52NTU, Cond=981.14µS/cm
📤 Capteur Rivière Sud: pH=7.10, Temp=16.32°C, Turb=2.58NTU, Cond=1020.87µS/cm
📤 Capteur Rivière Est: pH=7.61, Temp=19.79°C, Turb=1.64NTU, Cond=1379.97µS/cm
📤 Capteur Rivière Nord: pH=7.21, Temp=15.68°C, Turb=2.34NTU, Cond=779.33µS/cm
📤 Capteur Rivière Sud: pH=6.98, Temp=17.60°C, Turb=2.60NTU, Cond=4768.12µS/cm
📤 Capteur Rivière Est: pH=7.42, Temp=18.65°C, Turb=1.70NTU, Cond=1476.04µS/cm
📤 Capteur Rivière Nord: pH=7.39, Temp=15.34°C, Turb=2.26NTU, Cond=671.40µS/cm
📤 Capteur Rivière Sud: pH=6.82, Temp=18.85°C, Turb=2.69NTU, Cond=1358.03µS/cm
📤 Capteur Rivière Est: pH=3.89, Temp=19.00°C, Turb=2.18NTU, Cond=1531.71µS/cm
📤 Capteur Rivière Nord: pH=7.04, Temp=16.78°C, Turb=2.27NTU, Cond=837.90µS/cm
📤 Capteur Rivière Sud: pH=7.24, Temp=17.51°C, Turb=2.66NTU, Cond=1012.11µS/cm
📤 Capteur Rivière Est: pH=7.40, Temp=20.50°C, Turb=2.24NTU, Cond=1514.73µS/cm
📤 Capteur Rivière Nord: pH=7.13, Temp=15.39°C, Turb=2.53NTU, Cond=798.69µS/cm
📤 Capteur Rivière Sud: pH=7.07, Temp=18.33°C, Turb=2.89NTU, Cond=1254.89µS/cm
📤 Capteur Rivière Est: pH=7.24, Temp=20.55°C, Turb=1.45NTU, Cond=1339.41µS/cm
📤 Capteur Rivière Nord: pH=7.07, Temp=16.88°C, Turb=2.79NTU, Cond=916.25µS/cm
📤 Capteur Rivière Sud: pH=6.97, Temp=37.60°C, Turb=3.47NTU, Cond=1393.93µS/cm
📤 Capteur Rivière Est: pH=7.74, Temp=20.77°C, Turb=1.68NTU, Cond=1470.82µS/cm
📤 Capteur Rivière Nord: pH=6.91, Temp=14.13°C, Turb=2.76NTU, Cond=793.10µS/cm
📤 Capteur Rivière Sud: pH=6.80, Temp=17.58°C, Turb=2.80NTU, Cond=1060.75µS/cm
📤 Capteur Rivière Est: pH=7.60, Temp=20.63°C, Turb=2.22NTU, Cond=1375.44µS/cm
📤 Capteur Rivière Nord: pH=7.02, Temp=15.18°C, Turb=2.19NTU, Cond=717.82µS/cm
📤 Capteur Rivière Sud: pH=7.03, Temp=16.85°C, Turb=3.49NTU, Cond=1088.80µS/cm
📤 Capteur Rivière Est: pH=7.76, Temp=21.92°C, Turb=1.39NTU, Cond=1380.47µS/cm
📤 Capteur Rivière Nord: pH=6.95, Temp=15.18°C, Turb=2.59NTU, Cond=998.71µS/cm
📤 Capteur Rivière Sud: pH=6.87, Temp=18.62°C, Turb=3.03NTU, Cond=4965.62µS/cm
📤 Capteur Rivière Est: pH=7.72, Temp=20.84°C, Turb=1.62NTU, Cond=1379.35µS/cm
📤 Capteur Rivière Nord: pH=7.04, Temp=15.79°C, Turb=2.51NTU, Cond=911.24µS/cm
📤 Capteur Rivière Sud: pH=6.76, Temp=19.11°C, Turb=2.85NTU, Cond=1293.12µS/cm
📤 Capteur Rivière Est: pH=7.80, Temp=19.40°C, Turb=1.60NTU, Cond=1471.03µS/cm
📤 Capteur Rivière Nord: pH=7.41, Temp=14.12°C, Turb=2.65NTU, Cond=906.76µS/cm
📤 Capteur Rivière Sud: pH=7.14, Temp=17.49°C, Turb=2.80NTU, Cond=1045.49µS/cm
📤 Capteur Rivière Est: pH=7.73, Temp=19.57°C, Turb=1.50NTU, Cond=1365.71µS/cm
📤 Capteur Rivière Nord: pH=7.37, Temp=14.25°C, Turb=2.72NTU, Cond=629.43µS/cm
📤 Capteur Rivière Sud: pH=6.77, Temp=19.67°C, Turb=3.24NTU, Cond=1247.54µS/cm
📤 Capteur Rivière Est: pH=7.22, Temp=20.21°C, Turb=2.27NTU, Cond=1527.78µS/cm
📤 Capteur Rivière Nord: pH=7.01, Temp=15.30°C, Turb=2.60NTU, Cond=660.67µS/cm
📤 Capteur Rivière Sud: pH=6.95, Temp=16.39°C, Turb=2.82NTU, Cond=1290.66µS/cm
📤 Capteur Rivière Est: pH=7.74, Temp=20.61°C, Turb=1.74NTU, Cond=1335.68µS/cm
📤 Capteur Rivière Nord: pH=7.46, Temp=13.98°C, Turb=2.54NTU, Cond=760.05µS/cm
📤 Capteur Rivière Sud: pH=7.26, Temp=19.43°C, Turb=3.00NTU, Cond=1396.40µS/cm
📤 Capteur Rivière Est: pH=7.26, Temp=21.90°C, Turb=1.36NTU, Cond=1345.78µS/cm
📤 Capteur Rivière Nord: pH=7.36, Temp=14.46°C, Turb=2.35NTU, Cond=678.41µS/cm
📤 Capteur Rivière Sud: pH=6.81, Temp=17.14°C, Turb=2.59NTU, Cond=1147.67µS/cm
📤 Capteur Rivière Est: pH=7.52, Temp=19.67°C, Turb=1.52NTU, Cond=1336.58µS/cm
📤 Capteur Rivière Nord: pH=7.26, Temp=15.19°C, Turb=2.79NTU, Cond=688.26µS/cm
📤 Capteur Rivière Sud: pH=6.77, Temp=19.12°C, Turb=3.28NTU, Cond=1326.25µS/cm
📤 Capteur Rivière Est: pH=7.70, Temp=18.26°C, Turb=2.15NTU, Cond=1372.30µS/cm
📤 Capteur Rivière Nord: pH=7.16, Temp=14.68°C, Turb=2.86NTU, Cond=652.62µS/cm
📤 Capteur Rivière Sud: pH=7.16, Temp=19.42°C, Turb=2.92NTU, Cond=1286.87µS/cm
📤 Capteur Rivière Est: pH=7.75, Temp=20.00°C, Turb=10.37NTU, Cond=1356.62µS/cm
📤 Capteur Rivière Nord: pH=7.42, Temp=16.88°C, Turb=2.75NTU, Cond=679.28µS/cm
📤 Capteur Rivière Sud: pH=6.83, Temp=16.78°C, Turb=3.24NTU, Cond=1347.09µS/cm
📤 Capteur Rivière Est: pH=7.67, Temp=21.21°C, Turb=1.52NTU, Cond=1647.85µS/cm
📤 Capteur Rivière Nord: pH=6.92, Temp=16.13°C, Turb=2.68NTU, Cond=875.32µS/cm
📤 Capteur Rivière Sud: pH=7.28, Temp=19.18°C, Turb=2.85NTU, Cond=1083.94µS/cm
📤 Capteur Rivière Est: pH=7.78, Temp=19.95°C, Turb=1.97NTU, Cond=3442.77µS/cm
📤 Capteur Rivière Nord: pH=7.26, Temp=15.00°C, Turb=2.93NTU, Cond=714.52µS/cm
📤 Capteur Rivière Sud: pH=6.70, Temp=16.74°C, Turb=3.36NTU, Cond=1304.01µS/cm
📤 Capteur Rivière Est: pH=7.76, Temp=19.52°C, Turb=1.53NTU, Cond=1504.06µS/cm
📤 Capteur Rivière Nord: pH=7.03, Temp=15.05°C, Turb=2.28NTU, Cond=910.94µS/cm
📤 Capteur Rivière Sud: pH=6.86, Temp=19.54°C, Turb=2.93NTU, Cond=1162.72µS/cm
📤 Capteur Rivière Est: pH=7.50, Temp=21.28°C, Turb=1.65NTU, Cond=1316.81µS/cm
📤 Capteur Rivière Nord: pH=7.27, Temp=13.64°C, Turb=2.18NTU, Cond=672.71µS/cm
📤 Capteur Rivière Sud: pH=7.05, Temp=19.18°C, Turb=2.95NTU, Cond=1006.92µS/cm
📤 Capteur Rivière Est: pH=7.50, Temp=18.11°C, Turb=1.96NTU, Cond=1530.44µS/cm
📤 Capteur Rivière Nord: pH=7.25, Temp=16.40°C, Turb=2.24NTU, Cond=849.75µS/cm
📤 Capteur Rivière Sud: pH=6.81, Temp=19.00°C, Turb=3.44NTU, Cond=1079.83µS/cm
📤 Capteur Rivière Est: pH=7.77, Temp=20.34°C, Turb=1.64NTU, Cond=1497.11µS/cm
📤 Capteur Rivière Nord: pH=6.93, Temp=15.08°C, Turb=2.12NTU, Cond=692.05µS/cm
📤 Capteur Rivière Sud: pH=6.91, Temp=19.65°C, Turb=3.00NTU, Cond=1051.67µS/cm
📤 Capteur Rivière Est: pH=7.66, Temp=20.99°C, Turb=1.67NTU, Cond=1697.95µS/cm
📤 Capteur Rivière Nord: pH=7.33, Temp=16.90°C, Turb=2.97NTU, Cond=649.73µS/cm
📤 Capteur Rivière Sud: pH=6.81, Temp=16.64°C, Turb=3.35NTU, Cond=1346.73µS/cm
📤 Capteur Rivière Est: pH=7.24, Temp=18.62°C, Turb=1.82NTU, Cond=1661.58µS/cm
📤 Capteur Rivière Nord: pH=7.21, Temp=16.06°C, Turb=2.44NTU, Cond=730.45µS/cm
📤 Capteur Rivière Sud: pH=7.27, Temp=16.37°C, Turb=3.35NTU, Cond=1295.85µS/cm
📤 Capteur Rivière Est: pH=7.65, Temp=19.92°C, Turb=2.01NTU, Cond=1328.35µS/cm
📤 Capteur Rivière Nord: pH=7.15, Temp=17.00°C, Turb=2.66NTU, Cond=917.12µS/cm
📤 Capteur Rivière Sud: pH=7.25, Temp=16.47°C, Turb=2.76NTU, Cond=1296.48µS/cm
📤 Capteur Rivière Est: pH=7.67, Temp=20.48°C, Turb=2.29NTU, Cond=1400.90µS/cm
📤 Capteur Rivière Nord: pH=7.36, Temp=16.41°C, Turb=2.57NTU, Cond=681.71µS/cm
📤 Capteur Rivière Sud: pH=7.04, Temp=19.25°C, Turb=3.38NTU, Cond=1031.54µS/cm
📤 Capteur Rivière Est: pH=7.24, Temp=19.10°C, Turb=2.22NTU, Cond=1394.04µS/cm
📤 Capteur Rivière Nord: pH=6.96, Temp=14.46°C, Turb=2.87NTU, Cond=872.11µS/cm
📤 Capteur Rivière Sud: pH=6.93, Temp=17.17°C, Turb=2.56NTU, Cond=1336.50µS/cm
📤 Capteur Rivière Est: pH=7.55, Temp=18.66°C, Turb=2.02NTU, Cond=1489.02µS/cm
📤 Capteur Rivière Nord: pH=7.13, Temp=16.40°C, Turb=2.20NTU, Cond=818.68µS/cm
📤 Capteur Rivière Sud: pH=6.83, Temp=19.70°C, Turb=3.37NTU, Cond=1245.49µS/cm
📤 Capteur Rivière Est: pH=7.65, Temp=18.51°C, Turb=1.94NTU, Cond=1372.32µS/cm
📤 Capteur Rivière Nord: pH=7.10, Temp=16.56°C, Turb=2.55NTU, Cond=697.79µS/cm
📤 Capteur Rivière Sud: pH=6.72, Temp=16.41°C, Turb=2.71NTU, Cond=1177.42µS/cm
📤 Capteur Rivière Est: pH=7.37, Temp=18.91°C, Turb=1.51NTU, Cond=1644.16µS/cm
📤 Capteur Rivière Nord: pH=7.12, Temp=14.64°C, Turb=2.08NTU, Cond=738.56µS/cm
📤 Capteur Rivière Sud: pH=7.15, Temp=19.00°C, Turb=2.63NTU, Cond=1249.44µS/cm
📤 Capteur Rivière Est: pH=7.67, Temp=20.95°C, Turb=1.87NTU, Cond=1566.81µS/cm
📤 Capteur Rivière Nord: pH=7.22, Temp=14.39°C, Turb=2.23NTU, Cond=740.08µS/cm
📤 Capteur Rivière Sud: pH=6.82, Temp=19.95°C, Turb=3.34NTU, Cond=1387.78µS/cm
📤 Capteur Rivière Est: pH=4.00, Temp=20.54°C, Turb=1.93NTU, Cond=1314.16µS/cm
📤 Capteur Rivière Nord: pH=7.42, Temp=16.25°C, Turb=2.95NTU, Cond=928.12µS/cm
📤 Capteur Rivière Sud: pH=6.94, Temp=18.43°C, Turb=3.12NTU, Cond=1010.41µS/cm
📤 Capteur Rivière Est: pH=7.55, Temp=19.09°C, Turb=1.45NTU, Cond=1319.17µS/cm
📤 Capteur Rivière Nord: pH=6.96, Temp=14.60°C, Turb=2.23NTU, Cond=837.83µS/cm
📤 Capteur Rivière Sud: pH=6.80, Temp=18.17°C, Turb=2.88NTU, Cond=1193.03µS/cm
📤 Capteur Rivière Est: pH=7.53, Temp=20.45°C, Turb=2.16NTU, Cond=1432.71µS/cm
📤 Capteur Rivière Nord: pH=7.25, Temp=14.43°C, Turb=2.76NTU, Cond=918.74µS/cm
📤 Capteur Rivière Sud: pH=6.91, Temp=19.55°C, Turb=2.60NTU, Cond=1172.84µS/cm
📤 Capteur Rivière Est: pH=7.27, Temp=19.26°C, Turb=2.25NTU, Cond=1385.32µS/cm
📤 Capteur Rivière Nord: pH=7.36, Temp=13.78°C, Turb=2.38NTU, Cond=736.80µS/cm
📤 Capteur Rivière Sud: pH=6.90, Temp=16.37°C, Turb=3.24NTU, Cond=1030.80µS/cm
📤 Capteur Rivière Est: pH=7.52, Temp=19.26°C, Turb=1.54NTU, Cond=1416.00µS/cm
📤 Capteur Rivière Nord: pH=7.01, Temp=14.38°C, Turb=2.43NTU, Cond=722.95µS/cm
📤 Capteur Rivière Sud: pH=7.11, Temp=18.71°C, Turb=2.91NTU, Cond=1294.93µS/cm
📤 Capteur Rivière Est: pH=7.45, Temp=20.73°C, Turb=1.46NTU, Cond=1515.31µS/cm
📤 Capteur Rivière Nord: pH=7.30, Temp=16.86°C, Turb=2.88NTU, Cond=622.26µS/cm
📤 Capteur Rivière Sud: pH=7.06, Temp=18.39°C, Turb=2.54NTU, Cond=1276.71µS/cm
📤 Capteur Rivière Est: pH=7.20, Temp=19.49°C, Turb=2.03NTU, Cond=1452.36µS/cm
📤 Capteur Rivière Nord: pH=7.19, Temp=14.90°C, Turb=2.06NTU, Cond=745.75µS/cm
📤 Capteur Rivière Sud: pH=6.73, Temp=18.94°C, Turb=2.79NTU, Cond=3035.91µS/cm
📤 Capteur Rivière Est: pH=7.20, Temp=20.91°C, Turb=1.78NTU, Cond=1350.77µS/cm
📤 Capteur Rivière Nord: pH=7.03, Temp=16.59°C, Turb=2.34NTU, Cond=937.75µS/cm
📤 Capteur Rivière Sud: pH=7.03, Temp=18.64°C, Turb=2.79NTU, Cond=1380.51µS/cm
📤 Capteur Rivière Est: pH=7.60, Temp=20.89°C, Turb=1.68NTU, Cond=1352.00µS/cm
📤 Capteur Rivière Nord: pH=7.43, Temp=14.89°C, Turb=2.11NTU, Cond=4124.70µS/cm
📤 Capteur Rivière Sud: pH=6.81, Temp=17.70°C, Turb=3.26NTU, Cond=1275.34µS/cm
📤 Capteur Rivière Est: pH=7.42, Temp=19.30°C, Turb=1.93NTU, Cond=1612.87µS/cm
📤 Capteur Rivière Nord: pH=6.99, Temp=15.16°C, Turb=2.14NTU, Cond=875.10µS/cm
📤 Capteur Rivière Sud: pH=6.77, Temp=16.84°C, Turb=3.07NTU, Cond=1068.18µS/cm
📤 Capteur Rivière Est: pH=7.60, Temp=18.54°C, Turb=2.15NTU, Cond=1504.12µS/cm
📤 Capteur Rivière Nord: pH=7.19, Temp=13.20°C, Turb=2.74NTU, Cond=891.45µS/cm
📤 Capteur Rivière Sud: pH=7.24, Temp=16.18°C, Turb=2.57NTU, Cond=1378.67µS/cm
📤 Capteur Rivière Est: pH=7.31, Temp=20.76°C, Turb=1.91NTU, Cond=1636.75µS/cm
📤 Capteur Rivière Nord: pH=7.20, Temp=13.54°C, Turb=2.34NTU, Cond=964.62µS/cm
📤 Capteur Rivière Sud: pH=7.19, Temp=17.17°C, Turb=3.42NTU, Cond=1386.83µS/cm
📤 Capteur Rivière Est: pH=7.47, Temp=20.93°C, Turb=1.87NTU, Cond=1669.26µS/cm
📤 Capteur Rivière Nord: pH=7.50, Temp=14.99°C, Turb=2.26NTU, Cond=625.48µS/cm
📤 Capteur Rivière Sud: pH=6.73, Temp=16.45°C, Turb=3.12NTU, Cond=1251.19µS/cm
📤 Capteur Rivière Est: pH=7.63, Temp=21.44°C, Turb=1.54NTU, Cond=1542.40µS/cm
📤 Capteur Rivière Nord: pH=7.28, Temp=16.19°C, Turb=2.00NTU, Cond=609.68µS/cm
📤 Capteur Rivière Sud: pH=7.27, Temp=38.53°C, Turb=2.68NTU, Cond=1356.76µS/cm
📤 Capteur Rivière Est: pH=7.57, Temp=20.68°C, Turb=1.89NTU, Cond=1382.37µS/cm
📤 Capteur Rivière Nord: pH=7.19, Temp=16.02°C, Turb=2.57NTU, Cond=945.85µS/cm
📤 Capteur Rivière Sud: pH=7.16, Temp=19.64°C, Turb=2.58NTU, Cond=1195.52µS/cm
📤 Capteur Rivière Est: pH=7.38, Temp=20.21°C, Turb=1.86NTU, Cond=1456.11µS/cm
📤 Capteur Rivière Nord: pH=7.18, Temp=16.43°C, Turb=2.87NTU, Cond=820.89µS/cm
📤 Capteur Rivière Sud: pH=7.24, Temp=18.55°C, Turb=2.67NTU, Cond=1381.09µS/cm
📤 Capteur Rivière Est: pH=7.64, Temp=19.09°C, Turb=1.85NTU, Cond=1468.72µS/cm
📤 Capteur Rivière Nord: pH=7.25, Temp=16.36°C, Turb=2.28NTU, Cond=632.57µS/cm
📤 Capteur Rivière Sud: pH=7.06, Temp=19.65°C, Turb=2.53NTU, Cond=1081.59µS/cm
📤 Capteur Rivière Est: pH=7.49, Temp=20.93°C, Turb=2.15NTU, Cond=1389.48µS/cm
📤 Capteur Rivière Nord: pH=7.42, Temp=15.09°C, Turb=2.40NTU, Cond=837.41µS/cm
📤 Capteur Rivière Sud: pH=6.93, Temp=17.09°C, Turb=3.47NTU, Cond=1141.14µS/cm
📤 Capteur Rivière Est: pH=7.66, Temp=19.02°C, Turb=1.33NTU, Cond=1668.74µS/cm
📤 Capteur Rivière Nord: pH=7.21, Temp=15.29°C, Turb=2.29NTU, Cond=771.09µS/cm
📤 Capteur Rivière Sud: pH=6.72, Temp=18.23°C, Turb=3.03NTU, Cond=1086.17µS/cm
📤 Capteur Rivière Est: pH=7.58, Temp=18.63°C, Turb=1.38NTU, Cond=1406.27µS/cm
📤 Capteur Rivière Nord: pH=7.34, Temp=15.36°C, Turb=2.79NTU, Cond=862.74µS/cm
📤 Capteur Rivière Sud: pH=6.96, Temp=18.93°C, Turb=3.05NTU, Cond=1153.21µS/cm
📤 Capteur Rivière Est: pH=7.31, Temp=19.95°C, Turb=2.03NTU, Cond=1590.56µS/cm
📤 Capteur Rivière Nord: pH=7.08, Temp=14.05°C, Turb=2.50NTU, Cond=627.20µS/cm
📤 Capteur Rivière Sud: pH=6.82, Temp=19.48°C, Turb=2.95NTU, Cond=1231.60µS/cm
📤 Capteur Rivière Est: pH=7.67, Temp=18.56°C, Turb=1.67NTU, Cond=1520.54µS/cm
📤 Capteur Rivière Nord: pH=6.93, Temp=13.58°C, Turb=14.67NTU, Cond=693.15µS/cm
📤 Capteur Rivière Sud: pH=6.90, Temp=17.17°C, Turb=3.27NTU, Cond=1208.31µS/cm
📤 Capteur Rivière Est: pH=7.56, Temp=20.03°C, Turb=1.44NTU, Cond=1532.50µS/cm
📤 Capteur Rivière Nord: pH=7.16, Temp=13.24°C, Turb=2.46NTU, Cond=862.77µS/cm
📤 Capteur Rivière Sud: pH=6.96, Temp=16.92°C, Turb=3.12NTU, Cond=1230.61µS/cm
📤 Capteur Rivière Est: pH=7.65, Temp=21.70°C, Turb=1.58NTU, Cond=1305.84µS/cm
📤 Capteur Rivière Nord: pH=6.93, Temp=14.59°C, Turb=2.71NTU, Cond=708.05µS/cm
📤 Capteur Rivière Sud: pH=6.95, Temp=18.20°C, Turb=2.93NTU, Cond=1381.87µS/cm
📤 Capteur Rivière Est: pH=7.79, Temp=20.25°C, Turb=1.50NTU, Cond=1524.12µS/cm
📤 Capteur Rivière Nord: pH=7.16, Temp=13.89°C, Turb=2.36NTU, Cond=973.42µS/cm
📤 Capteur Rivière Sud: pH=7.00, Temp=19.90°C, Turb=3.20NTU, Cond=1085.17µS/cm
📤 Capteur Rivière Est: pH=7.68, Temp=20.04°C, Turb=2.08NTU, Cond=1426.21µS/cm
📤 Capteur Rivière Nord: pH=7.35, Temp=13.20°C, Turb=2.19NTU, Cond=794.29µS/cm
📤 Capteur Rivière Sud: pH=6.89, Temp=17.00°C, Turb=2.53NTU, Cond=1013.23µS/cm
📤 Capteur Rivière Est: pH=7.76, Temp=18.52°C, Turb=1.31NTU, Cond=1593.42µS/cm
📤 Capteur Rivière Nord: pH=7.25, Temp=14.69°C, Turb=2.25NTU, Cond=964.99µS/cm
📤 Capteur Rivière Sud: pH=6.97, Temp=18.61°C, Turb=3.29NTU, Cond=1275.81µS/cm
📤 Capteur Rivière Est: pH=7.75, Temp=21.01°C, Turb=2.20NTU, Cond=1601.45µS/cm
📤 Capteur Rivière Nord: pH=7.44, Temp=15.53°C, Turb=2.46NTU, Cond=746.39µS/cm
📤 Capteur Rivière Sud: pH=6.72, Temp=17.50°C, Turb=3.47NTU, Cond=1086.52µS/cm
📤 Capteur Rivière Est: pH=7.72, Temp=20.19°C, Turb=1.40NTU, Cond=1345.83µS/cm
📤 Capteur Rivière Nord: pH=6.98, Temp=14.64°C, Turb=2.59NTU, Cond=805.68µS/cm
📤 Capteur Rivière Sud: pH=6.79, Temp=19.34°C, Turb=3.01NTU, Cond=1196.63µS/cm
📤 Capteur Rivière Est: pH=7.68, Temp=19.56°C, Turb=1.81NTU, Cond=1434.67µS/cm
📤 Capteur Rivière Nord: pH=7.39, Temp=16.72°C, Turb=2.86NTU, Cond=710.13µS/cm
📤 Capteur Rivière Sud: pH=6.88, Temp=16.63°C, Turb=3.21NTU, Cond=1300.31µS/cm
📤 Capteur Rivière Est: pH=7.43, Temp=21.37°C, Turb=1.80NTU, Cond=1373.76µS/cm
📤 Capteur Rivière Nord: pH=7.14, Temp=13.87°C, Turb=2.20NTU, Cond=805.70µS/cm
📤 Capteur Rivière Sud: pH=6.85, Temp=16.99°C, Turb=2.85NTU, Cond=1221.74µS/cm
📤 Capteur Rivière Est: pH=7.80, Temp=18.90°C, Turb=1.58NTU, Cond=1356.51µS/cm
📤 Capteur Rivière Nord: pH=7.32, Temp=13.56°C, Turb=2.43NTU, Cond=759.70µS/cm
📤 Capteur Rivière Sud: pH=6.93, Temp=19.87°C, Turb=3.16NTU, Cond=1088.44µS/cm
📤 Capteur Rivière Est: pH=7.20, Temp=18.14°C, Turb=1.33NTU, Cond=1586.16µS/cm
📤 Capteur Rivière Nord: pH=7.33, Temp=16.99°C, Turb=2.84NTU, Cond=731.36µS/cm
📤 Capteur Rivière Sud: pH=7.26, Temp=18.73°C, Turb=2.69NTU, Cond=1356.09µS/cm
📤 Capteur Rivière Est: pH=7.39, Temp=19.24°C, Turb=1.76NTU, Cond=1611.38µS/cm
📤 Capteur Rivière Nord: pH=7.08, Temp=14.94°C, Turb=2.75NTU, Cond=840.35µS/cm
📤 Capteur Rivière Sud: pH=7.18, Temp=18.83°C, Turb=3.02NTU, Cond=1058.45µS/cm
📤 Capteur Rivière Est: pH=7.35, Temp=21.05°C, Turb=2.18NTU, Cond=1304.60µS/cm
📤 Capteur Rivière Nord: pH=7.38, Temp=15.27°C, Turb=2.04NTU, Cond=807.71µS/cm
📤 Capteur Rivière Sud: pH=7.29, Temp=18.03°C, Turb=2.58NTU, Cond=1001.02µS/cm
📤 Capteur Rivière Est: pH=7.40, Temp=18.47°C, Turb=2.00NTU, Cond=1690.07µS/cm
📤 Capteur Rivière Nord: pH=7.01, Temp=16.30°C, Turb=2.95NTU, Cond=877.06µS/cm
📤 Capteur Rivière Sud: pH=7.17, Temp=18.04°C, Turb=3.12NTU, Cond=1059.56µS/cm
📤 Capteur Rivière Est: pH=7.60, Temp=21.54°C, Turb=1.75NTU, Cond=1422.67µS/cm
📤 Capteur Rivière Nord: pH=7.13, Temp=14.94°C, Turb=2.22NTU, Cond=911.16µS/cm
📤 Capteur Rivière Sud: pH=7.15, Temp=17.56°C, Turb=3.42NTU, Cond=1298.26µS/cm
📤 Capteur Rivière Est: pH=7.51, Temp=33.50°C, Turb=2.08NTU, Cond=1421.75µS/cm
📤 Capteur Rivière Nord: pH=7.19, Temp=14.72°C, Turb=2.16NTU, Cond=652.37µS/cm
📤 Capteur Rivière Sud: pH=6.98, Temp=16.53°C, Turb=3.39NTU, Cond=1262.69µS/cm
📤 Capteur Rivière Est: pH=7.25, Temp=18.09°C, Turb=2.14NTU, Cond=1575.71µS/cm
📤 Capteur Rivière Nord: pH=7.17, Temp=16.08°C, Turb=2.33NTU, Cond=713.85µS/cm
📤 Capteur Rivière Sud: pH=6.88, Temp=18.03°C, Turb=2.60NTU, Cond=1166.68µS/cm
📤 Capteur Rivière Est: pH=7.28, Temp=18.10°C, Turb=1.66NTU, Cond=1553.58µS/cm
📤 Capteur Rivière Nord: pH=7.38, Temp=14.17°C, Turb=2.83NTU, Cond=838.89µS/cm
📤 Capteur Rivière Sud: pH=7.03, Temp=19.94°C, Turb=2.86NTU, Cond=1084.08µS/cm
📤 Capteur Rivière Est: pH=7.46, Temp=21.99°C, Turb=2.23NTU, Cond=1428.00µS/cm
📤 Capteur Rivière Nord: pH=7.30, Temp=15.01°C, Turb=2.87NTU, Cond=964.42µS/cm
📤 Capteur Rivière Sud: pH=7.24, Temp=16.63°C, Turb=3.27NTU, Cond=1003.82µS/cm
📤 Capteur Rivière Est: pH=7.37, Temp=20.54°C, Turb=1.49NTU, Cond=1541.66µS/cm
📤 Capteur Rivière Nord: pH=7.14, Temp=14.03°C, Turb=2.99NTU, Cond=855.55µS/cm
📤 Capteur Rivière Sud: pH=6.92, Temp=-2.03°C, Turb=3.37NTU, Cond=1389.40µS/cm
📤 Capteur Rivière Est: pH=7.28, Temp=20.99°C, Turb=2.28NTU, Cond=1482.09µS/cm
📤 Capteur Rivière Nord: pH=7.18, Temp=16.84°C, Turb=2.85NTU, Cond=644.72µS/cm
📤 Capteur Rivière Sud: pH=6.82, Temp=16.21°C, Turb=2.77NTU, Cond=1215.58µS/cm
📤 Capteur Rivière Est: pH=7.25, Temp=18.90°C, Turb=1.95NTU, Cond=1424.27µS/cm
📤 Capteur Rivière Nord: pH=7.47, Temp=16.27°C, Turb=2.85NTU, Cond=645.24µS/cm
📤 Capteur Rivière Sud: pH=7.30, Temp=19.23°C, Turb=2.98NTU, Cond=1223.58µS/cm
📤 Capteur Rivière Est: pH=7.79, Temp=19.80°C, Turb=1.38NTU, Cond=1655.27µS/cm
📤 Capteur Rivière Nord: pH=7.04, Temp=15.27°C, Turb=2.26NTU, Cond=690.59µS/cm
📤 Capteur Rivière Sud: pH=7.05, Temp=18.67°C, Turb=2.81NTU, Cond=1249.67µS/cm
📤 Capteur Rivière Est: pH=7.71, Temp=19.56°C, Turb=2.02NTU, Cond=1646.19µS/cm
📤 Capteur Rivière Nord: pH=7.45, Temp=15.53°C, Turb=2.28NTU, Cond=647.62µS/cm
📤 Capteur Rivière Sud: pH=6.87, Temp=19.46°C, Turb=2.88NTU, Cond=1390.94µS/cm
📤 Capteur Rivière Est: pH=7.69, Temp=20.01°C, Turb=1.38NTU, Cond=1413.42µS/cm
📤 Capteur Rivière Nord: pH=6.93, Temp=14.78°C, Turb=2.28NTU, Cond=600.10µS/cm
📤 Capteur Rivière Sud: pH=6.93, Temp=17.23°C, Turb=3.11NTU, Cond=1075.53µS/cm
📤 Capteur Rivière Est: pH=7.65, Temp=21.88°C, Turb=1.62NTU, Cond=1642.61µS/cm
📤 Capteur Rivière Nord: pH=6.95, Temp=13.40°C, Turb=2.28NTU, Cond=863.46µS/cm
📤 Capteur Rivière Sud: pH=7.18, Temp=18.12°C, Turb=3.33NTU, Cond=1076.17µS/cm
📤 Capteur Rivière Est: pH=7.37, Temp=18.44°C, Turb=2.04NTU, Cond=1462.14µS/cm
📤 Capteur Rivière Nord: pH=7.24, Temp=13.95°C, Turb=2.26NTU, Cond=667.70µS/cm
📤 Capteur Rivière Sud: pH=7.25, Temp=18.09°C, Turb=3.09NTU, Cond=1127.96µS/cm
📤 Capteur Rivière Est: pH=7.73, Temp=20.90°C, Turb=1.44NTU, Cond=1411.72µS/cm
📤 Capteur Rivière Nord: pH=7.20, Temp=16.82°C, Turb=2.60NTU, Cond=646.67µS/cm
📤 Capteur Rivière Sud: pH=6.91, Temp=16.93°C, Turb=2.86NTU, Cond=1071.49µS/cm
📤 Capteur Rivière Est: pH=7.74, Temp=20.49°C, Turb=1.47NTU, Cond=1623.34µS/cm
📤 Capteur Rivière Nord: pH=7.40, Temp=14.28°C, Turb=2.08NTU, Cond=884.01µS/cm
📤 Capteur Rivière Sud: pH=6.91, Temp=18.12°C, Turb=2.70NTU, Cond=1151.33µS/cm
📤 Capteur Rivière Est: pH=7.60, Temp=21.40°C, Turb=1.30NTU, Cond=1545.93µS/cm
📤 Capteur Rivière Nord: pH=7.50, Temp=13.72°C, Turb=2.61NTU, Cond=610.49µS/cm
📤 Capteur Rivière Sud: pH=7.02, Temp=16.38°C, Turb=2.84NTU, Cond=1087.13µS/cm
📤 Capteur Rivière Est: pH=7.46, Temp=19.54°C, Turb=1.87NTU, Cond=1489.16µS/cm
📤 Capteur Rivière Nord: pH=6.96, Temp=14.58°C, Turb=2.75NTU, Cond=937.75µS/cm
📤 Capteur Rivière Sud: pH=6.92, Temp=19.34°C, Turb=3.16NTU, Cond=1044.30µS/cm
📤 Capteur Rivière Est: pH=7.68, Temp=18.22°C, Turb=2.27NTU, Cond=1651.69µS/cm
📤 Capteur Rivière Nord: pH=7.02, Temp=13.20°C, Turb=2.62NTU, Cond=934.10µS/cm
📤 Capteur Rivière Sud: pH=7.19, Temp=19.88°C, Turb=2.61NTU, Cond=1158.77µS/cm
📤 Capteur Rivière Est: pH=7.26, Temp=18.05°C, Turb=2.01NTU, Cond=1570.70µS/cm
📤 Capteur Rivière Nord: pH=6.92, Temp=14.10°C, Turb=2.24NTU, Cond=673.87µS/cm
📤 Capteur Rivière Sud: pH=7.09, Temp=17.41°C, Turb=3.49NTU, Cond=1394.61µS/cm
📤 Capteur Rivière Est: pH=7.64, Temp=21.85°C, Turb=1.64NTU, Cond=1461.73µS/cm
📤 Capteur Rivière Nord: pH=7.30, Temp=14.85°C, Turb=2.67NTU, Cond=740.57µS/cm
📤 Capteur Rivière Sud: pH=7.28, Temp=18.29°C, Turb=3.27NTU, Cond=1038.87µS/cm
📤 Capteur Rivière Est: pH=7.72, Temp=19.96°C, Turb=1.55NTU, Cond=1418.23µS/cm
📤 Capteur Rivière Nord: pH=7.19, Temp=15.22°C, Turb=2.43NTU, Cond=647.20µS/cm
📤 Capteur Rivière Sud: pH=7.26, Temp=18.38°C, Turb=2.65NTU, Cond=1375.57µS/cm
📤 Capteur Rivière Est: pH=7.77, Temp=21.68°C, Turb=2.28NTU, Cond=1698.68µS/cm
📤 Capteur Rivière Nord: pH=6.95, Temp=14.75°C, Turb=2.35NTU, Cond=820.62µS/cm
📤 Capteur Rivière Sud: pH=7.19, Temp=18.66°C, Turb=3.43NTU, Cond=1181.26µS/cm
📤 Capteur Rivière Est: pH=7.22, Temp=19.09°C, Turb=1.79NTU, Cond=1686.11µS/cm
📤 Capteur Rivière Nord: pH=7.07, Temp=13.62°C, Turb=2.80NTU, Cond=930.03µS/cm
📤 Capteur Rivière Sud: pH=7.18, Temp=17.77°C, Turb=2.87NTU, Cond=1177.41µS/cm
📤 Capteur Rivière Est: pH=7.62, Temp=19.63°C, Turb=1.86NTU, Cond=1543.61µS/cm
📤 Capteur Rivière Nord: pH=7.13, Temp=13.74°C, Turb=2.75NTU, Cond=768.47µS/cm
📤 Capteur Rivière Sud: pH=7.05, Temp=17.35°C, Turb=3.00NTU, Cond=1206.06µS/cm
📤 Capteur Rivière Est: pH=7.48, Temp=20.23°C, Turb=2.06NTU, Cond=1689.78µS/cm
📤 Capteur Rivière Nord: pH=4.10, Temp=14.60°C, Turb=2.92NTU, Cond=691.27µS/cm
📤 Capteur Rivière Sud: pH=6.73, Temp=17.12°C, Turb=3.35NTU, Cond=1168.74µS/cm
📤 Capteur Rivière Est: pH=7.40, Temp=20.26°C, Turb=1.69NTU, Cond=1593.71µS/cm
📤 Capteur Rivière Nord: pH=7.15, Temp=16.18°C, Turb=2.17NTU, Cond=661.18µS/cm
📤 Capteur Rivière Sud: pH=6.73, Temp=16.17°C, Turb=3.20NTU, Cond=1128.40µS/cm
📤 Capteur Rivière Est: pH=7.50, Temp=20.43°C, Turb=2.29NTU, Cond=1352.88µS/cm
📤 Capteur Rivière Nord: pH=7.17, Temp=14.00°C, Turb=2.83NTU, Cond=752.00µS/cm
📤 Capteur Rivière Sud: pH=6.83, Temp=18.78°C, Turb=3.18NTU, Cond=1143.21µS/cm
📤 Capteur Rivière Est: pH=7.72, Temp=19.55°C, Turb=1.95NTU, Cond=1607.87µS/cm
📤 Capteur Rivière Nord: pH=7.26, Temp=13.69°C, Turb=2.35NTU, Cond=714.37µS/cm
📤 Capteur Rivière Sud: pH=6.83, Temp=18.60°C, Turb=2.57NTU, Cond=1281.97µS/cm
📤 Capteur Rivière Est: pH=7.78, Temp=20.79°C, Turb=2.04NTU, Cond=1508.28µS/cm
📤 Capteur Rivière Nord: pH=7.08, Temp=15.40°C, Turb=2.47NTU, Cond=927.73µS/cm
📤 Capteur Rivière Sud: pH=7.20, Temp=16.32°C, Turb=3.14NTU, Cond=1102.76µS/cm
📤 Capteur Rivière Est: pH=7.77, Temp=19.27°C, Turb=2.12NTU, Cond=1554.98µS/cm
📤 Capteur Rivière Nord: pH=7.00, Temp=16.06°C, Turb=2.79NTU, Cond=892.85µS/cm
📤 Capteur Rivière Sud: pH=7.04, Temp=17.65°C, Turb=2.96NTU, Cond=1229.81µS/cm
📤 Capteur Rivière Est: pH=7.61, Temp=18.81°C, Turb=2.22NTU, Cond=1522.03µS/cm
📤 Capteur Rivière Nord: pH=7.00, Temp=16.59°C, Turb=2.37NTU, Cond=948.75µS/cm
📤 Capteur Rivière Sud: pH=6.89, Temp=19.69°C, Turb=2.59NTU, Cond=1316.95µS/cm
📤 Capteur Rivière Est: pH=7.49, Temp=19.31°C, Turb=2.16NTU, Cond=1628.07µS/cm
📤 Capteur Rivière Nord: pH=7.44, Temp=16.02°C, Turb=2.29NTU, Cond=640.15µS/cm
📤 Capteur Rivière Sud: pH=6.79, Temp=19.83°C, Turb=2.52NTU, Cond=1057.73µS/cm
📤 Capteur Rivière Est: pH=7.35, Temp=19.78°C, Turb=1.70NTU, Cond=1426.20µS/cm
📤 Capteur Rivière Nord: pH=6.92, Temp=13.88°C, Turb=2.79NTU, Cond=837.58µS/cm
📤 Capteur Rivière Sud: pH=6.91, Temp=19.82°C, Turb=3.09NTU, Cond=1287.51µS/cm
📤 Capteur Rivière Est: pH=7.56, Temp=19.70°C, Turb=1.76NTU, Cond=1528.83µS/cm
📤 Capteur Rivière Nord: pH=7.48, Temp=15.45°C, Turb=2.43NTU, Cond=812.21µS/cm
📤 Capteur Rivière Sud: pH=6.71, Temp=16.16°C, Turb=2.84NTU, Cond=1239.94µS/cm
📤 Capteur Rivière Est: pH=7.49, Temp=21.85°C, Turb=1.81NTU, Cond=1369.73µS/cm
📤 Capteur Rivière Nord: pH=7.32, Temp=14.63°C, Turb=2.04NTU, Cond=841.32µS/cm
📤 Capteur Rivière Sud: pH=6.91, Temp=19.81°C, Turb=2.99NTU, Cond=1226.13µS/cm
📤 Capteur Rivière Est: pH=7.56, Temp=18.78°C, Turb=1.50NTU, Cond=1371.59µS/cm
📤 Capteur Rivière Nord: pH=7.50, Temp=16.22°C, Turb=2.09NTU, Cond=968.47µS/cm
📤 Capteur Rivière Sud: pH=7.15, Temp=19.58°C, Turb=3.12NTU, Cond=1002.00µS/cm
📤 Capteur Rivière Est: pH=7.56, Temp=19.04°C, Turb=2.15NTU, Cond=1693.46µS/cm
📤 Capteur Rivière Nord: pH=7.18, Temp=14.87°C, Turb=2.37NTU, Cond=636.62µS/cm
📤 Capteur Rivière Sud: pH=6.88, Temp=16.06°C, Turb=2.99NTU, Cond=1249.70µS/cm
📤 Capteur Rivière Est: pH=7.46, Temp=21.50°C, Turb=2.11NTU, Cond=1466.88µS/cm
📤 Capteur Rivière Nord: pH=7.08, Temp=14.15°C, Turb=2.65NTU, Cond=624.51µS/cm
📤 Capteur Rivière Sud: pH=7.26, Temp=19.89°C, Turb=3.16NTU, Cond=1037.84µS/cm
📤 Capteur Rivière Est: pH=7.64, Temp=19.29°C, Turb=1.46NTU, Cond=1521.45µS/cm
📤 Capteur Rivière Nord: pH=6.91, Temp=13.35°C, Turb=2.30NTU, Cond=803.56µS/cm
📤 Capteur Rivière Sud: pH=7.09, Temp=18.51°C, Turb=3.39NTU, Cond=1396.49µS/cm
📤 Capteur Rivière Est: pH=7.39, Temp=18.81°C, Turb=1.76NTU, Cond=1429.87µS/cm
📤 Capteur Rivière Nord: pH=7.18, Temp=14.83°C, Turb=2.91NTU, Cond=846.64µS/cm
📤 Capteur Rivière Sud: pH=6.81, Temp=16.42°C, Turb=2.86NTU, Cond=1240.40µS/cm
📤 Capteur Rivière Est: pH=7.77, Temp=20.74°C, Turb=1.70NTU, Cond=1481.63µS/cm
📤 Capteur Rivière Nord: pH=7.04, Temp=15.26°C, Turb=2.63NTU, Cond=927.48µS/cm
📤 Capteur Rivière Sud: pH=7.14, Temp=19.21°C, Turb=2.50NTU, Cond=1091.00µS/cm
📤 Capteur Rivière Est: pH=7.33, Temp=18.94°C, Turb=2.09NTU, Cond=1609.95µS/cm
📤 Capteur Rivière Nord: pH=6.95, Temp=16.16°C, Turb=2.27NTU, Cond=795.80µS/cm
📤 Capteur Rivière Sud: pH=7.14, Temp=18.30°C, Turb=2.54NTU, Cond=1171.00µS/cm
📤 Capteur Rivière Est: pH=7.77, Temp=21.55°C, Turb=2.14NTU, Cond=1302.42µS/cm
📤 Capteur Rivière Nord: pH=6.95, Temp=15.55°C, Turb=11.70NTU, Cond=958.56µS/cm
📤 Capteur Rivière Sud: pH=6.76, Temp=18.48°C, Turb=2.82NTU, Cond=1101.60µS/cm
📤 Capteur Rivière Est: pH=7.55, Temp=21.36°C, Turb=2.08NTU, Cond=1625.75µS/cm
📤 Capteur Rivière Nord: pH=7.39, Temp=16.76°C, Turb=2.30NTU, Cond=951.36µS/cm
📤 Capteur Rivière Sud: pH=7.29, Temp=16.06°C, Turb=3.34NTU, Cond=1186.01µS/cm
📤 Capteur Rivière Est: pH=7.48, Temp=18.34°C, Turb=1.42NTU, Cond=1335.63µS/cm
📤 Capteur Rivière Nord: pH=7.25, Temp=14.57°C, Turb=2.46NTU, Cond=882.48µS/cm
📤 Capteur Rivière Sud: pH=7.18, Temp=18.29°C, Turb=3.36NTU, Cond=1351.64µS/cm
📤 Capteur Rivière Est: pH=7.55, Temp=19.35°C, Turb=1.48NTU, Cond=1529.90µS/cm
📤 Capteur Rivière Nord: pH=7.13, Temp=14.54°C, Turb=2.10NTU, Cond=664.75µS/cm
📤 Capteur Rivière Sud: pH=7.05, Temp=17.96°C, Turb=2.57NTU, Cond=1158.96µS/cm
📤 Capteur Rivière Est: pH=7.64, Temp=21.84°C, Turb=2.20NTU, Cond=1548.12µS/cm
📤 Capteur Rivière Nord: pH=7.37, Temp=-0.50°C, Turb=2.25NTU, Cond=867.15µS/cm
📤 Capteur Rivière Sud: pH=7.10, Temp=19.85°C, Turb=3.04NTU, Cond=1143.01µS/cm
📤 Capteur Rivière Est: pH=7.27, Temp=18.67°C, Turb=1.66NTU, Cond=1385.80µS/cm
📤 Capteur Rivière Nord: pH=7.08, Temp=16.34°C, Turb=2.39NTU, Cond=732.27µS/cm
📤 Capteur Rivière Sud: pH=6.89, Temp=17.41°C, Turb=2.68NTU, Cond=1281.55µS/cm
📤 Capteur Rivière Est: pH=7.51, Temp=20.83°C, Turb=2.15NTU, Cond=1482.05µS/cm
📤 Capteur Rivière Nord: pH=6.95, Temp=14.35°C, Turb=2.66NTU, Cond=954.42µS/cm
📤 Capteur Rivière Sud: pH=7.18, Temp=18.62°C, Turb=2.93NTU, Cond=1210.64µS/cm
📤 Capteur Rivière Est: pH=7.73, Temp=18.66°C, Turb=1.97NTU, Cond=1315.70µS/cm
📤 Capteur Rivière Nord: pH=7.37, Temp=16.21°C, Turb=2.54NTU, Cond=864.52µS/cm
📤 Capteur Rivière Sud: pH=6.72, Temp=16.50°C, Turb=2.97NTU, Cond=1321.79µS/cm
📤 Capteur Rivière Est: pH=7.51, Temp=20.94°C, Turb=2.00NTU, Cond=1661.40µS/cm
📤 Capteur Rivière Nord: pH=7.33, Temp=16.54°C, Turb=2.45NTU, Cond=879.14µS/cm
📤 Capteur Rivière Sud: pH=7.24, Temp=17.61°C, Turb=2.77NTU, Cond=1162.56µS/cm
📤 Capteur Rivière Est: pH=7.46, Temp=21.37°C, Turb=1.34NTU, Cond=1357.59µS/cm
📤 Capteur Rivière Nord: pH=6.91, Temp=16.17°C, Turb=2.30NTU, Cond=868.15µS/cm
📤 Capteur Rivière Sud: pH=6.87, Temp=19.98°C, Turb=2.74NTU, Cond=1095.79µS/cm
📤 Capteur Rivière Est: pH=7.68, Temp=21.51°C, Turb=1.70NTU, Cond=1640.99µS/cm
📤 Capteur Rivière Nord: pH=7.34, Temp=14.77°C, Turb=2.58NTU, Cond=783.56µS/cm
📤 Capteur Rivière Sud: pH=7.25, Temp=18.11°C, Turb=2.55NTU, Cond=1077.59µS/cm
📤 Capteur Rivière Est: pH=7.70, Temp=18.52°C, Turb=2.06NTU, Cond=1407.47µS/cm
📤 Capteur Rivière Nord: pH=7.05, Temp=15.36°C, Turb=2.40NTU, Cond=921.43µS/cm
📤 Capteur Rivière Sud: pH=6.82, Temp=19.11°C, Turb=2.85NTU, Cond=1042.64µS/cm
📤 Capteur Rivière Est: pH=7.28, Temp=21.84°C, Turb=2.03NTU, Cond=1573.12µS/cm
📤 Capteur Rivière Nord: pH=6.96, Temp=13.53°C, Turb=2.19NTU, Cond=751.47µS/cm
📤 Capteur Rivière Sud: pH=7.26, Temp=17.90°C, Turb=3.17NTU, Cond=1301.42µS/cm
📤 Capteur Rivière Est: pH=7.68, Temp=18.95°C, Turb=1.92NTU, Cond=1526.65µS/cm
📤 Capteur Rivière Nord: pH=7.13, Temp=14.67°C, Turb=2.58NTU, Cond=618.13µS/cm
📤 Capteur Rivière Sud: pH=7.03, Temp=16.91°C, Turb=2.97NTU, Cond=1014.01µS/cm
📤 Capteur Rivière Est: pH=7.40, Temp=18.56°C, Turb=1.91NTU, Cond=1508.41µS/cm
📤 Capteur Rivière Nord: pH=7.42, Temp=13.30°C, Turb=2.02NTU, Cond=904.46µS/cm
📤 Capteur Rivière Sud: pH=6.72, Temp=18.33°C, Turb=3.00NTU, Cond=1006.76µS/cm
📤 Capteur Rivière Est: pH=7.39, Temp=20.36°C, Turb=1.35NTU, Cond=1697.20µS/cm
📤 Capteur Rivière Nord: pH=7.42, Temp=14.66°C, Turb=2.70NTU, Cond=761.79µS/cm
📤 Capteur Rivière Sud: pH=6.80, Temp=19.11°C, Turb=2.57NTU, Cond=1101.92µS/cm
📤 Capteur Rivière Est: pH=7.43, Temp=19.92°C, Turb=2.19NTU, Cond=1665.40µS/cm
📤 Capteur Rivière Nord: pH=7.44, Temp=13.36°C, Turb=2.77NTU, Cond=966.14µS/cm
📤 Capteur Rivière Sud: pH=7.03, Temp=19.32°C, Turb=3.06NTU, Cond=1031.88µS/cm
📤 Capteur Rivière Est: pH=7.30, Temp=21.36°C, Turb=1.61NTU, Cond=1552.30µS/cm
📤 Capteur Rivière Nord: pH=7.05, Temp=16.41°C, Turb=2.29NTU, Cond=990.83µS/cm
📤 Capteur Rivière Sud: pH=7.08, Temp=16.18°C, Turb=3.41NTU, Cond=1093.23µS/cm
📤 Capteur Rivière Est: pH=7.33, Temp=21.33°C, Turb=2.09NTU, Cond=1493.82µS/cm
📤 Capteur Rivière Nord: pH=7.20, Temp=16.21°C, Turb=2.49NTU, Cond=703.20µS/cm
📤 Capteur Rivière Sud: pH=7.10, Temp=18.90°C, Turb=2.60NTU, Cond=1324.16µS/cm
📤 Capteur Rivière Est: pH=7.45, Temp=21.94°C, Turb=1.31NTU, Cond=1355.68µS/cm
📤 Capteur Rivière Nord: pH=7.19, Temp=15.80°C, Turb=3.00NTU, Cond=670.48µS/cm
📤 Capteur Rivière Sud: pH=7.26, Temp=17.59°C, Turb=3.42NTU, Cond=1121.30µS/cm
📤 Capteur Rivière Est: pH=7.77, Temp=18.78°C, Turb=1.69NTU, Cond=1558.34µS/cm
📤 Capteur Rivière Nord: pH=7.33, Temp=13.81°C, Turb=2.98NTU, Cond=836.08µS/cm
📤 Capteur Rivière Sud: pH=7.07, Temp=17.51°C, Turb=3.38NTU, Cond=1285.12µS/cm
📤 Capteur Rivière Est: pH=7.25, Temp=21.14°C, Turb=1.88NTU, Cond=1573.81µS/cm
📤 Capteur Rivière Nord: pH=7.40, Temp=14.78°C, Turb=2.12NTU, Cond=913.01µS/cm
📤 Capteur Rivière Sud: pH=6.83, Temp=16.20°C, Turb=13.88NTU, Cond=1096.23µS/cm
📤 Capteur Rivière Est: pH=7.32, Temp=21.52°C, Turb=2.03NTU, Cond=1500.15µS/cm
📤 Capteur Rivière Nord: pH=7.01, Temp=14.18°C, Turb=2.44NTU, Cond=922.58µS/cm
📤 Capteur Rivière Sud: pH=6.71, Temp=17.23°C, Turb=3.42NTU, Cond=1263.73µS/cm
📤 Capteur Rivière Est: pH=7.29, Temp=20.60°C, Turb=1.62NTU, Cond=1380.98µS/cm
📤 Capteur Rivière Nord: pH=7.02, Temp=13.93°C, Turb=2.69NTU, Cond=698.56µS/cm
📤 Capteur Rivière Sud: pH=7.07, Temp=16.00°C, Turb=2.96NTU, Cond=1000.99µS/cm
📤 Capteur Rivière Est: pH=7.54, Temp=20.52°C, Turb=1.49NTU, Cond=1645.55µS/cm
📤 Capteur Rivière Nord: pH=7.12, Temp=14.46°C, Turb=2.85NTU, Cond=954.87µS/cm
📤 Capteur Rivière Sud: pH=7.11, Temp=17.00°C, Turb=3.30NTU, Cond=1072.28µS/cm
📤 Capteur Rivière Est: pH=7.52, Temp=19.55°C, Turb=2.25NTU, Cond=1305.70µS/cm
📤 Capteur Rivière Nord: pH=7.06, Temp=13.79°C, Turb=2.22NTU, Cond=701.93µS/cm
📤 Capteur Rivière Sud: pH=6.80, Temp=18.43°C, Turb=3.34NTU, Cond=1019.91µS/cm
📤 Capteur Rivière Est: pH=7.61, Temp=21.17°C, Turb=2.22NTU, Cond=1413.57µS/cm
📤 Capteur Rivière Nord: pH=7.00, Temp=15.97°C, Turb=2.34NTU, Cond=997.63µS/cm
📤 Capteur Rivière Sud: pH=7.21, Temp=19.57°C, Turb=2.58NTU, Cond=1272.23µS/cm
📤 Capteur Rivière Est: pH=7.36, Temp=21.68°C, Turb=1.55NTU, Cond=1390.86µS/cm
📤 Capteur Rivière Nord: pH=6.99, Temp=14.98°C, Turb=2.06NTU, Cond=767.27µS/cm
📤 Capteur Rivière Sud: pH=6.70, Temp=18.45°C, Turb=12.18NTU, Cond=1316.52µS/cm
📤 Capteur Rivière Est: pH=7.64, Temp=19.24°C, Turb=2.11NTU, Cond=1645.29µS/cm
📤 Capteur Rivière Nord: pH=7.27, Temp=14.48°C, Turb=2.46NTU, Cond=626.03µS/cm
📤 Capteur Rivière Sud: pH=6.81, Temp=17.45°C, Turb=2.62NTU, Cond=1324.12µS/cm
📤 Capteur Rivière Est: pH=7.43, Temp=20.50°C, Turb=1.31NTU, Cond=1496.46µS/cm
📤 Capteur Rivière Nord: pH=7.46, Temp=14.61°C, Turb=2.63NTU, Cond=616.99µS/cm
📤 Capteur Rivière Sud: pH=7.11, Temp=18.04°C, Turb=2.96NTU, Cond=1203.18µS/cm
📤 Capteur Rivière Est: pH=7.26, Temp=21.37°C, Turb=1.32NTU, Cond=1388.29µS/cm
📤 Capteur Rivière Nord: pH=7.17, Temp=16.40°C, Turb=2.24NTU, Cond=650.62µS/cm
📤 Capteur Rivière Sud: pH=6.98, Temp=16.72°C, Turb=3.13NTU, Cond=1065.94µS/cm
📤 Capteur Rivière Est: pH=7.24, Temp=19.64°C, Turb=1.40NTU, Cond=1425.75µS/cm
📤 Capteur Rivière Nord: pH=7.08, Temp=14.17°C, Turb=3.00NTU, Cond=733.22µS/cm
📤 Capteur Rivière Sud: pH=7.14, Temp=16.87°C, Turb=3.13NTU, Cond=1385.76µS/cm
📤 Capteur Rivière Est: pH=7.65, Temp=21.02°C, Turb=2.08NTU, Cond=1588.95µS/cm
📤 Capteur Rivière Nord: pH=7.13, Temp=15.47°C, Turb=2.22NTU, Cond=813.93µS/cm
📤 Capteur Rivière Sud: pH=6.76, Temp=16.58°C, Turb=2.54NTU, Cond=1112.63µS/cm
📤 Capteur Rivière Est: pH=7.46, Temp=20.06°C, Turb=1.68NTU, Cond=1348.70µS/cm
📤 Capteur Rivière Nord: pH=7.05, Temp=16.09°C, Turb=2.89NTU, Cond=747.92µS/cm
📤 Capteur Rivière Sud: pH=6.70, Temp=19.69°C, Turb=2.75NTU, Cond=1066.62µS/cm
📤 Capteur Rivière Est: pH=7.40, Temp=18.65°C, Turb=1.83NTU, Cond=1578.10µS/cm
📤 Capteur Rivière Nord: pH=7.23, Temp=14.37°C, Turb=2.21NTU, Cond=858.18µS/cm
📤 Capteur Rivière Sud: pH=6.85, Temp=18.46°C, Turb=3.12NTU, Cond=1253.84µS/cm
📤 Capteur Rivière Est: pH=7.51, Temp=21.01°C, Turb=1.92NTU, Cond=1333.08µS/cm
📤 Capteur Rivière Nord: pH=7.34, Temp=15.21°C, Turb=2.16NTU, Cond=825.22µS/cm
📤 Capteur Rivière Sud: pH=6.95, Temp=16.77°C, Turb=2.97NTU, Cond=1035.89µS/cm
📤 Capteur Rivière Est: pH=7.57, Temp=19.40°C, Turb=1.79NTU, Cond=1617.40µS/cm
📤 Capteur Rivière Nord: pH=7.46, Temp=14.71°C, Turb=2.69NTU, Cond=979.28µS/cm
📤 Capteur Rivière Sud: pH=7.13, Temp=17.96°C, Turb=2.90NTU, Cond=1087.51µS/cm
📤 Capteur Rivière Est: pH=7.47, Temp=21.19°C, Turb=2.05NTU, Cond=1307.17µS/cm
📤 Capteur Rivière Nord: pH=7.29, Temp=15.69°C, Turb=2.31NTU, Cond=605.31µS/cm
📤 Capteur Rivière Sud: pH=6.92, Temp=16.18°C, Turb=3.47NTU, Cond=1330.14µS/cm
📤 Capteur Rivière Est: pH=7.78, Temp=18.91°C, Turb=2.09NTU, Cond=1414.01µS/cm
📤 Capteur Rivière Nord: pH=7.01, Temp=16.22°C, Turb=2.89NTU, Cond=690.12µS/cm
📤 Capteur Rivière Sud: pH=7.17, Temp=19.51°C, Turb=3.50NTU, Cond=1393.80µS/cm
📤 Capteur Rivière Est: pH=7.33, Temp=18.16°C, Turb=1.84NTU, Cond=1609.08µS/cm
📤 Capteur Rivière Nord: pH=7.20, Temp=13.99°C, Turb=2.40NTU, Cond=735.27µS/cm
📤 Capteur Rivière Sud: pH=7.27, Temp=16.66°C, Turb=3.05NTU, Cond=1334.56µS/cm
📤 Capteur Rivière Est: pH=7.41, Temp=19.98°C, Turb=1.94NTU, Cond=1638.08µS/cm
📤 Capteur Rivière Nord: pH=7.26, Temp=14.00°C, Turb=2.50NTU, Cond=987.74µS/cm
📤 Capteur Rivière Sud: pH=6.90, Temp=16.09°C, Turb=2.83NTU, Cond=1153.28µS/cm
📤 Capteur Rivière Est: pH=7.49, Temp=20.53°C, Turb=2.14NTU, Cond=1695.70µS/cm
📤 Capteur Rivière Nord: pH=7.35, Temp=13.11°C, Turb=2.11NTU, Cond=648.30µS/cm
📤 Capteur Rivière Sud: pH=6.74, Temp=18.77°C, Turb=2.90NTU, Cond=1080.15µS/cm
📤 Capteur Rivière Est: pH=7.39, Temp=20.73°C, Turb=2.01NTU, Cond=1367.46µS/cm
📤 Capteur Rivière Nord: pH=7.23, Temp=13.73°C, Turb=2.20NTU, Cond=659.06µS/cm
📤 Capteur Rivière Sud: pH=6.72, Temp=16.75°C, Turb=3.39NTU, Cond=1375.80µS/cm
📤 Capteur Rivière Est: pH=7.64, Temp=19.91°C, Turb=2.09NTU, Cond=1610.41µS/cm
📤 Capteur Rivière Nord: pH=7.19, Temp=13.01°C, Turb=2.64NTU, Cond=729.93µS/cm
📤 Capteur Rivière Sud: pH=6.84, Temp=17.79°C, Turb=2.81NTU, Cond=1061.69µS/cm
📤 Capteur Rivière Est: pH=7.75, Temp=21.45°C, Turb=1.47NTU, Cond=1579.21µS/cm
📤 Capteur Rivière Nord: pH=7.15, Temp=16.49°C, Turb=2.23NTU, Cond=731.61µS/cm
📤 Capteur Rivière Sud: pH=7.23, Temp=17.32°C, Turb=2.82NTU, Cond=1146.29µS/cm
📤 Capteur Rivière Est: pH=7.35, Temp=20.68°C, Turb=1.43NTU, Cond=1498.62µS/cm
📤 Capteur Rivière Nord: pH=7.09, Temp=14.76°C, Turb=2.10NTU, Cond=692.31µS/cm
📤 Capteur Rivière Sud: pH=6.91, Temp=19.10°C, Turb=2.83NTU, Cond=1181.05µS/cm
📤 Capteur Rivière Est: pH=7.52, Temp=18.61°C, Turb=1.83NTU, Cond=1490.70µS/cm
📤 Capteur Rivière Nord: pH=6.96, Temp=13.25°C, Turb=2.08NTU, Cond=706.51µS/cm
📤 Capteur Rivière Sud: pH=9.25, Temp=16.36°C, Turb=2.69NTU, Cond=1134.23µS/cm
📤 Capteur Rivière Est: pH=7.43, Temp=18.87°C, Turb=1.68NTU, Cond=1422.26µS/cm
📤 Capteur Rivière Nord: pH=6.95, Temp=13.75°C, Turb=2.61NTU, Cond=717.03µS/cm
📤 Capteur Rivière Sud: pH=6.87, Temp=19.97°C, Turb=2.97NTU, Cond=1306.37µS/cm
📤 Capteur Rivière Est: pH=7.68, Temp=20.98°C, Turb=1.90NTU, Cond=1666.05µS/cm
📤 Capteur Rivière Nord: pH=6.90, Temp=13.77°C, Turb=2.28NTU, Cond=842.55µS/cm
📤 Capteur Rivière Sud: pH=7.09, Temp=19.43°C, Turb=2.89NTU, Cond=1013.25µS/cm
📤 Capteur Rivière Est: pH=7.45, Temp=21.91°C, Turb=1.89NTU, Cond=1452.71µS/cm
📤 Capteur Rivière Nord: pH=7.18, Temp=15.26°C, Turb=2.00NTU, Cond=911.87µS/cm
📤 Capteur Rivière Sud: pH=6.78, Temp=17.62°C, Turb=3.19NTU, Cond=1233.21µS/cm
📤 Capteur Rivière Est: pH=7.40, Temp=20.81°C, Turb=1.54NTU, Cond=1595.02µS/cm
📤 Capteur Rivière Nord: pH=7.27, Temp=13.91°C, Turb=2.28NTU, Cond=901.40µS/cm
📤 Capteur Rivière Sud: pH=7.02, Temp=17.65°C, Turb=3.25NTU, Cond=1186.60µS/cm
📤 Capteur Rivière Est: pH=7.46, Temp=20.08°C, Turb=1.58NTU, Cond=1511.29µS/cm
📤 Capteur Rivière Nord: pH=7.11, Temp=13.73°C, Turb=2.09NTU, Cond=929.35µS/cm
📤 Capteur Rivière Sud: pH=7.14, Temp=19.89°C, Turb=2.57NTU, Cond=1386.07µS/cm
📤 Capteur Rivière Est: pH=7.75, Temp=19.87°C, Turb=2.21NTU, Cond=1363.49µS/cm
📤 Capteur Rivière Nord: pH=7.44, Temp=15.60°C, Turb=2.46NTU, Cond=931.57µS/cm
📤 Capteur Rivière Sud: pH=7.19, Temp=18.10°C, Turb=2.99NTU, Cond=1006.17µS/cm
📤 Capteur Rivière Est: pH=7.50, Temp=19.00°C, Turb=1.32NTU, Cond=1696.72µS/cm
📤 Capteur Rivière Nord: pH=7.36, Temp=14.83°C, Turb=2.73NTU, Cond=620.61µS/cm
📤 Capteur Rivière Sud: pH=6.86, Temp=18.70°C, Turb=3.21NTU, Cond=1316.08µS/cm
📤 Capteur Rivière Est: pH=7.30, Temp=19.70°C, Turb=1.85NTU, Cond=1325.04µS/cm
📤 Capteur Rivière Nord: pH=7.23, Temp=16.62°C, Turb=2.86NTU, Cond=879.88µS/cm
📤 Capteur Rivière Sud: pH=7.15, Temp=18.24°C, Turb=9.18NTU, Cond=1163.45µS/cm
📤 Capteur Rivière Est: pH=7.40, Temp=18.79°C, Turb=1.80NTU, Cond=1318.30µS/cm
📤 Capteur Rivière Nord: pH=7.35, Temp=15.31°C, Turb=2.61NTU, Cond=862.66µS/cm
📤 Capteur Rivière Sud: pH=6.88, Temp=18.30°C, Turb=2.64NTU, Cond=3506.81µS/cm
📤 Capteur Rivière Est: pH=7.32, Temp=19.94°C, Turb=1.68NTU, Cond=1608.46µS/cm
📤 Capteur Rivière Nord: pH=7.35, Temp=15.25°C, Turb=2.47NTU, Cond=833.79µS/cm
📤 Capteur Rivière Sud: pH=6.84, Temp=18.59°C, Turb=3.36NTU, Cond=1048.37µS/cm
📤 Capteur Rivière Est: pH=7.58, Temp=19.15°C, Turb=1.74NTU, Cond=1645.29µS/cm
📤 Capteur Rivière Nord: pH=7.13, Temp=13.85°C, Turb=2.64NTU, Cond=940.49µS/cm
📤 Capteur Rivière Sud: pH=6.71, Temp=16.85°C, Turb=3.22NTU, Cond=1281.21µS/cm
📤 Capteur Rivière Est: pH=7.21, Temp=18.53°C, Turb=1.93NTU, Cond=1595.20µS/cm
📤 Capteur Rivière Nord: pH=7.11, Temp=14.43°C, Turb=2.81NTU, Cond=636.43µS/cm
📤 Capteur Rivière Sud: pH=6.87, Temp=19.19°C, Turb=3.10NTU, Cond=1100.66µS/cm
📤 Capteur Rivière Est: pH=7.76, Temp=18.08°C, Turb=1.46NTU, Cond=1572.04µS/cm
📤 Capteur Rivière Nord: pH=7.11, Temp=15.12°C, Turb=2.75NTU, Cond=883.61µS/cm
📤 Capteur Rivière Sud: pH=7.02, Temp=17.41°C, Turb=3.50NTU, Cond=1258.15µS/cm
📤 Capteur Rivière Est: pH=7.29, Temp=18.41°C, Turb=1.79NTU, Cond=1307.67µS/cm
📤 Capteur Rivière Nord: pH=7.42, Temp=14.88°C, Turb=3.00NTU, Cond=975.06µS/cm
📤 Capteur Rivière Sud: pH=6.73, Temp=19.55°C, Turb=3.40NTU, Cond=1118.58µS/cm
📤 Capteur Rivière Est: pH=7.63, Temp=21.05°C, Turb=1.52NTU, Cond=1550.36µS/cm
📤 Capteur Rivière Nord: pH=7.18, Temp=15.32°C, Turb=2.99NTU, Cond=647.02µS/cm
📤 Capteur Rivière Sud: pH=6.97, Temp=16.34°C, Turb=2.95NTU, Cond=1060.06µS/cm
📤 Capteur Rivière Est: pH=7.53, Temp=18.58°C, Turb=1.82NTU, Cond=1371.44µS/cm
📤 Capteur Rivière Nord: pH=7.28, Temp=15.10°C, Turb=2.62NTU, Cond=882.74µS/cm
📤 Capteur Rivière Sud: pH=4.33, Temp=16.43°C, Turb=3.13NTU, Cond=1378.55µS/cm
📤 Capteur Rivière Est: pH=7.58, Temp=18.39°C, Turb=1.74NTU, Cond=1315.51µS/cm
📤 Capteur Rivière Nord: pH=7.02, Temp=15.60°C, Turb=2.69NTU, Cond=879.68µS/cm
📤 Capteur Rivière Sud: pH=6.88, Temp=17.25°C, Turb=3.08NTU, Cond=1239.81µS/cm
📤 Capteur Rivière Est: pH=7.39, Temp=20.99°C, Turb=1.71NTU, Cond=1519.36µS/cm
📤 Capteur Rivière Nord: pH=7.21, Temp=14.81°C, Turb=2.83NTU, Cond=808.15µS/cm
📤 Capteur Rivière Sud: pH=6.96, Temp=18.36°C, Turb=2.62NTU, Cond=1390.94µS/cm
📤 Capteur Rivière Est: pH=7.26, Temp=20.72°C, Turb=1.95NTU, Cond=1430.32µS/cm
📤 Capteur Rivière Nord: pH=6.94, Temp=15.94°C, Turb=2.35NTU, Cond=999.67µS/cm
📤 Capteur Rivière Sud: pH=7.29, Temp=19.82°C, Turb=3.11NTU, Cond=1300.93µS/cm
📤 Capteur Rivière Est: pH=7.31, Temp=21.76°C, Turb=1.92NTU, Cond=1658.32µS/cm
📤 Capteur Rivière Nord: pH=7.14, Temp=15.51°C, Turb=2.31NTU, Cond=872.99µS/cm
📤 Capteur Rivière Sud: pH=6.91, Temp=18.35°C, Turb=2.88NTU, Cond=1304.51µS/cm
📤 Capteur Rivière Est: pH=7.29, Temp=21.72°C, Turb=2.06NTU, Cond=1557.71µS/cm
📤 Capteur Rivière Nord: pH=7.41, Temp=14.93°C, Turb=2.57NTU, Cond=670.03µS/cm
📤 Capteur Rivière Sud: pH=6.98, Temp=16.29°C, Turb=3.34NTU, Cond=1017.80µS/cm
📤 Capteur Rivière Est: pH=7.59, Temp=21.60°C, Turb=1.38NTU, Cond=1307.93µS/cm
📤 Capteur Rivière Nord: pH=7.18, Temp=15.32°C, Turb=2.57NTU, Cond=739.88µS/cm
📤 Capteur Rivière Sud: pH=6.73, Temp=16.67°C, Turb=3.40NTU, Cond=1314.97µS/cm
📤 Capteur Rivière Est: pH=7.32, Temp=18.26°C, Turb=1.60NTU, Cond=1574.27µS/cm
📤 Capteur Rivière Nord: pH=7.36, Temp=15.24°C, Turb=2.69NTU, Cond=974.49µS/cm
📤 Capteur Rivière Sud: pH=6.91, Temp=16.25°C, Turb=2.75NTU, Cond=1233.67µS/cm
📤 Capteur Rivière Est: pH=7.70, Temp=20.74°C, Turb=1.58NTU, Cond=1320.80µS/cm
📤 Capteur Rivière Nord: pH=7.40, Temp=14.21°C, Turb=2.36NTU, Cond=714.87µS/cm
📤 Capteur Rivière Sud: pH=7.17, Temp=18.53°C, Turb=3.39NTU, Cond=1320.32µS/cm
📤 Capteur Rivière Est: pH=7.39, Temp=21.97°C, Turb=1.80NTU, Cond=1330.16µS/cm
📤 Capteur Rivière Nord: pH=7.05, Temp=14.68°C, Turb=2.22NTU, Cond=935.03µS/cm
📤 Capteur Rivière Sud: pH=6.88, Temp=18.88°C, Turb=3.17NTU, Cond=1191.99µS/cm
📤 Capteur Rivière Est: pH=7.35, Temp=19.59°C, Turb=1.78NTU, Cond=1496.80µS/cm
📤 Capteur Rivière Nord: pH=6.93, Temp=13.41°C, Turb=2.25NTU, Cond=844.48µS/cm
📤 Capteur Rivière Sud: pH=7.17, Temp=17.24°C, Turb=2.60NTU, Cond=1390.37µS/cm
📤 Capteur Rivière Est: pH=7.32, Temp=20.58°C, Turb=1.58NTU, Cond=1309.40µS/cm
📤 Capteur Rivière Nord: pH=7.37, Temp=13.34°C, Turb=2.48NTU, Cond=725.44µS/cm
📤 Capteur Rivière Sud: pH=7.14, Temp=17.30°C, Turb=3.45NTU, Cond=1179.48µS/cm
📤 Capteur Rivière Est: pH=7.47, Temp=19.82°C, Turb=2.11NTU, Cond=1362.93µS/cm
📤 Capteur Rivière Nord: pH=7.10, Temp=16.00°C, Turb=2.72NTU, Cond=697.48µS/cm
📤 Capteur Rivière Sud: pH=7.29, Temp=18.12°C, Turb=2.56NTU, Cond=3556.74µS/cm
📤 Capteur Rivière Est: pH=7.71, Temp=19.69°C, Turb=2.07NTU, Cond=1467.55µS/cm
📤 Capteur Rivière Nord: pH=7.29, Temp=16.37°C, Turb=2.05NTU, Cond=701.31µS/cm
📤 Capteur Rivière Sud: pH=7.10, Temp=19.36°C, Turb=3.31NTU, Cond=1242.79µS/cm
📤 Capteur Rivière Est: pH=7.25, Temp=19.01°C, Turb=1.47NTU, Cond=1466.02µS/cm
📤 Capteur Rivière Nord: pH=7.39, Temp=14.91°C, Turb=2.51NTU, Cond=625.27µS/cm
📤 Capteur Rivière Sud: pH=7.07, Temp=16.96°C, Turb=3.29NTU, Cond=1082.90µS/cm
📤 Capteur Rivière Est: pH=7.32, Temp=21.20°C, Turb=1.87NTU, Cond=1365.90µS/cm
📤 Capteur Rivière Nord: pH=7.12, Temp=13.60°C, Turb=2.79NTU, Cond=624.33µS/cm
📤 Capteur Rivière Sud: pH=7.20, Temp=19.48°C, Turb=3.35NTU, Cond=1005.29µS/cm
📤 Capteur Rivière Est: pH=7.69, Temp=21.19°C, Turb=1.80NTU, Cond=1660.38µS/cm
📤 Capteur Rivière Nord: pH=7.20, Temp=14.51°C, Turb=2.47NTU, Cond=958.74µS/cm
📤 Capteur Rivière Sud: pH=6.85, Temp=17.50°C, Turb=2.51NTU, Cond=1097.66µS/cm
📤 Capteur Rivière Est: pH=7.46, Temp=19.79°C, Turb=1.50NTU, Cond=1688.88µS/cm
📤 Capteur Rivière Nord: pH=6.94, Temp=16.03°C, Turb=2.84NTU, Cond=910.65µS/cm
📤 Capteur Rivière Sud: pH=6.94, Temp=18.44°C, Turb=3.24NTU, Cond=1137.91µS/cm
📤 Capteur Rivière Est: pH=7.41, Temp=21.94°C, Turb=1.32NTU, Cond=1594.02µS/cm
📤 Capteur Rivière Nord: pH=7.23, Temp=15.22°C, Turb=2.92NTU, Cond=908.84µS/cm
📤 Capteur Rivière Sud: pH=7.17, Temp=18.33°C, Turb=11.79NTU, Cond=1274.58µS/cm
📤 Capteur Rivière Est: pH=7.76, Temp=21.82°C, Turb=1.94NTU, Cond=1410.25µS/cm
📤 Capteur Rivière Nord: pH=7.32, Temp=15.70°C, Turb=2.92NTU, Cond=626.83µS/cm
📤 Capteur Rivière Sud: pH=6.75, Temp=17.31°C, Turb=2.51NTU, Cond=1013.25µS/cm
📤 Capteur Rivière Est: pH=7.62, Temp=20.48°C, Turb=2.19NTU, Cond=1403.50µS/cm
📤 Capteur Rivière Nord: pH=7.38, Temp=13.70°C, Turb=12.57NTU, Cond=640.69µS/cm
📤 Capteur Rivière Sud: pH=6.92, Temp=17.78°C, Turb=3.05NTU, Cond=1120.15µS/cm
📤 Capteur Rivière Est: pH=7.52, Temp=19.68°C, Turb=1.79NTU, Cond=1415.23µS/cm
📤 Capteur Rivière Nord: pH=6.91, Temp=13.82°C, Turb=2.33NTU, Cond=867.44µS/cm
📤 Capteur Rivière Sud: pH=7.09, Temp=17.56°C, Turb=2.83NTU, Cond=1019.14µS/cm
📤 Capteur Rivière Est: pH=7.62, Temp=-1.64°C, Turb=1.52NTU, Cond=1510.13µS/cm
📤 Capteur Rivière Nord: pH=7.06, Temp=13.53°C, Turb=2.27NTU, Cond=630.16µS/cm
📤 Capteur Rivière Sud: pH=7.00, Temp=17.31°C, Turb=2.64NTU, Cond=1146.94µS/cm
📤 Capteur Rivière Est: pH=7.54, Temp=20.04°C, Turb=1.87NTU, Cond=1600.16µS/cm
📤 Capteur Rivière Nord: pH=7.33, Temp=15.63°C, Turb=2.12NTU, Cond=4795.84µS/cm
📤 Capteur Rivière Sud: pH=6.99, Temp=17.14°C, Turb=3.30NTU, Cond=1192.18µS/cm
📤 Capteur Rivière Est: pH=7.78, Temp=19.13°C, Turb=2.29NTU, Cond=1436.26µS/cm
📤 Capteur Rivière Nord: pH=7.21, Temp=14.70°C, Turb=2.22NTU, Cond=962.66µS/cm
📤 Capteur Rivière Sud: pH=7.00, Temp=19.16°C, Turb=2.76NTU, Cond=1373.27µS/cm
📤 Capteur Rivière Est: pH=7.69, Temp=18.76°C, Turb=1.76NTU, Cond=1600.88µS/cm
📤 Capteur Rivière Nord: pH=7.21, Temp=14.49°C, Turb=2.55NTU, Cond=885.50µS/cm
📤 Capteur Rivière Sud: pH=6.97, Temp=16.73°C, Turb=2.92NTU, Cond=1117.57µS/cm
📤 Capteur Rivière Est: pH=7.35, Temp=21.40°C, Turb=2.10NTU, Cond=1590.43µS/cm
📤 Capteur Rivière Nord: pH=7.20, Temp=14.65°C, Turb=2.98NTU, Cond=612.67µS/cm
📤 Capteur Rivière Sud: pH=6.70, Temp=18.13°C, Turb=2.63NTU, Cond=1295.66µS/cm
📤 Capteur Rivière Est: pH=7.31, Temp=20.52°C, Turb=1.83NTU, Cond=1396.47µS/cm
📤 Capteur Rivière Nord: pH=7.03, Temp=16.10°C, Turb=2.46NTU, Cond=856.26µS/cm
📤 Capteur Rivière Sud: pH=7.24, Temp=18.66°C, Turb=2.68NTU, Cond=1273.27µS/cm
📤 Capteur Rivière Est: pH=7.31, Temp=21.02°C, Turb=1.82NTU, Cond=1358.82µS/cm
📤 Capteur Rivière Nord: pH=7.07, Temp=16.57°C, Turb=2.75NTU, Cond=981.13µS/cm
📤 Capteur Rivière Sud: pH=7.18, Temp=16.58°C, Turb=2.89NTU, Cond=1270.86µS/cm
📤 Capteur Rivière Est: pH=7.68, Temp=18.56°C, Turb=1.46NTU, Cond=1376.07µS/cm
📤 Capteur Rivière Nord: pH=7.02, Temp=14.56°C, Turb=2.09NTU, Cond=879.20µS/cm
📤 Capteur Rivière Sud: pH=7.27, Temp=16.47°C, Turb=3.38NTU, Cond=1210.32µS/cm
📤 Capteur Rivière Est: pH=7.55, Temp=19.22°C, Turb=1.65NTU, Cond=1660.36µS/cm
📤 Capteur Rivière Nord: pH=7.20, Temp=13.35°C, Turb=2.60NTU, Cond=988.78µS/cm
📤 Capteur Rivière Sud: pH=7.01, Temp=16.72°C, Turb=3.17NTU, Cond=1243.19µS/cm
📤 Capteur Rivière Est: pH=7.46, Temp=20.53°C, Turb=2.26NTU, Cond=1397.13µS/cm
📤 Capteur Rivière Nord: pH=7.45, Temp=16.90°C, Turb=2.51NTU, Cond=645.94µS/cm
📤 Capteur Rivière Sud: pH=6.95, Temp=-0.28°C, Turb=2.55NTU, Cond=1096.98µS/cm
📤 Capteur Rivière Est: pH=7.70, Temp=19.82°C, Turb=1.32NTU, Cond=1592.33µS/cm
📤 Capteur Rivière Nord: pH=7.44, Temp=16.47°C, Turb=2.46NTU, Cond=626.08µS/cm
📤 Capteur Rivière Sud: pH=7.28, Temp=19.35°C, Turb=2.50NTU, Cond=1373.55µS/cm
📤 Capteur Rivière Est: pH=7.44, Temp=21.36°C, Turb=1.70NTU, Cond=1646.77µS/cm
📤 Capteur Rivière Nord: pH=7.44, Temp=15.98°C, Turb=2.90NTU, Cond=722.53µS/cm
📤 Capteur Rivière Sud: pH=7.10, Temp=18.85°C, Turb=2.60NTU, Cond=1348.64µS/cm
📤 Capteur Rivière Est: pH=7.38, Temp=20.85°C, Turb=1.93NTU, Cond=1525.74µS/cm
📤 Capteur Rivière Nord: pH=7.47, Temp=13.63°C, Turb=2.10NTU, Cond=846.39µS/cm
📤 Capteur Rivière Sud: pH=6.91, Temp=18.10°C, Turb=3.26NTU, Cond=1041.25µS/cm
📤 Capteur Rivière Est: pH=7.40, Temp=19.37°C, Turb=1.83NTU, Cond=1403.16µS/cm
📤 Capteur Rivière Nord: pH=7.25, Temp=14.22°C, Turb=2.92NTU, Cond=927.78µS/cm
📤 Capteur Rivière Sud: pH=7.22, Temp=18.96°C, Turb=3.46NTU, Cond=1008.49µS/cm
📤 Capteur Rivière Est: pH=7.72, Temp=21.00°C, Turb=1.85NTU, Cond=1392.69µS/cm
📤 Capteur Rivière Nord: pH=7.08, Temp=13.17°C, Turb=2.65NTU, Cond=728.59µS/cm
📤 Capteur Rivière Sud: pH=6.71, Temp=18.63°C, Turb=2.80NTU, Cond=1399.51µS/cm
📤 Capteur Rivière Est: pH=7.65, Temp=19.95°C, Turb=1.59NTU, Cond=1649.55µS/cm
📤 Capteur Rivière Nord: pH=7.28, Temp=16.88°C, Turb=12.51NTU, Cond=992.77µS/cm
📤 Capteur Rivière Sud: pH=7.16, Temp=16.91°C, Turb=2.97NTU, Cond=1209.14µS/cm
📤 Capteur Rivière Est: pH=7.57, Temp=19.64°C, Turb=1.30NTU, Cond=1339.51µS/cm
📤 Capteur Rivière Nord: pH=7.29, Temp=15.06°C, Turb=2.84NTU, Cond=753.29µS/cm
📤 Capteur Rivière Sud: pH=7.19, Temp=19.79°C, Turb=3.22NTU, Cond=1177.48µS/cm
📤 Capteur Rivière Est: pH=7.62, Temp=19.72°C, Turb=1.36NTU, Cond=1626.18µS/cm
📤 Capteur Rivière Nord: pH=6.95, Temp=13.67°C, Turb=2.59NTU, Cond=818.01µS/cm
📤 Capteur Rivière Sud: pH=7.16, Temp=19.97°C, Turb=2.73NTU, Cond=1073.97µS/cm
📤 Capteur Rivière Est: pH=7.24, Temp=18.42°C, Turb=1.92NTU, Cond=1443.37µS/cm
📤 Capteur Rivière Nord: pH=7.42, Temp=14.81°C, Turb=2.04NTU, Cond=906.36µS/cm
📤 Capteur Rivière Sud: pH=6.90, Temp=19.26°C, Turb=3.16NTU, Cond=1275.52µS/cm
📤 Capteur Rivière Est: pH=7.32, Temp=20.22°C, Turb=1.34NTU, Cond=1467.66µS/cm
📤 Capteur Rivière Nord: pH=7.24, Temp=13.55°C, Turb=2.08NTU, Cond=984.79µS/cm
📤 Capteur Rivière Sud: pH=7.08, Temp=16.19°C, Turb=3.07NTU, Cond=1269.47µS/cm
📤 Capteur Rivière Est: pH=7.41, Temp=19.77°C, Turb=1.31NTU, Cond=1470.97µS/cm
📤 Capteur Rivière Nord: pH=7.21, Temp=16.25°C, Turb=2.33NTU, Cond=859.80µS/cm
📤 Capteur Rivière Sud: pH=7.22, Temp=17.57°C, Turb=2.71NTU, Cond=1299.65µS/cm
📤 Capteur Rivière Est: pH=7.48, Temp=18.76°C, Turb=1.44NTU, Cond=1384.58µS/cm
📤 Capteur Rivière Nord: pH=6.92, Temp=13.13°C, Turb=2.13NTU, Cond=892.05µS/cm
📤 Capteur Rivière Sud: pH=6.96, Temp=16.90°C, Turb=2.86NTU, Cond=1391.73µS/cm
📤 Capteur Rivière Est: pH=7.22, Temp=18.03°C, Turb=2.20NTU, Cond=1617.66µS/cm
📤 Capteur Rivière Nord: pH=7.01, Temp=15.36°C, Turb=2.50NTU, Cond=829.32µS/cm
📤 Capteur Rivière Sud: pH=6.73, Temp=17.26°C, Turb=3.21NTU, Cond=1018.43µS/cm
📤 Capteur Rivière Est: pH=7.58, Temp=20.19°C, Turb=1.51NTU, Cond=1693.25µS/cm
📤 Capteur Rivière Nord: pH=7.22, Temp=15.52°C, Turb=2.81NTU, Cond=756.18µS/cm
📤 Capteur Rivière Sud: pH=7.28, Temp=19.91°C, Turb=3.22NTU, Cond=1089.26µS/cm
📤 Capteur Rivière Est: pH=7.25, Temp=19.73°C, Turb=1.68NTU, Cond=1645.63µS/cm
📤 Capteur Rivière Nord: pH=7.18, Temp=13.55°C, Turb=2.57NTU, Cond=801.69µS/cm
📤 Capteur Rivière Sud: pH=7.08, Temp=18.92°C, Turb=3.27NTU, Cond=1109.70µS/cm
📤 Capteur Rivière Est: pH=7.29, Temp=21.33°C, Turb=1.82NTU, Cond=1326.12µS/cm
📤 Capteur Rivière Nord: pH=7.04, Temp=13.30°C, Turb=2.89NTU, Cond=883.95µS/cm
📤 Capteur Rivière Sud: pH=6.73, Temp=16.11°C, Turb=2.79NTU, Cond=1199.99µS/cm
📤 Capteur Rivière Est: pH=7.62, Temp=21.96°C, Turb=1.59NTU, Cond=1483.06µS/cm
📤 Capteur Rivière Nord: pH=7.04, Temp=14.85°C, Turb=2.74NTU, Cond=694.28µS/cm
📤 Capteur Rivière Sud: pH=6.91, Temp=18.03°C, Turb=2.52NTU, Cond=1090.93µS/cm
📤 Capteur Rivière Est: pH=7.58, Temp=19.21°C, Turb=2.17NTU, Cond=1680.63µS/cm
📤 Capteur Rivière Nord: pH=7.05, Temp=16.38°C, Turb=2.14NTU, Cond=710.52µS/cm
📤 Capteur Rivière Sud: pH=6.71, Temp=17.40°C, Turb=2.53NTU, Cond=1114.70µS/cm
📤 Capteur Rivière Est: pH=7.50, Temp=18.18°C, Turb=1.59NTU, Cond=1466.86µS/cm
📤 Capteur Rivière Nord: pH=6.92, Temp=14.06°C, Turb=2.71NTU, Cond=784.79µS/cm
📤 Capteur Rivière Sud: pH=7.30, Temp=16.96°C, Turb=3.26NTU, Cond=1341.94µS/cm
📤 Capteur Rivière Est: pH=7.41, Temp=18.00°C, Turb=2.27NTU, Cond=1421.48µS/cm
📤 Capteur Rivière Nord: pH=7.32, Temp=16.09°C, Turb=2.95NTU, Cond=714.86µS/cm
📤 Capteur Rivière Sud: pH=6.91, Temp=18.68°C, Turb=3.07NTU, Cond=1080.95µS/cm
📤 Capteur Rivière Est: pH=7.54, Temp=18.68°C, Turb=1.47NTU, Cond=1392.71µS/cm
📤 Capteur Rivière Nord: pH=7.16, Temp=16.27°C, Turb=2.75NTU, Cond=660.46µS/cm
📤 Capteur Rivière Sud: pH=7.05, Temp=17.36°C, Turb=3.05NTU, Cond=1294.40µS/cm
📤 Capteur Rivière Est: pH=7.52, Temp=20.57°C, Turb=1.97NTU, Cond=4575.06µS/cm
📤 Capteur Rivière Nord: pH=7.48, Temp=15.32°C, Turb=2.76NTU, Cond=955.26µS/cm
📤 Capteur Rivière Sud: pH=7.03, Temp=16.92°C, Turb=3.45NTU, Cond=1375.01µS/cm
📤 Capteur Rivière Est: pH=7.26, Temp=21.58°C, Turb=1.57NTU, Cond=1473.32µS/cm
📤 Capteur Rivière Nord: pH=6.93, Temp=14.16°C, Turb=2.85NTU, Cond=656.78µS/cm
📤 Capteur Rivière Sud: pH=7.26, Temp=-3.05°C, Turb=2.62NTU, Cond=1186.21µS/cm
📤 Capteur Rivière Est: pH=7.25, Temp=19.54°C, Turb=2.14NTU, Cond=1365.22µS/cm
📤 Capteur Rivière Nord: pH=6.90, Temp=15.29°C, Turb=2.11NTU, Cond=733.36µS/cm
📤 Capteur Rivière Sud: pH=6.86, Temp=17.18°C, Turb=2.74NTU, Cond=1173.87µS/cm
📤 Capteur Rivière Est: pH=7.76, Temp=21.69°C, Turb=2.19NTU, Cond=1659.12µS/cm
📤 Capteur Rivière Nord: pH=6.96, Temp=14.14°C, Turb=2.67NTU, Cond=655.48µS/cm
📤 Capteur Rivière Sud: pH=6.82, Temp=18.21°C, Turb=2.62NTU, Cond=1143.50µS/cm
📤 Capteur Rivière Est: pH=7.53, Temp=20.78°C, Turb=2.07NTU, Cond=1479.65µS/cm
📤 Capteur Rivière Nord: pH=7.01, Temp=14.21°C, Turb=2.39NTU, Cond=944.55µS/cm
📤 Capteur Rivière Sud: pH=6.74, Temp=16.67°C, Turb=3.03NTU, Cond=1062.41µS/cm
📤 Capteur Rivière Est: pH=7.69, Temp=21.00°C, Turb=1.91NTU, Cond=1361.41µS/cm
📤 Capteur Rivière Nord: pH=7.37, Temp=14.57°C, Turb=2.99NTU, Cond=660.02µS/cm
📤 Capteur Rivière Sud: pH=6.77, Temp=17.71°C, Turb=2.68NTU, Cond=1017.51µS/cm
📤 Capteur Rivière Est: pH=7.68, Temp=21.21°C, Turb=1.40NTU, Cond=1668.01µS/cm
📤 Capteur Rivière Nord: pH=7.10, Temp=15.73°C, Turb=2.16NTU, Cond=731.21µS/cm
📤 Capteur Rivière Sud: pH=6.74, Temp=19.89°C, Turb=2.94NTU, Cond=1263.69µS/cm
📤 Capteur Rivière Est: pH=7.74, Temp=20.70°C, Turb=2.03NTU, Cond=1309.61µS/cm
📤 Capteur Rivière Nord: pH=7.06, Temp=16.72°C, Turb=2.39NTU, Cond=740.45µS/cm
📤 Capteur Rivière Sud: pH=7.10, Temp=16.41°C, Turb=2.62NTU, Cond=1207.72µS/cm
📤 Capteur Rivière Est: pH=7.43, Temp=18.98°C, Turb=1.80NTU, Cond=1678.41µS/cm
📤 Capteur Rivière Nord: pH=7.01, Temp=13.29°C, Turb=2.52NTU, Cond=870.90µS/cm
📤 Capteur Rivière Sud: pH=6.89, Temp=19.63°C, Turb=2.78NTU, Cond=1396.19µS/cm
📤 Capteur Rivière Est: pH=7.75, Temp=18.51°C, Turb=1.94NTU, Cond=1460.66µS/cm
📤 Capteur Rivière Nord: pH=7.43, Temp=14.66°C, Turb=2.54NTU, Cond=750.43µS/cm
📤 Capteur Rivière Sud: pH=7.07, Temp=17.38°C, Turb=3.18NTU, Cond=1147.75µS/cm
📤 Capteur Rivière Est: pH=7.37, Temp=19.89°C, Turb=1.83NTU, Cond=1587.63µS/cm
📤 Capteur Rivière Nord: pH=7.25, Temp=16.42°C, Turb=2.74NTU, Cond=833.64µS/cm
📤 Capteur Rivière Sud: pH=7.18, Temp=19.35°C, Turb=2.68NTU, Cond=1296.85µS/cm
📤 Capteur Rivière Est: pH=7.61, Temp=20.68°C, Turb=2.23NTU, Cond=1395.94µS/cm
📤 Capteur Rivière Nord: pH=7.19, Temp=16.15°C, Turb=2.91NTU, Cond=908.76µS/cm
📤 Capteur Rivière Sud: pH=6.92, Temp=16.19°C, Turb=3.49NTU, Cond=1058.94µS/cm
📤 Capteur Rivière Est: pH=7.33, Temp=21.05°C, Turb=2.09NTU, Cond=1385.44µS/cm
📤 Capteur Rivière Nord: pH=6.97, Temp=16.01°C, Turb=2.06NTU, Cond=867.22µS/cm
📤 Capteur Rivière Sud: pH=7.17, Temp=18.25°C, Turb=10.74NTU, Cond=1035.00µS/cm
📤 Capteur Rivière Est: pH=7.27, Temp=20.70°C, Turb=2.24NTU, Cond=1691.74µS/cm
📤 Capteur Rivière Nord: pH=6.95, Temp=16.50°C, Turb=2.50NTU, Cond=794.12µS/cm
📤 Capteur Rivière Sud: pH=6.98, Temp=16.97°C, Turb=2.96NTU, Cond=1388.84µS/cm
📤 Capteur Rivière Est: pH=7.72, Temp=18.49°C, Turb=1.57NTU, Cond=1435.67µS/cm
📤 Capteur Rivière Nord: pH=7.46, Temp=14.65°C, Turb=2.27NTU, Cond=671.07µS/cm
📤 Capteur Rivière Sud: pH=7.29, Temp=18.52°C, Turb=2.78NTU, Cond=1373.01µS/cm
📤 Capteur Rivière Est: pH=7.46, Temp=19.45°C, Turb=2.20NTU, Cond=1581.45µS/cm
📤 Capteur Rivière Nord: pH=7.48, Temp=13.24°C, Turb=2.72NTU, Cond=721.61µS/cm
📤 Capteur Rivière Sud: pH=6.99, Temp=18.22°C, Turb=3.11NTU, Cond=1298.82µS/cm
📤 Capteur Rivière Est: pH=7.50, Temp=18.71°C, Turb=1.59NTU, Cond=1515.85µS/cm
📤 Capteur Rivière Nord: pH=7.34, Temp=14.77°C, Turb=2.92NTU, Cond=759.53µS/cm
📤 Capteur Rivière Sud: pH=7.11, Temp=17.95°C, Turb=3.41NTU, Cond=1305.20µS/cm
📤 Capteur Rivière Est: pH=7.57, Temp=20.11°C, Turb=1.83NTU, Cond=1520.56µS/cm
📤 Capteur Rivière Nord: pH=7.32, Temp=13.07°C, Turb=2.99NTU, Cond=960.32µS/cm
📤 Capteur Rivière Sud: pH=6.84, Temp=19.34°C, Turb=3.38NTU, Cond=1105.41µS/cm
📤 Capteur Rivière Est: pH=7.55, Temp=20.21°C, Turb=1.80NTU, Cond=1557.21µS/cm
📤 Capteur Rivière Nord: pH=7.39, Temp=14.51°C, Turb=2.68NTU, Cond=885.78µS/cm
📤 Capteur Rivière Sud: pH=6.81, Temp=18.21°C, Turb=2.84NTU, Cond=1193.98µS/cm
📤 Capteur Rivière Est: pH=7.41, Temp=18.96°C, Turb=2.07NTU, Cond=1458.76µS/cm
📤 Capteur Rivière Nord: pH=7.01, Temp=16.10°C, Turb=2.48NTU, Cond=840.78µS/cm
📤 Capteur Rivière Sud: pH=9.63, Temp=18.92°C, Turb=3.07NTU, Cond=1322.53µS/cm
📤 Capteur Rivière Est: pH=7.76, Temp=21.36°C, Turb=1.55NTU, Cond=1361.65µS/cm
📤 Capteur Rivière Nord: pH=7.09, Temp=13.35°C, Turb=2.95NTU, Cond=653.02µS/cm
📤 Capteur Rivière Sud: pH=6.98, Temp=19.48°C, Turb=3.19NTU, Cond=1355.54µS/cm
📤 Capteur Rivière Est: pH=7.40, Temp=21.00°C, Turb=1.70NTU, Cond=1375.47µS/cm
📤 Capteur Rivière Nord: pH=7.22, Temp=13.04°C, Turb=2.83NTU, Cond=778.26µS/cm
📤 Capteur Rivière Sud: pH=6.86, Temp=17.00°C, Turb=3.13NTU, Cond=1269.83µS/cm
📤 Capteur Rivière Est: pH=7.29, Temp=21.43°C, Turb=1.89NTU, Cond=1603.93µS/cm
📤 Capteur Rivière Nord: pH=7.27, Temp=14.22°C, Turb=2.78NTU, Cond=977.16µS/cm
📤 Capteur Rivière Sud: pH=7.18, Temp=17.03°C, Turb=13.72NTU, Cond=1082.66µS/cm
📤 Capteur Rivière Est: pH=7.69, Temp=20.82°C, Turb=2.29NTU, Cond=1317.28µS/cm
📤 Capteur Rivière Nord: pH=7.40, Temp=14.56°C, Turb=2.73NTU, Cond=935.28µS/cm
📤 Capteur Rivière Sud: pH=7.12, Temp=17.23°C, Turb=3.35NTU, Cond=1085.32µS/cm
📤 Capteur Rivière Est: pH=7.54, Temp=19.10°C, Turb=1.87NTU, Cond=1590.02µS/cm
📤 Capteur Rivière Nord: pH=6.95, Temp=16.64°C, Turb=2.12NTU, Cond=702.05µS/cm
📤 Capteur Rivière Sud: pH=6.76, Temp=19.27°C, Turb=3.21NTU, Cond=1117.44µS/cm
📤 Capteur Rivière Est: pH=7.73, Temp=19.64°C, Turb=2.02NTU, Cond=1301.42µS/cm
📤 Capteur Rivière Nord: pH=7.46, Temp=15.55°C, Turb=2.33NTU, Cond=618.23µS/cm
📤 Capteur Rivière Sud: pH=7.20, Temp=16.02°C, Turb=3.09NTU, Cond=1162.51µS/cm
📤 Capteur Rivière Est: pH=7.24, Temp=18.97°C, Turb=1.51NTU, Cond=1698.95µS/cm
📤 Capteur Rivière Nord: pH=7.18, Temp=14.09°C, Turb=2.60NTU, Cond=798.63µS/cm
📤 Capteur Rivière Sud: pH=6.98, Temp=19.26°C, Turb=3.19NTU, Cond=1110.62µS/cm
📤 Capteur Rivière Est: pH=7.65, Temp=20.22°C, Turb=1.76NTU, Cond=1564.04µS/cm
📤 Capteur Rivière Nord: pH=7.27, Temp=16.73°C, Turb=2.41NTU, Cond=830.01µS/cm
📤 Capteur Rivière Sud: pH=6.74, Temp=19.46°C, Turb=2.88NTU, Cond=1038.05µS/cm
📤 Capteur Rivière Est: pH=7.66, Temp=20.34°C, Turb=1.41NTU, Cond=1665.58µS/cm
📤 Capteur Rivière Nord: pH=6.99, Temp=13.36°C, Turb=2.58NTU, Cond=780.26µS/cm
📤 Capteur Rivière Sud: pH=7.24, Temp=16.50°C, Turb=2.62NTU, Cond=1063.07µS/cm
📤 Capteur Rivière Est: pH=7.56, Temp=19.06°C, Turb=2.25NTU, Cond=1695.84µS/cm
📤 Capteur Rivière Nord: pH=7.36, Temp=16.16°C, Turb=2.42NTU, Cond=872.27µS/cm
📤 Capteur Rivière Sud: pH=6.87, Temp=16.20°C, Turb=2.69NTU, Cond=1397.58µS/cm
📤 Capteur Rivière Est: pH=7.26, Temp=21.85°C, Turb=2.05NTU, Cond=1604.55µS/cm
📤 Capteur Rivière Nord: pH=7.11, Temp=13.82°C, Turb=2.03NTU, Cond=815.80µS/cm
📤 Capteur Rivière Sud: pH=6.72, Temp=19.71°C, Turb=2.97NTU, Cond=1143.92µS/cm
📤 Capteur Rivière Est: pH=7.68, Temp=20.03°C, Turb=1.30NTU, Cond=1363.24µS/cm
📤 Capteur Rivière Nord: pH=6.96, Temp=15.05°C, Turb=2.73NTU, Cond=838.31µS/cm
📤 Capteur Rivière Sud: pH=7.00, Temp=18.60°C, Turb=3.45NTU, Cond=1383.42µS/cm
📤 Capteur Rivière Est: pH=7.40, Temp=18.57°C, Turb=2.26NTU, Cond=1465.85µS/cm
📤 Capteur Rivière Nord: pH=6.91, Temp=15.90°C, Turb=2.48NTU, Cond=951.14µS/cm
📤 Capteur Rivière Sud: pH=6.99, Temp=16.20°C, Turb=2.82NTU, Cond=1116.25µS/cm
📤 Capteur Rivière Est: pH=7.34, Temp=19.66°C, Turb=1.41NTU, Cond=1364.78µS/cm
📤 Capteur Rivière Nord: pH=7.00, Temp=16.11°C, Turb=2.70NTU, Cond=992.81µS/cm
📤 Capteur Rivière Sud: pH=6.75, Temp=18.90°C, Turb=2.64NTU, Cond=1347.40µS/cm
📤 Capteur Rivière Est: pH=7.47, Temp=20.56°C, Turb=1.48NTU, Cond=1380.39µS/cm
📤 Capteur Rivière Nord: pH=7.40, Temp=15.33°C, Turb=2.84NTU, Cond=910.37µS/cm
📤 Capteur Rivière Sud: pH=6.76, Temp=19.87°C, Turb=2.95NTU, Cond=1230.05µS/cm
📤 Capteur Rivière Est: pH=7.51, Temp=20.93°C, Turb=1.62NTU, Cond=1648.28µS/cm
📤 Capteur Rivière Nord: pH=7.33, Temp=16.73°C, Turb=2.77NTU, Cond=725.13µS/cm
📤 Capteur Rivière Sud: pH=6.87, Temp=19.79°C, Turb=3.24NTU, Cond=1001.82µS/cm
📤 Capteur Rivière Est: pH=7.52, Temp=20.50°C, Turb=1.72NTU, Cond=1529.88µS/cm
📤 Capteur Rivière Nord: pH=7.25, Temp=15.44°C, Turb=2.52NTU, Cond=746.33µS/cm
📤 Capteur Rivière Sud: pH=6.93, Temp=16.29°C, Turb=3.18NTU, Cond=1360.73µS/cm
📤 Capteur Rivière Est: pH=7.65, Temp=18.59°C, Turb=1.61NTU, Cond=1547.15µS/cm
📤 Capteur Rivière Nord: pH=6.99, Temp=15.40°C, Turb=2.51NTU, Cond=839.44µS/cm
📤 Capteur Rivière Sud: pH=6.78, Temp=19.57°C, Turb=3.21NTU, Cond=1322.98µS/cm
📤 Capteur Rivière Est: pH=7.53, Temp=19.68°C, Turb=1.67NTU, Cond=1523.16µS/cm
📤 Capteur Rivière Nord: pH=7.03, Temp=15.20°C, Turb=2.52NTU, Cond=857.87µS/cm
📤 Capteur Rivière Sud: pH=7.18, Temp=19.18°C, Turb=3.29NTU, Cond=1177.98µS/cm
📤 Capteur Rivière Est: pH=7.66, Temp=18.43°C, Turb=1.48NTU, Cond=1687.30µS/cm
📤 Capteur Rivière Nord: pH=7.50, Temp=15.99°C, Turb=2.05NTU, Cond=967.42µS/cm
📤 Capteur Rivière Sud: pH=7.21, Temp=39.25°C, Turb=3.29NTU, Cond=1169.88µS/cm
📤 Capteur Rivière Est: pH=7.68, Temp=18.18°C, Turb=2.07NTU, Cond=1396.83µS/cm
📤 Capteur Rivière Nord: pH=7.09, Temp=13.82°C, Turb=2.43NTU, Cond=804.13µS/cm
📤 Capteur Rivière Sud: pH=7.10, Temp=16.19°C, Turb=2.94NTU, Cond=1392.88µS/cm
📤 Capteur Rivière Est: pH=7.71, Temp=21.40°C, Turb=1.88NTU, Cond=1481.46µS/cm
📤 Capteur Rivière Nord: pH=7.40, Temp=15.62°C, Turb=2.85NTU, Cond=660.32µS/cm
📤 Capteur Rivière Sud: pH=6.83, Temp=17.60°C, Turb=3.18NTU, Cond=1224.39µS/cm
📤 Capteur Rivière Est: pH=7.21, Temp=21.43°C, Turb=2.29NTU, Cond=1582.62µS/cm
📤 Capteur Rivière Nord: pH=7.41, Temp=16.47°C, Turb=2.45NTU, Cond=871.21µS/cm
📤 Capteur Rivière Sud: pH=7.21, Temp=16.99°C, Turb=2.89NTU, Cond=1381.70µS/cm
📤 Capteur Rivière Est: pH=7.68, Temp=20.59°C, Turb=1.59NTU, Cond=1672.90µS/cm
📤 Capteur Rivière Nord: pH=7.42, Temp=14.00°C, Turb=2.30NTU, Cond=935.84µS/cm
📤 Capteur Rivière Sud: pH=7.21, Temp=18.19°C, Turb=3.11NTU, Cond=1232.88µS/cm
📤 Capteur Rivière Est: pH=7.76, Temp=19.94°C, Turb=1.36NTU, Cond=1399.93µS/cm
📤 Capteur Rivière Nord: pH=7.20, Temp=15.12°C, Turb=2.03NTU, Cond=953.94µS/cm
📤 Capteur Rivière Sud: pH=7.05, Temp=17.46°C, Turb=2.92NTU, Cond=1298.02µS/cm
📤 Capteur Rivière Est: pH=7.38, Temp=21.84°C, Turb=2.03NTU, Cond=3173.83µS/cm
📤 Capteur Rivière Nord: pH=7.47, Temp=15.52°C, Turb=2.60NTU, Cond=605.34µS/cm
📤 Capteur Rivière Sud: pH=6.86, Temp=17.78°C, Turb=2.55NTU, Cond=1191.99µS/cm
📤 Capteur Rivière Est: pH=7.47, Temp=19.91°C, Turb=1.46NTU, Cond=1346.48µS/cm
📤 Capteur Rivière Nord: pH=7.01, Temp=14.60°C, Turb=2.67NTU, Cond=793.16µS/cm
📤 Capteur Rivière Sud: pH=6.98, Temp=17.00°C, Turb=2.65NTU, Cond=1384.09µS/cm
📤 Capteur Rivière Est: pH=7.43, Temp=18.92°C, Turb=1.75NTU, Cond=1686.94µS/cm
📤 Capteur Rivière Nord: pH=7.11, Temp=14.82°C, Turb=2.71NTU, Cond=954.63µS/cm
📤 Capteur Rivière Sud: pH=7.16, Temp=18.43°C, Turb=2.94NTU, Cond=1367.31µS/cm
📤 Capteur Rivière Est: pH=7.28, Temp=21.49°C, Turb=1.67NTU, Cond=1429.01µS/cm
📤 Capteur Rivière Nord: pH=7.21, Temp=13.11°C, Turb=2.76NTU, Cond=804.19µS/cm
📤 Capteur Rivière Sud: pH=6.78, Temp=18.72°C, Turb=2.88NTU, Cond=1069.07µS/cm
📤 Capteur Rivière Est: pH=7.75, Temp=21.62°C, Turb=1.34NTU, Cond=1627.82µS/cm
📤 Capteur Rivière Nord: pH=7.02, Temp=15.48°C, Turb=2.24NTU, Cond=780.55µS/cm
📤 Capteur Rivière Sud: pH=9.27, Temp=19.76°C, Turb=2.74NTU, Cond=1318.13µS/cm
📤 Capteur Rivière Est: pH=7.55, Temp=21.13°C, Turb=1.55NTU, Cond=1300.72µS/cm
📤 Capteur Rivière Nord: pH=6.99, Temp=15.40°C, Turb=2.31NTU, Cond=654.19µS/cm
📤 Capteur Rivière Sud: pH=6.71, Temp=19.36°C, Turb=3.01NTU, Cond=1065.68µS/cm
📤 Capteur Rivière Est: pH=7.29, Temp=21.11°C, Turb=2.22NTU, Cond=1688.63µS/cm
📤 Capteur Rivière Nord: pH=7.17, Temp=14.89°C, Turb=2.78NTU, Cond=674.78µS/cm
📤 Capteur Rivière Sud: pH=7.26, Temp=18.73°C, Turb=2.76NTU, Cond=1114.58µS/cm
📤 Capteur Rivière Est: pH=7.24, Temp=20.54°C, Turb=1.86NTU, Cond=1540.48µS/cm
📤 Capteur Rivière Nord: pH=7.38, Temp=14.82°C, Turb=2.16NTU, Cond=888.54µS/cm
📤 Capteur Rivière Sud: pH=7.15, Temp=17.63°C, Turb=3.39NTU, Cond=1243.38µS/cm
📤 Capteur Rivière Est: pH=7.53, Temp=20.67°C, Turb=1.55NTU, Cond=1302.18µS/cm
📤 Capteur Rivière Nord: pH=7.34, Temp=13.03°C, Turb=2.17NTU, Cond=995.16µS/cm
📤 Capteur Rivière Sud: pH=7.29, Temp=19.50°C, Turb=2.55NTU, Cond=1321.27µS/cm
📤 Capteur Rivière Est: pH=7.41, Temp=20.54°C, Turb=1.74NTU, Cond=1394.76µS/cm
📤 Capteur Rivière Nord: pH=6.99, Temp=14.89°C, Turb=2.22NTU, Cond=907.95µS/cm
📤 Capteur Rivière Sud: pH=7.14, Temp=16.20°C, Turb=3.18NTU, Cond=1255.44µS/cm
📤 Capteur Rivière Est: pH=7.43, Temp=21.59°C, Turb=1.41NTU, Cond=1653.33µS/cm
📤 Capteur Rivière Nord: pH=6.94, Temp=15.83°C, Turb=2.59NTU, Cond=960.87µS/cm
📤 Capteur Rivière Sud: pH=7.19, Temp=19.54°C, Turb=3.23NTU, Cond=1133.66µS/cm
📤 Capteur Rivière Est: pH=7.71, Temp=18.85°C, Turb=1.57NTU, Cond=1481.54µS/cm
📤 Capteur Rivière Nord: pH=7.22, Temp=13.91°C, Turb=2.44NTU, Cond=853.88µS/cm
📤 Capteur Rivière Sud: pH=7.26, Temp=18.76°C, Turb=3.45NTU, Cond=1316.58µS/cm
📤 Capteur Rivière Est: pH=7.53, Temp=20.12°C, Turb=2.02NTU, Cond=1646.62µS/cm
📤 Capteur Rivière Nord: pH=7.33, Temp=16.78°C, Turb=2.75NTU, Cond=631.42µS/cm
📤 Capteur Rivière Sud: pH=6.82, Temp=16.35°C, Turb=3.49NTU, Cond=1278.50µS/cm
📤 Capteur Rivière Est: pH=7.80, Temp=20.53°C, Turb=1.88NTU, Cond=1612.57µS/cm
📤 Capteur Rivière Nord: pH=7.13, Temp=14.19°C, Turb=2.07NTU, Cond=704.42µS/cm
📤 Capteur Rivière Sud: pH=6.74, Temp=17.35°C, Turb=3.28NTU, Cond=1221.86µS/cm
📤 Capteur Rivière Est: pH=7.66, Temp=19.68°C, Turb=1.46NTU, Cond=1567.10µS/cm
📤 Capteur Rivière Nord: pH=7.36, Temp=14.95°C, Turb=2.11NTU, Cond=870.77µS/cm
📤 Capteur Rivière Sud: pH=6.80, Temp=18.92°C, Turb=3.16NTU, Cond=1072.32µS/cm
📤 Capteur Rivière Est: pH=7.79, Temp=19.76°C, Turb=1.87NTU, Cond=1416.06µS/cm
📤 Capteur Rivière Nord: pH=7.36, Temp=14.53°C, Turb=2.72NTU, Cond=827.72µS/cm
📤 Capteur Rivière Sud: pH=6.83, Temp=19.35°C, Turb=3.06NTU, Cond=1049.72µS/cm
📤 Capteur Rivière Est: pH=7.21, Temp=21.31°C, Turb=2.08NTU, Cond=1514.38µS/cm
📤 Capteur Rivière Nord: pH=6.98, Temp=13.76°C, Turb=2.31NTU, Cond=760.80µS/cm
📤 Capteur Rivière Sud: pH=6.71, Temp=19.25°C, Turb=2.95NTU, Cond=4673.20µS/cm
📤 Capteur Rivière Est: pH=7.22, Temp=19.23°C, Turb=1.73NTU, Cond=1473.08µS/cm
📤 Capteur Rivière Nord: pH=7.25, Temp=13.18°C, Turb=2.67NTU, Cond=676.69µS/cm
📤 Capteur Rivière Sud: pH=7.27, Temp=18.20°C, Turb=3.21NTU, Cond=1215.14µS/cm
📤 Capteur Rivière Est: pH=7.26, Temp=18.82°C, Turb=1.61NTU, Cond=1377.00µS/cm
📤 Capteur Rivière Nord: pH=7.48, Temp=14.07°C, Turb=2.94NTU, Cond=808.76µS/cm
📤 Capteur Rivière Sud: pH=7.07, Temp=16.52°C, Turb=3.48NTU, Cond=1140.66µS/cm
📤 Capteur Rivière Est: pH=7.51, Temp=19.76°C, Turb=2.28NTU, Cond=1429.83µS/cm
📤 Capteur Rivière Nord: pH=7.16, Temp=13.83°C, Turb=2.02NTU, Cond=634.63µS/cm
📤 Capteur Rivière Sud: pH=6.91, Temp=16.83°C, Turb=2.62NTU, Cond=1349.61µS/cm
📤 Capteur Rivière Est: pH=7.41, Temp=34.65°C, Turb=2.16NTU, Cond=1413.78µS/cm
📤 Capteur Rivière Nord: pH=7.46, Temp=14.06°C, Turb=2.24NTU, Cond=763.36µS/cm
📤 Capteur Rivière Sud: pH=6.72, Temp=16.54°C, Turb=2.67NTU, Cond=1116.84µS/cm
📤 Capteur Rivière Est: pH=7.76, Temp=21.11°C, Turb=2.05NTU, Cond=1392.66µS/cm
📤 Capteur Rivière Nord: pH=6.99, Temp=13.65°C, Turb=2.48NTU, Cond=696.69µS/cm
📤 Capteur Rivière Sud: pH=7.24, Temp=17.77°C, Turb=2.91NTU, Cond=1232.64µS/cm
📤 Capteur Rivière Est: pH=7.67, Temp=21.10°C, Turb=1.37NTU, Cond=1643.56µS/cm
📤 Capteur Rivière Nord: pH=7.21, Temp=15.37°C, Turb=2.63NTU, Cond=824.34µS/cm
📤 Capteur Rivière Sud: pH=6.84, Temp=17.24°C, Turb=2.64NTU, Cond=1185.93µS/cm
📤 Capteur Rivière Est: pH=7.71, Temp=19.49°C, Turb=2.05NTU, Cond=1625.44µS/cm
📤 Capteur Rivière Nord: pH=7.29, Temp=15.40°C, Turb=2.00NTU, Cond=702.29µS/cm
📤 Capteur Rivière Sud: pH=7.17, Temp=16.23°C, Turb=3.44NTU, Cond=1149.91µS/cm
📤 Capteur Rivière Est: pH=7.74, Temp=18.76°C, Turb=2.19NTU, Cond=1370.55µS/cm
📤 Capteur Rivière Nord: pH=7.18, Temp=15.03°C, Turb=2.20NTU, Cond=706.64µS/cm
📤 Capteur Rivière Sud: pH=6.72, Temp=19.23°C, Turb=3.43NTU, Cond=1107.86µS/cm
📤 Capteur Rivière Est: pH=7.38, Temp=19.16°C, Turb=1.51NTU, Cond=1393.14µS/cm
📤 Capteur Rivière Nord: pH=7.27, Temp=14.33°C, Turb=2.09NTU, Cond=996.33µS/cm
📤 Capteur Rivière Sud: pH=6.72, Temp=16.12°C, Turb=2.56NTU, Cond=1215.00µS/cm
📤 Capteur Rivière Est: pH=7.57, Temp=18.74°C, Turb=1.39NTU, Cond=1620.88µS/cm
📤 Capteur Rivière Nord: pH=6.96, Temp=16.09°C, Turb=2.24NTU, Cond=663.59µS/cm
📤 Capteur Rivière Sud: pH=6.94, Temp=18.93°C, Turb=2.69NTU, Cond=1178.65µS/cm
📤 Capteur Rivière Est: pH=7.77, Temp=18.77°C, Turb=1.79NTU, Cond=1310.57µS/cm
📤 Capteur Rivière Nord: pH=9.92, Temp=13.52°C, Turb=2.21NTU, Cond=903.93µS/cm
📤 Capteur Rivière Sud: pH=7.21, Temp=16.61°C, Turb=2.86NTU, Cond=1278.43µS/cm
📤 Capteur Rivière Est: pH=7.55, Temp=33.64°C, Turb=1.73NTU, Cond=1665.51µS/cm
📤 Capteur Rivière Nord: pH=7.06, Temp=16.25°C, Turb=2.71NTU, Cond=777.29µS/cm
📤 Capteur Rivière Sud: pH=7.02, Temp=16.35°C, Turb=3.22NTU, Cond=1116.31µS/cm
📤 Capteur Rivière Est: pH=7.64, Temp=20.66°C, Turb=1.77NTU, Cond=1605.29µS/cm
📤 Capteur Rivière Nord: pH=7.36, Temp=13.19°C, Turb=2.46NTU, Cond=685.08µS/cm
📤 Capteur Rivière Sud: pH=6.89, Temp=17.79°C, Turb=3.39NTU, Cond=1219.68µS/cm
📤 Capteur Rivière Est: pH=7.61, Temp=19.66°C, Turb=12.13NTU, Cond=1637.31µS/cm
📤 Capteur Rivière Nord: pH=7.45, Temp=15.82°C, Turb=2.38NTU, Cond=628.65µS/cm
📤 Capteur Rivière Sud: pH=7.00, Temp=18.76°C, Turb=2.61NTU, Cond=1349.05µS/cm
📤 Capteur Rivière Est: pH=7.80, Temp=19.98°C, Turb=1.89NTU, Cond=1314.42µS/cm
📤 Capteur Rivière Nord: pH=7.36, Temp=16.47°C, Turb=2.22NTU, Cond=902.01µS/cm
📤 Capteur Rivière Sud: pH=7.25, Temp=19.75°C, Turb=2.52NTU, Cond=1277.21µS/cm
📤 Capteur Rivière Est: pH=7.66, Temp=18.11°C, Turb=1.32NTU, Cond=1483.22µS/cm
📤 Capteur Rivière Nord: pH=7.11, Temp=16.03°C, Turb=2.11NTU, Cond=612.07µS/cm
📤 Capteur Rivière Sud: pH=7.20, Temp=16.23°C, Turb=3.16NTU, Cond=1187.99µS/cm
📤 Capteur Rivière Est: pH=7.26, Temp=20.13°C, Turb=1.82NTU, Cond=1450.37µS/cm
📤 Capteur Rivière Nord: pH=7.03, Temp=13.29°C, Turb=2.84NTU, Cond=758.76µS/cm
📤 Capteur Rivière Sud: pH=6.82, Temp=16.52°C, Turb=2.85NTU, Cond=1099.62µS/cm
📤 Capteur Rivière Est: pH=7.50, Temp=21.79°C, Turb=1.75NTU, Cond=1602.95µS/cm
📤 Capteur Rivière Nord: pH=7.01, Temp=14.97°C, Turb=2.75NTU, Cond=686.99µS/cm
📤 Capteur Rivière Sud: pH=7.02, Temp=18.36°C, Turb=2.64NTU, Cond=1111.39µS/cm
📤 Capteur Rivière Est: pH=7.40, Temp=21.81°C, Turb=1.68NTU, Cond=1440.46µS/cm
📤 Capteur Rivière Nord: pH=7.40, Temp=14.79°C, Turb=2.90NTU, Cond=943.43µS/cm
📤 Capteur Rivière Sud: pH=7.07, Temp=19.93°C, Turb=2.87NTU, Cond=1091.61µS/cm
📤 Capteur Rivière Est: pH=7.61, Temp=20.42°C, Turb=1.67NTU, Cond=1307.73µS/cm
📤 Capteur Rivière Nord: pH=7.14, Temp=13.60°C, Turb=2.60NTU, Cond=636.67µS/cm
📤 Capteur Rivière Sud: pH=7.06, Temp=18.81°C, Turb=2.74NTU, Cond=1283.20µS/cm
📤 Capteur Rivière Est: pH=7.29, Temp=20.63°C, Turb=1.56NTU, Cond=1455.72µS/cm
📤 Capteur Rivière Nord: pH=7.10, Temp=13.15°C, Turb=2.46NTU, Cond=739.18µS/cm
📤 Capteur Rivière Sud: pH=6.89, Temp=16.92°C, Turb=2.96NTU, Cond=1252.96µS/cm
📤 Capteur Rivière Est: pH=7.63, Temp=19.49°C, Turb=1.90NTU, Cond=1588.64µS/cm
📤 Capteur Rivière Nord: pH=7.41, Temp=16.56°C, Turb=2.11NTU, Cond=811.43µS/cm
📤 Capteur Rivière Sud: pH=7.20, Temp=17.94°C, Turb=2.59NTU, Cond=1177.75µS/cm
📤 Capteur Rivière Est: pH=7.74, Temp=19.39°C, Turb=2.06NTU, Cond=1630.05µS/cm
📤 Capteur Rivière Nord: pH=7.02, Temp=16.49°C, Turb=2.78NTU, Cond=934.73µS/cm
📤 Capteur Rivière Sud: pH=7.22, Temp=18.80°C, Turb=2.97NTU, Cond=1186.34µS/cm
📤 Capteur Rivière Est: pH=7.21, Temp=18.85°C, Turb=1.89NTU, Cond=1593.10µS/cm
📤 Capteur Rivière Nord: pH=6.98, Temp=15.51°C, Turb=2.28NTU, Cond=901.17µS/cm
📤 Capteur Rivière Sud: pH=7.21, Temp=19.74°C, Turb=3.14NTU, Cond=1350.56µS/cm
📤 Capteur Rivière Est: pH=7.63, Temp=18.48°C, Turb=1.91NTU, Cond=1300.16µS/cm
📤 Capteur Rivière Nord: pH=7.24, Temp=15.37°C, Turb=2.46NTU, Cond=931.53µS/cm
📤 Capteur Rivière Sud: pH=7.04, Temp=17.29°C, Turb=2.84NTU, Cond=1022.76µS/cm
📤 Capteur Rivière Est: pH=7.70, Temp=19.42°C, Turb=2.03NTU, Cond=1604.91µS/cm
📤 Capteur Rivière Nord: pH=7.01, Temp=16.78°C, Turb=2.83NTU, Cond=807.70µS/cm
📤 Capteur Rivière Sud: pH=7.21, Temp=18.13°C, Turb=3.22NTU, Cond=1182.71µS/cm
📤 Capteur Rivière Est: pH=7.25, Temp=18.02°C, Turb=2.04NTU, Cond=1692.66µS/cm
📤 Capteur Rivière Nord: pH=6.91, Temp=14.76°C, Turb=2.94NTU, Cond=992.81µS/cm
📤 Capteur Rivière Sud: pH=6.92, Temp=17.12°C, Turb=3.27NTU, Cond=1319.21µS/cm
📤 Capteur Rivière Est: pH=7.65, Temp=19.07°C, Turb=1.83NTU, Cond=1600.79µS/cm
📤 Capteur Rivière Nord: pH=7.09, Temp=14.41°C, Turb=2.15NTU, Cond=975.90µS/cm
📤 Capteur Rivière Sud: pH=6.94, Temp=16.71°C, Turb=2.74NTU, Cond=1292.70µS/cm
📤 Capteur Rivière Est: pH=7.35, Temp=19.76°C, Turb=1.61NTU, Cond=1550.22µS/cm
📤 Capteur Rivière Nord: pH=7.31, Temp=14.82°C, Turb=2.02NTU, Cond=890.71µS/cm
📤 Capteur Rivière Sud: pH=6.96, Temp=19.21°C, Turb=3.26NTU, Cond=1042.59µS/cm
📤 Capteur Rivière Est: pH=7.68, Temp=18.31°C, Turb=1.83NTU, Cond=1682.39µS/cm
📤 Capteur Rivière Nord: pH=6.96, Temp=13.68°C, Turb=2.84NTU, Cond=787.85µS/cm
📤 Capteur Rivière Sud: pH=6.98, Temp=17.38°C, Turb=3.13NTU, Cond=1138.00µS/cm
📤 Capteur Rivière Est: pH=7.36, Temp=20.91°C, Turb=1.46NTU, Cond=1431.80µS/cm
📤 Capteur Rivière Nord: pH=6.99, Temp=14.72°C, Turb=2.72NTU, Cond=658.72µS/cm
📤 Capteur Rivière Sud: pH=6.84, Temp=17.51°C, Turb=2.89NTU, Cond=1230.43µS/cm
📤 Capteur Rivière Est: pH=7.28, Temp=18.37°C, Turb=1.32NTU, Cond=1498.23µS/cm
📤 Capteur Rivière Nord: pH=6.93, Temp=13.28°C, Turb=2.90NTU, Cond=993.70µS/cm
📤 Capteur Rivière Sud: pH=6.78, Temp=16.39°C, Turb=3.28NTU, Cond=1053.89µS/cm
📤 Capteur Rivière Est: pH=7.49, Temp=21.28°C, Turb=1.61NTU, Cond=1484.04µS/cm
📤 Capteur Rivière Nord: pH=7.00, Temp=16.16°C, Turb=2.96NTU, Cond=891.66µS/cm
📤 Capteur Rivière Sud: pH=6.85, Temp=17.98°C, Turb=3.42NTU, Cond=1171.03µS/cm
📤 Capteur Rivière Est: pH=7.38, Temp=19.65°C, Turb=2.17NTU, Cond=1419.30µS/cm
📤 Capteur Rivière Nord: pH=7.06, Temp=15.47°C, Turb=2.95NTU, Cond=776.52µS/cm
📤 Capteur Rivière Sud: pH=7.14, Temp=18.05°C, Turb=2.69NTU, Cond=1273.34µS/cm
📤 Capteur Rivière Est: pH=7.64, Temp=20.30°C, Turb=1.59NTU, Cond=1408.74µS/cm
📤 Capteur Rivière Nord: pH=7.21, Temp=16.72°C, Turb=2.06NTU, Cond=862.85µS/cm
📤 Capteur Rivière Sud: pH=6.83, Temp=18.14°C, Turb=3.15NTU, Cond=1201.86µS/cm
📤 Capteur Rivière Est: pH=7.52, Temp=21.93°C, Turb=2.23NTU, Cond=1465.15µS/cm
📤 Capteur Rivière Nord: pH=7.44, Temp=15.68°C, Turb=2.01NTU, Cond=968.01µS/cm
📤 Capteur Rivière Sud: pH=7.23, Temp=17.51°C, Turb=3.25NTU, Cond=1311.68µS/cm
📤 Capteur Rivière Est: pH=7.30, Temp=20.21°C, Turb=2.04NTU, Cond=1426.53µS/cm
📤 Capteur Rivière Nord: pH=6.91, Temp=15.58°C, Turb=2.29NTU, Cond=611.63µS/cm
📤 Capteur Rivière Sud: pH=7.26, Temp=19.82°C, Turb=2.86NTU, Cond=1264.46µS/cm
📤 Capteur Rivière Est: pH=7.50, Temp=20.71°C, Turb=1.73NTU, Cond=1595.13µS/cm
📤 Capteur Rivière Nord: pH=7.12, Temp=13.30°C, Turb=2.52NTU, Cond=715.09µS/cm
📤 Capteur Rivière Sud: pH=7.18, Temp=18.46°C, Turb=3.09NTU, Cond=1200.98µS/cm
📤 Capteur Rivière Est: pH=7.21, Temp=21.53°C, Turb=2.25NTU, Cond=1661.13µS/cm
📤 Capteur Rivière Nord: pH=6.96, Temp=13.10°C, Turb=2.79NTU, Cond=600.82µS/cm
📤 Capteur Rivière Sud: pH=7.21, Temp=17.75°C, Turb=2.79NTU, Cond=1211.72µS/cm
📤 Capteur Rivière Est: pH=7.50, Temp=18.39°C, Turb=1.92NTU, Cond=1692.96µS/cm
📤 Capteur Rivière Nord: pH=7.44, Temp=15.55°C, Turb=2.37NTU, Cond=697.15µS/cm
📤 Capteur Rivière Sud: pH=6.85, Temp=17.88°C, Turb=2.63NTU, Cond=1107.56µS/cm
📤 Capteur Rivière Est: pH=7.71, Temp=19.61°C, Turb=2.26NTU, Cond=1684.62µS/cm
📤 Capteur Rivière Nord: pH=7.02, Temp=16.07°C, Turb=2.39NTU, Cond=754.74µS/cm
📤 Capteur Rivière Sud: pH=7.13, Temp=17.21°C, Turb=3.47NTU, Cond=1350.23µS/cm
📤 Capteur Rivière Est: pH=7.69, Temp=20.11°C, Turb=1.46NTU, Cond=1350.88µS/cm
📤 Capteur Rivière Nord: pH=7.12, Temp=15.80°C, Turb=2.87NTU, Cond=914.44µS/cm
📤 Capteur Rivière Sud: pH=7.14, Temp=16.26°C, Turb=3.03NTU, Cond=1368.73µS/cm
📤 Capteur Rivière Est: pH=7.35, Temp=21.06°C, Turb=1.47NTU, Cond=1440.67µS/cm
📤 Capteur Rivière Nord: pH=7.01, Temp=14.09°C, Turb=2.44NTU, Cond=915.52µS/cm
📤 Capteur Rivière Sud: pH=7.08, Temp=18.51°C, Turb=2.54NTU, Cond=1111.02µS/cm
📤 Capteur Rivière Est: pH=7.35, Temp=19.96°C, Turb=11.68NTU, Cond=1448.70µS/cm
📤 Capteur Rivière Nord: pH=7.23, Temp=15.63°C, Turb=2.05NTU, Cond=608.08µS/cm
📤 Capteur Rivière Sud: pH=6.98, Temp=17.78°C, Turb=3.01NTU, Cond=3700.05µS/cm
📤 Capteur Rivière Est: pH=7.70, Temp=18.99°C, Turb=2.24NTU, Cond=1385.33µS/cm
📤 Capteur Rivière Nord: pH=7.17, Temp=15.71°C, Turb=2.43NTU, Cond=709.03µS/cm
📤 Capteur Rivière Sud: pH=7.13, Temp=16.95°C, Turb=3.15NTU, Cond=1157.18µS/cm
📤 Capteur Rivière Est: pH=7.52, Temp=19.47°C, Turb=1.38NTU, Cond=1670.62µS/cm
📤 Capteur Rivière Nord: pH=7.14, Temp=16.52°C, Turb=2.99NTU, Cond=733.14µS/cm
📤 Capteur Rivière Sud: pH=6.79, Temp=17.97°C, Turb=2.78NTU, Cond=1321.02µS/cm
📤 Capteur Rivière Est: pH=7.26, Temp=20.17°C, Turb=1.68NTU, Cond=1550.64µS/cm
📤 Capteur Rivière Nord: pH=7.24, Temp=16.95°C, Turb=2.05NTU, Cond=645.59µS/cm
📤 Capteur Rivière Sud: pH=7.30, Temp=18.42°C, Turb=3.00NTU, Cond=1111.76µS/cm
📤 Capteur Rivière Est: pH=4.34, Temp=20.51°C, Turb=2.27NTU, Cond=1483.35µS/cm
📤 Capteur Rivière Nord: pH=7.02, Temp=13.79°C, Turb=2.47NTU, Cond=730.06µS/cm
📤 Capteur Rivière Sud: pH=6.95, Temp=19.13°C, Turb=2.96NTU, Cond=1303.64µS/cm
📤 Capteur Rivière Est: pH=7.43, Temp=18.96°C, Turb=1.49NTU, Cond=1626.92µS/cm
📤 Capteur Rivière Nord: pH=7.01, Temp=15.79°C, Turb=2.43NTU, Cond=609.37µS/cm
📤 Capteur Rivière Sud: pH=7.23, Temp=18.43°C, Turb=2.56NTU, Cond=1009.30µS/cm
📤 Capteur Rivière Est: pH=7.54, Temp=19.47°C, Turb=1.65NTU, Cond=1439.45µS/cm
📤 Capteur Rivière Nord: pH=7.49, Temp=13.69°C, Turb=2.81NTU, Cond=902.94µS/cm
📤 Capteur Rivière Sud: pH=6.90, Temp=18.19°C, Turb=3.00NTU, Cond=1162.25µS/cm
📤 Capteur Rivière Est: pH=7.65, Temp=19.09°C, Turb=2.11NTU, Cond=1601.70µS/cm
📤 Capteur Rivière Nord: pH=7.16, Temp=14.06°C, Turb=2.54NTU, Cond=812.71µS/cm
📤 Capteur Rivière Sud: pH=7.18, Temp=17.78°C, Turb=3.50NTU, Cond=1063.53µS/cm
📤 Capteur Rivière Est: pH=7.45, Temp=20.48°C, Turb=1.62NTU, Cond=1639.61µS/cm
📤 Capteur Rivière Nord: pH=7.39, Temp=15.02°C, Turb=2.75NTU, Cond=636.72µS/cm
📤 Capteur Rivière Sud: pH=6.98, Temp=17.76°C, Turb=3.28NTU, Cond=1369.62µS/cm
📤 Capteur Rivière Est: pH=7.59, Temp=21.42°C, Turb=1.36NTU, Cond=1503.36µS/cm
📤 Capteur Rivière Nord: pH=7.04, Temp=15.39°C, Turb=2.81NTU, Cond=3388.59µS/cm
📤 Capteur Rivière Sud: pH=6.92, Temp=16.40°C, Turb=3.01NTU, Cond=1031.52µS/cm
📤 Capteur Rivière Est: pH=7.54, Temp=21.05°C, Turb=1.88NTU, Cond=1623.80µS/cm
📤 Capteur Rivière Nord: pH=7.20, Temp=13.59°C, Turb=2.81NTU, Cond=800.61µS/cm
📤 Capteur Rivière Sud: pH=6.99, Temp=16.71°C, Turb=2.58NTU, Cond=1150.88µS/cm
📤 Capteur Rivière Est: pH=7.74, Temp=18.15°C, Turb=2.28NTU, Cond=1387.65µS/cm
📤 Capteur Rivière Nord: pH=6.98, Temp=13.80°C, Turb=2.95NTU, Cond=703.55µS/cm
📤 Capteur Rivière Sud: pH=7.21, Temp=18.25°C, Turb=3.29NTU, Cond=1274.19µS/cm
📤 Capteur Rivière Est: pH=7.45, Temp=21.36°C, Turb=2.21NTU, Cond=1627.09µS/cm
📤 Capteur Rivière Nord: pH=7.36, Temp=14.08°C, Turb=2.51NTU, Cond=792.31µS/cm
📤 Capteur Rivière Sud: pH=7.22, Temp=19.73°C, Turb=2.67NTU, Cond=1334.16µS/cm
📤 Capteur Rivière Est: pH=7.38, Temp=19.58°C, Turb=1.39NTU, Cond=1666.85µS/cm
📤 Capteur Rivière Nord: pH=7.40, Temp=15.07°C, Turb=2.69NTU, Cond=935.01µS/cm
📤 Capteur Rivière Sud: pH=6.90, Temp=16.37°C, Turb=2.78NTU, Cond=1139.85µS/cm
📤 Capteur Rivière Est: pH=7.45, Temp=19.15°C, Turb=1.84NTU, Cond=1331.00µS/cm
📤 Capteur Rivière Nord: pH=7.39, Temp=34.00°C, Turb=2.17NTU, Cond=831.44µS/cm
📤 Capteur Rivière Sud: pH=6.84, Temp=16.95°C, Turb=2.98NTU, Cond=1342.93µS/cm
📤 Capteur Rivière Est: pH=7.68, Temp=20.91°C, Turb=1.71NTU, Cond=1382.99µS/cm
📤 Capteur Rivière Nord: pH=6.96, Temp=13.60°C, Turb=2.90NTU, Cond=678.99µS/cm
📤 Capteur Rivière Sud: pH=7.02, Temp=19.03°C, Turb=3.45NTU, Cond=1164.80µS/cm
📤 Capteur Rivière Est: pH=7.23, Temp=20.26°C, Turb=1.35NTU, Cond=1306.54µS/cm
📤 Capteur Rivière Nord: pH=7.25, Temp=15.35°C, Turb=2.79NTU, Cond=775.77µS/cm
📤 Capteur Rivière Sud: pH=7.12, Temp=17.68°C, Turb=3.17NTU, Cond=1089.65µS/cm
📤 Capteur Rivière Est: pH=7.71, Temp=21.19°C, Turb=1.30NTU, Cond=1484.30µS/cm
📤 Capteur Rivière Nord: pH=7.29, Temp=15.95°C, Turb=2.89NTU, Cond=674.26µS/cm
📤 Capteur Rivière Sud: pH=7.03, Temp=16.76°C, Turb=2.76NTU, Cond=1309.91µS/cm
📤 Capteur Rivière Est: pH=7.72, Temp=19.44°C, Turb=2.15NTU, Cond=1525.41µS/cm
📤 Capteur Rivière Nord: pH=7.12, Temp=14.31°C, Turb=2.22NTU, Cond=619.62µS/cm
📤 Capteur Rivière Sud: pH=6.73, Temp=19.35°C, Turb=2.56NTU, Cond=1155.77µS/cm
📤 Capteur Rivière Est: pH=7.59, Temp=21.78°C, Turb=2.10NTU, Cond=1541.77µS/cm
📤 Capteur Rivière Nord: pH=6.90, Temp=13.94°C, Turb=2.11NTU, Cond=741.21µS/cm
📤 Capteur Rivière Sud: pH=7.17, Temp=17.96°C, Turb=3.42NTU, Cond=1122.66µS/cm
📤 Capteur Rivière Est: pH=7.45, Temp=18.22°C, Turb=1.99NTU, Cond=1573.37µS/cm
📤 Capteur Rivière Nord: pH=7.41, Temp=16.30°C, Turb=2.34NTU, Cond=996.24µS/cm
📤 Capteur Rivière Sud: pH=6.90, Temp=19.06°C, Turb=3.38NTU, Cond=1384.26µS/cm
📤 Capteur Rivière Est: pH=7.30, Temp=20.24°C, Turb=1.58NTU, Cond=1527.24µS/cm
📤 Capteur Rivière Nord: pH=6.97, Temp=13.51°C, Turb=2.08NTU, Cond=905.88µS/cm
📤 Capteur Rivière Sud: pH=6.92, Temp=16.96°C, Turb=2.58NTU, Cond=1150.06µS/cm
📤 Capteur Rivière Est: pH=7.52, Temp=20.25°C, Turb=1.69NTU, Cond=1394.44µS/cm
📤 Capteur Rivière Nord: pH=7.11, Temp=14.80°C, Turb=2.17NTU, Cond=622.27µS/cm
📤 Capteur Rivière Sud: pH=7.07, Temp=16.82°C, Turb=2.69NTU, Cond=1021.86µS/cm
📤 Capteur Rivière Est: pH=7.45, Temp=21.79°C, Turb=1.74NTU, Cond=1319.50µS/cm
📤 Capteur Rivière Nord: pH=7.48, Temp=16.32°C, Turb=2.42NTU, Cond=980.54µS/cm
📤 Capteur Rivière Sud: pH=7.13, Temp=19.62°C, Turb=2.88NTU, Cond=1013.92µS/cm
📤 Capteur Rivière Est: pH=7.56, Temp=18.31°C, Turb=2.21NTU, Cond=1300.22µS/cm
📤 Capteur Rivière Nord: pH=7.35, Temp=14.42°C, Turb=2.18NTU, Cond=701.18µS/cm
📤 Capteur Rivière Sud: pH=6.73, Temp=18.98°C, Turb=3.33NTU, Cond=1211.91µS/cm
📤 Capteur Rivière Est: pH=7.40, Temp=21.11°C, Turb=2.29NTU, Cond=1544.88µS/cm
📤 Capteur Rivière Nord: pH=7.37, Temp=14.33°C, Turb=2.09NTU, Cond=932.66µS/cm
📤 Capteur Rivière Sud: pH=6.84, Temp=16.83°C, Turb=2.95NTU, Cond=1042.30µS/cm
📤 Capteur Rivière Est: pH=7.48, Temp=18.22°C, Turb=1.45NTU, Cond=1307.42µS/cm
📤 Capteur Rivière Nord: pH=7.17, Temp=14.80°C, Turb=2.08NTU, Cond=712.33µS/cm
📤 Capteur Rivière Sud: pH=6.77, Temp=17.94°C, Turb=2.69NTU, Cond=1201.68µS/cm
📤 Capteur Rivière Est: pH=7.65, Temp=19.40°C, Turb=1.42NTU, Cond=1514.69µS/cm
📤 Capteur Rivière Nord: pH=7.32, Temp=13.84°C, Turb=2.75NTU, Cond=770.64µS/cm
📤 Capteur Rivière Sud: pH=6.80, Temp=18.10°C, Turb=2.92NTU, Cond=1197.79µS/cm
📤 Capteur Rivière Est: pH=7.78, Temp=20.87°C, Turb=1.51NTU, Cond=1389.53µS/cm
📤 Capteur Rivière Nord: pH=7.15, Temp=14.35°C, Turb=2.12NTU, Cond=882.20µS/cm
📤 Capteur Rivière Sud: pH=6.94, Temp=19.80°C, Turb=3.39NTU, Cond=1354.73µS/cm
📤 Capteur Rivière Est: pH=7.22, Temp=19.43°C, Turb=2.19NTU, Cond=1550.19µS/cm
📤 Capteur Rivière Nord: pH=7.13, Temp=13.10°C, Turb=2.94NTU, Cond=993.00µS/cm
📤 Capteur Rivière Sud: pH=6.78, Temp=16.88°C, Turb=2.75NTU, Cond=1044.86µS/cm
📤 Capteur Rivière Est: pH=7.74, Temp=21.39°C, Turb=1.34NTU, Cond=1557.15µS/cm
📤 Capteur Rivière Nord: pH=7.19, Temp=15.96°C, Turb=2.34NTU, Cond=885.03µS/cm
📤 Capteur Rivière Sud: pH=3.96, Temp=18.06°C, Turb=2.99NTU, Cond=1212.71µS/cm
📤 Capteur Rivière Est: pH=7.46, Temp=21.93°C, Turb=1.35NTU, Cond=1484.90µS/cm
📤 Capteur Rivière Nord: pH=7.48, Temp=14.51°C, Turb=2.93NTU, Cond=905.74µS/cm
📤 Capteur Rivière Sud: pH=7.30, Temp=16.55°C, Turb=3.09NTU, Cond=1323.06µS/cm
📤 Capteur Rivière Est: pH=7.69, Temp=21.95°C, Turb=1.45NTU, Cond=1470.86µS/cm
📤 Capteur Rivière Nord: pH=9.26, Temp=13.19°C, Turb=2.25NTU, Cond=970.10µS/cm
📤 Capteur Rivière Sud: pH=6.78, Temp=16.89°C, Turb=2.68NTU, Cond=1048.27µS/cm
📤 Capteur Rivière Est: pH=7.24, Temp=19.14°C, Turb=1.49NTU, Cond=1480.63µS/cm
📤 Capteur Rivière Nord: pH=7.16, Temp=14.46°C, Turb=2.20NTU, Cond=928.12µS/cm
📤 Capteur Rivière Sud: pH=7.04, Temp=19.02°C, Turb=2.69NTU, Cond=1140.69µS/cm
📤 Capteur Rivière Est: pH=7.45, Temp=20.10°C, Turb=1.37NTU, Cond=1497.53µS/cm
📤 Capteur Rivière Nord: pH=6.95, Temp=16.27°C, Turb=2.00NTU, Cond=638.05µS/cm
📤 Capteur Rivière Sud: pH=6.85, Temp=16.18°C, Turb=3.08NTU, Cond=1287.03µS/cm
📤 Capteur Rivière Est: pH=7.29, Temp=19.37°C, Turb=2.22NTU, Cond=1441.22µS/cm
📤 Capteur Rivière Nord: pH=9.52, Temp=15.89°C, Turb=2.95NTU, Cond=978.81µS/cm
📤 Capteur Rivière Sud: pH=6.79, Temp=17.55°C, Turb=2.52NTU, Cond=1349.41µS/cm
📤 Capteur Rivière Est: pH=7.55, Temp=20.64°C, Turb=1.82NTU, Cond=1328.89µS/cm
📤 Capteur Rivière Nord: pH=7.45, Temp=13.94°C, Turb=2.27NTU, Cond=747.37µS/cm
📤 Capteur Rivière Sud: pH=7.06, Temp=18.50°C, Turb=3.14NTU, Cond=1299.26µS/cm
📤 Capteur Rivière Est: pH=7.51, Temp=21.63°C, Turb=1.39NTU, Cond=1571.83µS/cm
📤 Capteur Rivière Nord: pH=7.04, Temp=16.54°C, Turb=2.29NTU, Cond=979.49µS/cm
📤 Capteur Rivière Sud: pH=7.21, Temp=16.39°C, Turb=2.50NTU, Cond=1293.61µS/cm
📤 Capteur Rivière Est: pH=7.52, Temp=21.00°C, Turb=9.83NTU, Cond=1683.47µS/cm
📤 Capteur Rivière Nord: pH=6.95, Temp=14.52°C, Turb=2.06NTU, Cond=676.64µS/cm
📤 Capteur Rivière Sud: pH=7.27, Temp=18.05°C, Turb=3.41NTU, Cond=1102.52µS/cm
📤 Capteur Rivière Est: pH=7.39, Temp=21.38°C, Turb=1.88NTU, Cond=1507.33µS/cm
📤 Capteur Rivière Nord: pH=7.41, Temp=14.55°C, Turb=2.36NTU, Cond=646.17µS/cm
📤 Capteur Rivière Sud: pH=7.27, Temp=16.80°C, Turb=2.60NTU, Cond=1310.89µS/cm
📤 Capteur Rivière Est: pH=7.47, Temp=20.58°C, Turb=1.43NTU, Cond=1692.94µS/cm
📤 Capteur Rivière Nord: pH=7.41, Temp=15.40°C, Turb=2.82NTU, Cond=886.83µS/cm
📤 Capteur Rivière Sud: pH=7.02, Temp=16.28°C, Turb=2.92NTU, Cond=1010.34µS/cm
📤 Capteur Rivière Est: pH=9.56, Temp=21.87°C, Turb=2.22NTU, Cond=1480.25µS/cm
📤 Capteur Rivière Nord: pH=7.37, Temp=15.02°C, Turb=2.27NTU, Cond=784.67µS/cm
📤 Capteur Rivière Sud: pH=7.27, Temp=19.25°C, Turb=3.25NTU, Cond=1195.42µS/cm
📤 Capteur Rivière Est: pH=7.45, Temp=21.11°C, Turb=1.47NTU, Cond=1367.02µS/cm
📤 Capteur Rivière Nord: pH=7.41, Temp=13.78°C, Turb=2.77NTU, Cond=840.35µS/cm
📤 Capteur Rivière Sud: pH=6.71, Temp=19.23°C, Turb=2.61NTU, Cond=1399.35µS/cm
📤 Capteur Rivière Est: pH=7.40, Temp=19.04°C, Turb=1.33NTU, Cond=1637.00µS/cm
📤 Capteur Rivière Nord: pH=7.38, Temp=15.44°C, Turb=2.52NTU, Cond=760.43µS/cm
📤 Capteur Rivière Sud: pH=7.09, Temp=19.21°C, Turb=3.26NTU, Cond=1278.29µS/cm
📤 Capteur Rivière Est: pH=7.57, Temp=20.62°C, Turb=2.03NTU, Cond=1533.08µS/cm
📤 Capteur Rivière Nord: pH=7.17, Temp=16.69°C, Turb=2.99NTU, Cond=959.71µS/cm
📤 Capteur Rivière Sud: pH=6.96, Temp=19.53°C, Turb=2.69NTU, Cond=1317.79µS/cm
📤 Capteur Rivière Est: pH=7.32, Temp=18.84°C, Turb=1.71NTU, Cond=1431.53µS/cm
📤 Capteur Rivière Nord: pH=7.37, Temp=13.44°C, Turb=2.27NTU, Cond=846.18µS/cm
📤 Capteur Rivière Sud: pH=7.25, Temp=18.25°C, Turb=2.98NTU, Cond=1247.77µS/cm
📤 Capteur Rivière Est: pH=7.26, Temp=20.77°C, Turb=2.28NTU, Cond=1694.29µS/cm
📤 Capteur Rivière Nord: pH=7.33, Temp=15.66°C, Turb=2.48NTU, Cond=978.68µS/cm
📤 Capteur Rivière Sud: pH=7.01, Temp=16.77°C, Turb=3.41NTU, Cond=1023.00µS/cm
📤 Capteur Rivière Est: pH=7.76, Temp=19.51°C, Turb=1.43NTU, Cond=1617.24µS/cm
📤 Capteur Rivière Nord: pH=6.92, Temp=16.46°C, Turb=2.28NTU, Cond=680.54µS/cm
📤 Capteur Rivière Sud: pH=6.84, Temp=18.82°C, Turb=2.86NTU, Cond=1145.26µS/cm
📤 Capteur Rivière Est: pH=7.56, Temp=21.30°C, Turb=1.52NTU, Cond=1520.58µS/cm
📤 Capteur Rivière Nord: pH=7.44, Temp=16.79°C, Turb=2.38NTU, Cond=917.79µS/cm
📤 Capteur Rivière Sud: pH=7.22, Temp=18.02°C, Turb=3.49NTU, Cond=1254.24µS/cm
📤 Capteur Rivière Est: pH=7.72, Temp=20.48°C, Turb=1.59NTU, Cond=1373.19µS/cm
📤 Capteur Rivière Nord: pH=7.12, Temp=16.24°C, Turb=2.39NTU, Cond=974.99µS/cm
📤 Capteur Rivière Sud: pH=6.79, Temp=18.55°C, Turb=2.82NTU, Cond=3487.07µS/cm
📤 Capteur Rivière Est: pH=7.49, Temp=20.35°C, Turb=1.58NTU, Cond=1302.47µS/cm
📤 Capteur Rivière Nord: pH=7.37, Temp=16.90°C, Turb=2.99NTU, Cond=825.57µS/cm
📤 Capteur Rivière Sud: pH=6.98, Temp=18.19°C, Turb=3.48NTU, Cond=1049.40µS/cm
📤 Capteur Rivière Est: pH=7.78, Temp=20.04°C, Turb=1.55NTU, Cond=1374.21µS/cm
📤 Capteur Rivière Nord: pH=7.29, Temp=16.47°C, Turb=2.01NTU, Cond=702.28µS/cm
📤 Capteur Rivière Sud: pH=9.88, Temp=17.92°C, Turb=2.77NTU, Cond=1039.40µS/cm
📤 Capteur Rivière Est: pH=7.31, Temp=20.29°C, Turb=1.82NTU, Cond=1547.57µS/cm
📤 Capteur Rivière Nord: pH=7.07, Temp=16.41°C, Turb=2.77NTU, Cond=761.98µS/cm
📤 Capteur Rivière Sud: pH=6.87, Temp=18.55°C, Turb=2.94NTU, Cond=1162.03µS/cm
📤 Capteur Rivière Est: pH=7.75, Temp=20.31°C, Turb=1.46NTU, Cond=1433.33µS/cm
📤 Capteur Rivière Nord: pH=7.15, Temp=13.05°C, Turb=2.41NTU, Cond=765.98µS/cm
📤 Capteur Rivière Sud: pH=7.17, Temp=17.62°C, Turb=2.63NTU, Cond=1040.86µS/cm
📤 Capteur Rivière Est: pH=7.59, Temp=21.66°C, Turb=1.43NTU, Cond=1680.11µS/cm
📤 Capteur Rivière Nord: pH=7.05, Temp=16.76°C, Turb=2.09NTU, Cond=617.04µS/cm
📤 Capteur Rivière Sud: pH=6.76, Temp=16.74°C, Turb=2.96NTU, Cond=1393.29µS/cm
📤 Capteur Rivière Est: pH=3.70, Temp=20.65°C, Turb=1.58NTU, Cond=1506.15µS/cm
📤 Capteur Rivière Nord: pH=6.93, Temp=14.03°C, Turb=2.39NTU, Cond=912.07µS/cm
📤 Capteur Rivière Sud: pH=7.07, Temp=16.11°C, Turb=2.75NTU, Cond=1290.07µS/cm
📤 Capteur Rivière Est: pH=7.49, Temp=21.44°C, Turb=2.23NTU, Cond=1607.04µS/cm
📤 Capteur Rivière Nord: pH=7.01, Temp=14.97°C, Turb=2.24NTU, Cond=642.01µS/cm
📤 Capteur Rivière Sud: pH=6.85, Temp=18.63°C, Turb=3.33NTU, Cond=1219.36µS/cm
📤 Capteur Rivière Est: pH=7.32, Temp=19.29°C, Turb=2.23NTU, Cond=1537.26µS/cm
📤 Capteur Rivière Nord: pH=7.36, Temp=14.11°C, Turb=2.17NTU, Cond=858.52µS/cm
📤 Capteur Rivière Sud: pH=7.24, Temp=19.44°C, Turb=3.49NTU, Cond=1270.56µS/cm
📤 Capteur Rivière Est: pH=7.44, Temp=21.54°C, Turb=1.65NTU, Cond=1661.39µS/cm
📤 Capteur Rivière Nord: pH=7.29, Temp=14.71°C, Turb=2.04NTU, Cond=964.24µS/cm
📤 Capteur Rivière Sud: pH=7.28, Temp=17.02°C, Turb=3.16NTU, Cond=1278.74µS/cm
📤 Capteur Rivière Est: pH=4.26, Temp=21.59°C, Turb=2.11NTU, Cond=1675.22µS/cm
📤 Capteur Rivière Nord: pH=6.94, Temp=13.41°C, Turb=2.30NTU, Cond=655.58µS/cm
📤 Capteur Rivière Sud: pH=7.28, Temp=18.05°C, Turb=2.68NTU, Cond=1163.10µS/cm
📤 Capteur Rivière Est: pH=7.33, Temp=18.02°C, Turb=1.81NTU, Cond=1631.36µS/cm
📤 Capteur Rivière Nord: pH=7.24, Temp=16.24°C, Turb=2.20NTU, Cond=675.59µS/cm
📤 Capteur Rivière Sud: pH=7.25, Temp=16.61°C, Turb=3.34NTU, Cond=1364.17µS/cm
📤 Capteur Rivière Est: pH=7.31, Temp=20.53°C, Turb=1.69NTU, Cond=1625.21µS/cm
📤 Capteur Rivière Nord: pH=6.90, Temp=16.56°C, Turb=2.16NTU, Cond=800.94µS/cm
📤 Capteur Rivière Sud: pH=6.96, Temp=16.65°C, Turb=2.76NTU, Cond=1061.68µS/cm
📤 Capteur Rivière Est: pH=7.65, Temp=19.58°C, Turb=1.42NTU, Cond=1498.69µS/cm
📤 Capteur Rivière Nord: pH=7.04, Temp=15.32°C, Turb=2.27NTU, Cond=883.11µS/cm
📤 Capteur Rivière Sud: pH=6.71, Temp=19.94°C, Turb=3.43NTU, Cond=1276.35µS/cm
📤 Capteur Rivière Est: pH=7.40, Temp=18.29°C, Turb=2.00NTU, Cond=1346.13µS/cm
📤 Capteur Rivière Nord: pH=7.24, Temp=15.04°C, Turb=2.69NTU, Cond=859.79µS/cm
📤 Capteur Rivière Sud: pH=6.94, Temp=16.10°C, Turb=3.21NTU, Cond=1206.00µS/cm
📤 Capteur Rivière Est: pH=7.38, Temp=18.91°C, Turb=2.00NTU, Cond=1425.67µS/cm
📤 Capteur Rivière Nord: pH=7.36, Temp=15.86°C, Turb=2.90NTU, Cond=666.81µS/cm
📤 Capteur Rivière Sud: pH=7.11, Temp=19.56°C, Turb=2.72NTU, Cond=1334.43µS/cm
📤 Capteur Rivière Est: pH=7.20, Temp=20.70°C, Turb=2.04NTU, Cond=1660.03µS/cm
📤 Capteur Rivière Nord: pH=7.42, Temp=14.52°C, Turb=2.82NTU, Cond=843.70µS/cm
📤 Capteur Rivière Sud: pH=7.03, Temp=18.97°C, Turb=2.55NTU, Cond=1103.66µS/cm
📤 Capteur Rivière Est: pH=7.28, Temp=18.54°C, Turb=1.79NTU, Cond=1606.48µS/cm
📤 Capteur Rivière Nord: pH=7.40, Temp=15.70°C, Turb=3.00NTU, Cond=818.34µS/cm
📤 Capteur Rivière Sud: pH=7.14, Temp=16.80°C, Turb=3.02NTU, Cond=1274.08µS/cm
📤 Capteur Rivière Est: pH=7.57, Temp=21.12°C, Turb=1.45NTU, Cond=1372.84µS/cm
📤 Capteur Rivière Nord: pH=7.32, Temp=16.88°C, Turb=2.02NTU, Cond=639.02µS/cm
📤 Capteur Rivière Sud: pH=6.88, Temp=17.16°C, Turb=3.20NTU, Cond=1121.19µS/cm
📤 Capteur Rivière Est: pH=7.36, Temp=21.12°C, Turb=2.04NTU, Cond=1304.12µS/cm
📤 Capteur Rivière Nord: pH=7.32, Temp=15.07°C, Turb=2.77NTU, Cond=892.12µS/cm
📤 Capteur Rivière Sud: pH=6.88, Temp=18.14°C, Turb=2.93NTU, Cond=1215.19µS/cm
📤 Capteur Rivière Est: pH=7.41, Temp=20.21°C, Turb=2.22NTU, Cond=1494.28µS/cm
📤 Capteur Rivière Nord: pH=7.31, Temp=15.09°C, Turb=2.19NTU, Cond=751.39µS/cm
📤 Capteur Rivière Sud: pH=7.28, Temp=19.23°C, Turb=2.98NTU, Cond=1293.78µS/cm
📤 Capteur Rivière Est: pH=7.48, Temp=21.17°C, Turb=1.91NTU, Cond=1693.32µS/cm
📤 Capteur Rivière Nord: pH=7.38, Temp=13.86°C, Turb=2.24NTU, Cond=644.02µS/cm
📤 Capteur Rivière Sud: pH=7.24, Temp=19.43°C, Turb=2.83NTU, Cond=1240.40µS/cm
📤 Capteur Rivière Est: pH=7.60, Temp=19.76°C, Turb=1.61NTU, Cond=1479.40µS/cm
📤 Capteur Rivière Nord: pH=7.33, Temp=16.07°C, Turb=2.05NTU, Cond=728.16µS/cm
📤 Capteur Rivière Sud: pH=7.09, Temp=17.50°C, Turb=3.44NTU, Cond=1115.61µS/cm
📤 Capteur Rivière Est: pH=7.63, Temp=20.62°C, Turb=1.95NTU, Cond=1656.51µS/cm
📤 Capteur Rivière Nord: pH=7.14, Temp=16.14°C, Turb=2.75NTU, Cond=699.68µS/cm
📤 Capteur Rivière Sud: pH=7.23, Temp=17.06°C, Turb=3.47NTU, Cond=1214.54µS/cm
📤 Capteur Rivière Est: pH=7.36, Temp=18.17°C, Turb=1.66NTU, Cond=1482.45µS/cm
📤 Capteur Rivière Nord: pH=7.26, Temp=13.73°C, Turb=2.59NTU, Cond=790.18µS/cm
📤 Capteur Rivière Sud: pH=7.27, Temp=17.04°C, Turb=2.96NTU, Cond=1327.71µS/cm
📤 Capteur Rivière Est: pH=7.23, Temp=20.94°C, Turb=1.68NTU, Cond=1501.93µS/cm
